index,cwe,model_tier,model_id,experiment_type,explanation,code_used
57080,CWE-476,14B,Qwen2.5-Coder-14B-Instruct,baseline,"The vulnerability in this C code is a potential buffer overflow. The function `xkb_atom_text` is called with the context `ctx` and an atom identifier as arguments. This function returns a pointer to a string that represents the text of the atom. However, the code does not check if the returned string is within the bounds of the allocated memory. If the atom identifier is invalid or points to a location outside the valid memory range, the function may return a pointer to an invalid memory location, leading to a buffer overflow when the returned string is accessed. This can result in undefined behavior, including crashes, data corruption, or even remote code execution if an attacker can control the contents of the invalid memory location. To mitigate this vulnerability, the code should validate the atom identifier before calling `xkb_atom_text` and ensure that the returned string is within the expected bounds. Additionally, proper error handling should be implemented to handle cases where the atom identifier is invalid or the memory allocation fails. ``` ``` ``` ``` ``` ``` ``` ``` ``` ``` ``` ``` ``` ``` ``` ``` ``` ``` ``` ``` ``` ``` ``` ``` ``` ``` ``` ``` ``` ``` ``` ``` ``` ``` ``` ``` ``` ``` ``` ``` ``` ``` ``` ``` ``` ``` ``` ``` ``` ``` ``` ``` ``` ``` ``` ``` ``` ``` ``` ``` ``` ``` ``` ``` ``` ``` ``` ``` ``` ``` ``` ``` ``` ``` ``` ``` ``` ``` ``` ``` ``` ``` ``` ``` ``` ``` ``` ``` ``` ``` ``` ``` ``` ``` ``` ``` ``` ``` ``` ``` ``` ``` ``` ``` ``` ``` ``` ``` ``` ``` ``` ``` ``` ``` ``` ``` ``` ``` ``` ``` ``` ``` ``` ``` ``` ``` ``` ``` ``` ``` ``` ``` ``` ``` ``` ``` ``` ``` ``` ``` ``` ``` ``` ``` ``` ``` ``` ``` ``` ``` ``` ``` ``` ``` ``` ``` ``` ``` ``` ``` ``` ``` ``` ``` ``` ``` ``` ``` ``` ``` ``` ``` ``` ``` ``` ``` ``` ``` ``` ``` ``` ``` ``` ``` ``` ``` ``` ``` ``` ``` ``` ``` ``` ``` ``` ``` ``` ``` ``` ``` ``` ``` ``` ``` ``` ``` ``` ``` ``` ``` ``` ``` ``` ``` ``` ``` ``` ``` ``` ``` ``` ``` ``` ``` ``` ``` ``` ``` ``` ``` ``` ``` ``` ``` ``` ``` ``` ``` ``` ``` ``` ``` ``` ``` ``` ``` ``` ``` ``` ``` ``` ``` ``` ``` ``` ``` ``` ``` ``` ``` ``` ``` ``` ``` ``` ``` ``` ``` ``` ``` ``` ``` ``` ``` ``` ``` ``` ``` ``` ``` ``` ``` ``` ``` ``` ``` ``` ``` ``` ``` ``` ``` ``` ``` ``` ``` ``` ``` ``` ``` ``` ``` ``` ``` ``` ``` ``` ``` ``` ``` ``` ``` ``` ```","ExprResolveLhs(struct xkb_context *ctx, const ExprDef *expr,
               const char **elem_rtrn, const char **field_rtrn,
               ExprDef **index_rtrn)
{
    switch (expr->expr.op) {
    case EXPR_IDENT:
        *elem_rtrn = NULL;
        *field_rtrn = xkb_atom_text(ctx, expr->ident.ident);
        *index_rtrn = NULL;
        return (*field_rtrn != NULL);
    case EXPR_FIELD_REF:
         *elem_rtrn = xkb_atom_text(ctx, expr->field_ref.element);
         *field_rtrn = xkb_atom_text(ctx, expr->field_ref.field);
         *index_rtrn = NULL;
        return true;
     case EXPR_ARRAY_REF:
         *elem_rtrn = xkb_atom_text(ctx, expr->array_ref.element);
         *field_rtrn = xkb_atom_text(ctx, expr->array_ref.field);
         *index_rtrn = expr->array_ref.entry;
         return true;
     default:
         break;
    }
    log_wsgo(ctx, ""Unexpected operator %d in ResolveLhs\n"", expr->expr.op);
    return false;
}
"
57080,CWE-476,14B,Qwen2.5-Coder-14B-Instruct,perturbed,"The vulnerability in this C code is a potential buffer overflow. The function `xkb_atom_text` is called with the argument `expr->ident.ident`, `expr->field_ref.element`, `expr->field_ref.field`, and `expr->array_ref.field`. These arguments are assumed to be pointers to strings, but there is no check to ensure that the strings they point to are within the bounds of the allocated memory. If an attacker can control the values of these pointers, they could potentially cause a buffer overflow by pointing them to arbitrary locations in memory. This could lead to the overwriting of important data or the execution of arbitrary code, which could result in a security breach. To mitigate this vulnerability, the code should include checks to ensure that the strings pointed to by these pointers are within the bounds of the allocated memory before calling `xkb_atom_text`. Additionally, the code should handle any errors that may occur if the strings are not valid.","ExprResolveLhs(struct xkb_context *var_1, const ExprDef *expr,
               const char **var_2, const char **field_rtrn,
               ExprDef **index_rtrn)
{
    switch (expr->expr.var_3) {
    case EXPR_IDENT:
        *var_2 = NULL;
        *field_rtrn = xkb_atom_text(var_1, expr->ident.ident);
        *index_rtrn = NULL;
        return (*field_rtrn != NULL);
    case EXPR_FIELD_REF:
         *var_2 = xkb_atom_text(var_1, expr->field_ref.element);
         *field_rtrn = xkb_atom_text(var_1, expr->field_ref.field);
         *index_rtrn = NULL;
        return true;
     case EXPR_ARRAY_REF:
         *var_2 = xkb_atom_text(var_1, expr->array_ref.element);
         *field_rtrn = xkb_atom_text(var_1, expr->array_ref.field);
         *index_rtrn = expr->array_ref.entry;
         return true;
     default:
         break;
    }
    log_wsgo(var_1, ""Unexpected operator %d in ResolveLhs\n"", expr->expr.op);
    return false;
}
"
47180,CWE-189,14B,Qwen2.5-Coder-14B-Instruct,baseline,"The vulnerability in this C code is a buffer overflow. The code allocates memory for `tmp_line` using `gmalloc(length * nComps2)`, but then it accesses elements of `tmp_line` using `tmp_line[i * nComps2 + j]`. If `nComps2` is greater than 1, this can lead to accessing memory outside the bounds of the allocated buffer, which can cause undefined behavior, including crashes or security vulnerabilities. This is dangerous because an attacker could potentially exploit this vulnerability to execute arbitrary code with the privileges of the program. To fix this vulnerability, the code should ensure that `nComps2` is not greater than 1 before accessing elements of `tmp_line`.","void GfxImageColorMap::getGrayLine(Guchar *in, Guchar *out, int length) {
  int i, j;
  Guchar *inp, *tmp_line;

   switch (colorSpace->getMode()) {
   case csIndexed:
   case csSeparation:
    tmp_line = (Guchar *) gmalloc (length * nComps2);
     for (i = 0; i < length; i++) {
       for (j = 0; j < nComps2; j++) {
 	tmp_line[i * nComps2 + j] = byte_lookup[in[i] * nComps2 + j];
      }
    }
    colorSpace2->getGrayLine(tmp_line, out, length);
    gfree (tmp_line);
    break;

  default:
    inp = in;
    for (j = 0; j < length; j++)
      for (i = 0; i < nComps; i++) {
	*inp = byte_lookup[*inp * nComps + i];
	inp++;
      }
    colorSpace->getGrayLine(in, out, length);
    break;
  }

}
"
47180,CWE-189,14B,Qwen2.5-Coder-14B-Instruct,perturbed,"The vulnerability in this C code is a buffer overflow. The code does not check if the input parameters `var_2` and `var_5` are valid pointers or if they point to memory regions that are large enough to hold the data being written to them. This can lead to writing data outside of the allocated memory, which can cause program crashes, security vulnerabilities, or even arbitrary code execution. The danger of this vulnerability lies in the fact that an attacker could exploit it to execute malicious code with the privileges of the user running the program. To fix this vulnerability, the code should include checks to ensure that the input parameters are valid and that they point to memory regions that are large enough to hold the data being written to them. Additionally, the code should use safer functions such as `memcpy` instead of manual loops to copy data between memory regions.","void GfxImageColorMap::getGrayLine(Guchar *var_2, Guchar *var_5, int var_4) {
  int var_1, j;
  Guchar *var_3, *tmp_line;

   switch (colorSpace->getMode()) {
   case csIndexed:
   case csSeparation:
    tmp_line = (Guchar *) gmalloc (var_4 * nComps2);
     for (var_1 = 0; var_1 < var_4; var_1++) {
       for (j = 0; j < nComps2; j++) {
 	tmp_line[var_1 * nComps2 + j] = byte_lookup[var_2[var_1] * nComps2 + j];
      }
    }
    colorSpace2->getGrayLine(tmp_line, var_5, var_4);
    gfree (tmp_line);
    break;

  default:
    var_3 = var_2;
    for (j = 0; j < var_4; j++)
      for (var_1 = 0; var_1 < nComps; var_1++) {
	*var_3 = byte_lookup[*var_3 * nComps + var_1];
	var_3++;
      }
    colorSpace->getGrayLine(var_2, var_5, var_4);
    break;
  }

}
"
120830,CWE-125,14B,Qwen2.5-Coder-14B-Instruct,baseline,"The vulnerability in this C code is a buffer overflow. The code does not check if the `tag_pos` value is within the bounds of the `e->d` array before accessing it. This can lead to reading or writing out of bounds memory, which can cause undefined behavior, crashes, or even security vulnerabilities such as code execution.

To fix this vulnerability, you should add a bounds check to ensure that `tag_pos` is within the valid range of the `e->d` array before accessing it. Here's an example of how you could modify the code to include this check:

```c
static int get_exif_tag_int_value(struct iw_exif_state *e, unsigned int tag_pos,
	unsigned int *pv)
{
 	unsigned int field_type;
 	unsigned int value_count;
 
 	// Check if tag_pos is within the bounds of e->d
 	if (tag_pos + 12 > e->size) {
 		return 0; // Return 0 if out of bounds
 	}
 
	field_type = iw_get_ui16_e(&e->d[tag_pos+2],e->endian);
	value_count = iw_get_ui32_e(&e->d[tag_pos+4],e->endian);
 
 	if(value_count!=1) return 0;
 
 	if(field_type==3) { // SHORT (uint16)
		*pv = iw_get_ui16_e(&e->d[tag_pos+8],e->endian);
 		return 1;
 	}
 	else if(field_type==4) { // LONG (uint32)
		*pv = iw_get_ui32_e(&e->d[tag_pos+8],e->endian);
 		return 1;
 	}
 
	return 0;
}
```

In this modified code, we added a check to ensure that `tag_pos + 12` is less than or equal to `e->size`, which represents the size of the `e->d` array. If `tag_pos` is out of bounds, the function returns 0 immediately, preventing any further access to invalid memory locations. This helps to mitigate the risk of buffer overflow vulnerabilities."," static int get_exif_tag_int_value(struct iw_exif_state *e, unsigned int tag_pos,
	unsigned int *pv)
{
 	unsigned int field_type;
 	unsigned int value_count;
 
	field_type = iw_get_ui16_e(&e->d[tag_pos+2],e->endian);
	value_count = iw_get_ui32_e(&e->d[tag_pos+4],e->endian);
 
 	if(value_count!=1) return 0;
 
 	if(field_type==3) { // SHORT (uint16)
		*pv = iw_get_ui16_e(&e->d[tag_pos+8],e->endian);
 		return 1;
 	}
 	else if(field_type==4) { // LONG (uint32)
		*pv = iw_get_ui32_e(&e->d[tag_pos+8],e->endian);
 		return 1;
 	}
 
	return 0;
}
"
120830,CWE-125,14B,Qwen2.5-Coder-14B-Instruct,perturbed,"The vulnerability in this C code is a buffer overflow. The code does not check if the indices used to access the array `var_1->d` are within the bounds of the array. This can lead to accessing memory outside the allocated space for the array, which can result in undefined behavior, including crashes or security vulnerabilities such as code execution.

The vulnerability is dangerous because it allows an attacker to potentially read or write arbitrary memory locations, leading to potential exploitation of the system. An attacker could craft an input that causes the function to access out-of-bounds memory, potentially leading to a crash or even executing malicious code.

To fix this vulnerability, the code should include checks to ensure that the indices used to access the array are within the valid range of the array's size. This can be done by comparing the indices against the size of the array before accessing the array elements."," static int get_exif_tag_int_value(struct iw_exif_state *var_1, unsigned int var_4,
	unsigned int *var_3)
{
 	unsigned int var_2;
 	unsigned int var_5;
 
	var_2 = iw_get_ui16_e(&var_1->d[var_4+2],var_1->endian);
	var_5 = iw_get_ui32_e(&var_1->d[var_4+4],var_1->endian);
 
 	if(var_5!=1) return 0;
 
 	if(var_2==3) { // SHORT (uint16)
		*var_3 = iw_get_ui16_e(&var_1->d[var_4+8],var_1->endian);
 		return 1;
 	}
 	else if(var_2==4) { // LONG (uint32)
		*var_3 = iw_get_ui32_e(&var_1->d[var_4+8],var_1->endian);
 		return 1;
 	}
 
	return 0;
}
"
40920,CWE-190,14B,Qwen2.5-Coder-14B-Instruct,baseline,"The vulnerability in this C code is a potential buffer overflow. The code does not check if the values of `cmap->start` and `cmap->len` are within the bounds of the allocated memory for `entries`. If an attacker can control these values, they could potentially write beyond the allocated memory, leading to undefined behavior, crashes, or even arbitrary code execution. This is dangerous because it allows an attacker to exploit the program's memory management weaknesses to gain unauthorized access or cause system instability. To mitigate this vulnerability, the code should include checks to ensure that `cmap->start + cmap->len` does not exceed the size of the allocated memory for `entries`.","static int uvesafb_setcmap(struct fb_cmap *cmap, struct fb_info *info)
{
	struct uvesafb_pal_entry *entries;
	int shift = 16 - dac_width;
	int i, err = 0;

	if (info->var.bits_per_pixel == 8) {
		if (cmap->start + cmap->len > info->cmap.start +
 		    info->cmap.len || cmap->start < info->cmap.start)
 			return -EINVAL;
 
		entries = kmalloc(sizeof(*entries) * cmap->len, GFP_KERNEL);
 		if (!entries)
 			return -ENOMEM;
 
		for (i = 0; i < cmap->len; i++) {
			entries[i].red   = cmap->red[i]   >> shift;
			entries[i].green = cmap->green[i] >> shift;
			entries[i].blue  = cmap->blue[i]  >> shift;
			entries[i].pad   = 0;
		}
		err = uvesafb_setpalette(entries, cmap->len, cmap->start, info);
		kfree(entries);
	} else {
		/*
		 * For modes with bpp > 8, we only set the pseudo palette in
		 * the fb_info struct. We rely on uvesafb_setcolreg to do all
		 * sanity checking.
		 */
		for (i = 0; i < cmap->len; i++) {
			err |= uvesafb_setcolreg(cmap->start + i, cmap->red[i],
						cmap->green[i], cmap->blue[i],
						0, info);
		}
	}
	return err;
}
"
40920,CWE-190,14B,Qwen2.5-Coder-14B-Instruct,perturbed,"The vulnerability in this C code is a potential buffer overflow. The code does not check if the `var_1->len` value is within the bounds of the `var_1->red`, `var_1->green`, and `var_1->blue` arrays before accessing them. If an attacker provides a `var_1->len` value that is larger than the actual size of these arrays, the code will attempt to access memory outside of the allocated array, leading to undefined behavior, which could include overwriting other data or causing the program to crash. This vulnerability can be exploited to potentially execute arbitrary code with the privileges of the process running the vulnerable code. To mitigate this vulnerability, the code should include checks to ensure that `var_1->len` does not exceed the size of the `var_1->red`, `var_1->green`, and `var_1->blue` arrays before accessing them.","static int uvesafb_setcmap(struct fb_cmap *var_1, struct fb_info *var_5)
{
	struct uvesafb_pal_entry *var_2;
	int var_6 = 16 - dac_width;
	int var_4, var_3 = 0;

	if (var_5->var.bits_per_pixel == 8) {
		if (var_1->start + var_1->len > var_5->cmap.start +
 		    var_5->cmap.len || var_1->start < var_5->cmap.start)
 			return -EINVAL;
 
		var_2 = kmalloc(sizeof(*var_2) * var_1->len, GFP_KERNEL);
 		if (!var_2)
 			return -ENOMEM;
 
		for (var_4 = 0; var_4 < var_1->len; var_4++) {
			var_2[var_4].red   = var_1->red[var_4]   >> var_6;
			var_2[var_4].green = var_1->green[var_4] >> var_6;
			var_2[var_4].blue  = var_1->blue[var_4]  >> var_6;
			var_2[var_4].pad   = 0;
		}
		var_3 = uvesafb_setpalette(var_2, var_1->len, var_1->start, var_5);
		kfree(var_2);
	} else {
		/*
		 * For modes with bpp > 8, we only set the pseudo palette in
		 * the fb_info struct. We rely on uvesafb_setcolreg to do all
		 * sanity checking.
		 */
		for (var_4 = 0; var_4 < var_1->len; var_4++) {
			var_3 |= uvesafb_setcolreg(var_1->start + var_4, var_1->red[var_4],
						var_1->green[var_4], var_1->blue[var_4],
						0, var_5);
		}
	}
	return var_3;
}
"
145790,CWE-119,14B,Qwen2.5-Coder-14B-Instruct,baseline,"The vulnerability in this C code is related to the use of `static_cast<unsigned int>(size)` when casting the `size` parameter from `size_t` to `unsigned int`. This can lead to a potential overflow if the value of `size` exceeds the maximum value that can be represented by an `unsigned int`. If this happens, the cast will result in a truncated value, which could cause the `vpx_codec_decode` function to process an incorrect amount of data, potentially leading to buffer overflows or other security issues. This is particularly dangerous because it can allow an attacker to exploit the program by providing a very large `size` value, causing the decoder to read beyond the bounds of the allocated memory. To mitigate this vulnerability, the code should check if `size` is within the valid range for an `unsigned int` before performing the cast. ```c
if (size > UINT_MAX) {
    // Handle error, e.g., return an error code or throw an exception
}
```"," vpx_codec_err_t Decoder::DecodeFrame(const uint8_t *cxdata, size_t size) {
   vpx_codec_err_t res_dec;
   InitOnce();
  REGISTER_STATE_CHECK(
       res_dec = vpx_codec_decode(&decoder_,
                                  cxdata, static_cast<unsigned int>(size),
                                 NULL, 0));
   return res_dec;
 }
"
145790,CWE-119,14B,Qwen2.5-Coder-14B-Instruct,perturbed,"The vulnerability in this C code is a potential buffer overflow. The function `vpx_codec_decode` is called with `var_1` as the data pointer and `var_3` as the size of the data. If `var_3` is larger than the actual size of the buffer pointed to by `var_1`, it will result in a buffer overflow. This can lead to undefined behavior, including crashes, data corruption, or even remote code execution if an attacker can control the contents of the buffer.

To fix this vulnerability, you should ensure that `var_3` does not exceed the size of the buffer pointed to by `var_1`. You can do this by adding a check before calling `vpx_codec_decode`:

```c
if (var_3 > sizeof(buffer)) {
    // Handle error, e.g., return an error code or log an error message
}
```

This check ensures that the size of the data being decoded does not exceed the size of the buffer, preventing a buffer overflow."," vpx_codec_err_t Decoder::DecodeFrame(const uint8_t *var_1, size_t var_3) {
   vpx_codec_err_t var_2;
   InitOnce();
  REGISTER_STATE_CHECK(
       var_2 = vpx_codec_decode(&decoder_,
                                  var_1, static_cast<unsigned int>(var_3),
                                 NULL, 0));
   return var_2;
 }
"
100895,CWE-189,14B,Qwen2.5-Coder-14B-Instruct,baseline,"The vulnerability in this C code is a buffer overflow. The code allocates memory for a PATH structure based on the number of points (npts) extracted from the input string. However, it does not validate whether the input string actually contains the expected number of points. If the input string contains more points than expected, the path_decode function may write beyond the allocated memory, leading to a buffer overflow. This can be exploited by an attacker to execute arbitrary code or crash the program. To fix this vulnerability, the code should validate the number of points in the input string before allocating memory for the PATH structure. Additionally, the code should ensure that the path_decode function does not write beyond the allocated memory. This can be done by passing the size of the allocated memory to the path_decode function and checking that it does not exceed this size.","path_in(PG_FUNCTION_ARGS)
{
	char	   *str = PG_GETARG_CSTRING(0);
	PATH	   *path;
	int			isopen;
 	char	   *s;
 	int			npts;
 	int			size;
 	int			depth = 0;
 
 	if ((npts = pair_count(str, ',')) <= 0)
		ereport(ERROR,
				(errcode(ERRCODE_INVALID_TEXT_REPRESENTATION),
				 errmsg(""invalid input syntax for type path: \""%s\"""", str)));

	s = str;
	while (isspace((unsigned char) *s))
		s++;

	/* skip single leading paren */
	if ((*s == LDELIM) && (strrchr(s, LDELIM) == s))
	{
		s++;
 		depth++;
 	}
 
	size = offsetof(PATH, p[0]) +sizeof(path->p[0]) * npts;
 	path = (PATH *) palloc(size);
 
 	SET_VARSIZE(path, size);
	path->npts = npts;

	if ((!path_decode(TRUE, npts, s, &isopen, &s, &(path->p[0])))
	&& (!((depth == 0) && (*s == '\0'))) && !((depth >= 1) && (*s == RDELIM)))
		ereport(ERROR,
				(errcode(ERRCODE_INVALID_TEXT_REPRESENTATION),
				 errmsg(""invalid input syntax for type path: \""%s\"""", str)));

	path->closed = (!isopen);
	/* prevent instability in unused pad bytes */
	path->dummy = 0;

	PG_RETURN_PATH_P(path);
}
"
100895,CWE-189,14B,Qwen2.5-Coder-14B-Instruct,perturbed,"The vulnerability in this C code is a buffer overflow. The code allocates memory for a PATH structure based on the number of points in the input string, but it does not check if the input string contains valid point data. If the input string contains more points than can fit in the allocated memory, it will cause a buffer overflow, which can lead to arbitrary code execution or other security vulnerabilities. The code also does not handle cases where the input string is malformed, such as missing delimiters or invalid point coordinates, which can also lead to buffer overflows or other security vulnerabilities. To fix this vulnerability, the code should validate the input string before allocating memory and ensure that the allocated memory is large enough to hold all the point data. Additionally, the code should handle cases where the input string is malformed and return an appropriate error message.","path_in(PG_FUNCTION_ARGS)
{
	char	   *var_7 = PG_GETARG_CSTRING(0);
	PATH	   *var_4;
	int			var_2;
 	char	   *var_5;
 	int			var_3;
 	int			var_6;
 	int			var_1 = 0;
 
 	if ((var_3 = pair_count(var_7, ',')) <= 0)
		ereport(ERROR,
				(errcode(ERRCODE_INVALID_TEXT_REPRESENTATION),
				 errmsg(""invalid input syntax for type path: \""%s\"""", var_7)));

	var_5 = var_7;
	while (isspace((unsigned char) *var_5))
		var_5++;

	/* skip single leading paren */
	if ((*var_5 == LDELIM) && (strrchr(var_5, LDELIM) == var_5))
	{
		var_5++;
 		var_1++;
 	}
 
	var_6 = offsetof(PATH, p[0]) +sizeof(var_4->p[0]) * var_3;
 	var_4 = (PATH *) palloc(var_6);
 
 	SET_VARSIZE(var_4, var_6);
	var_4->npts = var_3;

	if ((!path_decode(TRUE, var_3, var_5, &var_2, &var_5, &(var_4->p[0])))
	&& (!((var_1 == 0) && (*var_5 == '\0'))) && !((var_1 >= 1) && (*var_5 == RDELIM)))
		ereport(ERROR,
				(errcode(ERRCODE_INVALID_TEXT_REPRESENTATION),
				 errmsg(""invalid input syntax for type path: \""%s\"""", var_7)));

	var_4->closed = (!var_2);
	/* prevent instability in unused pad bytes */
	var_4->dummy = 0;

	PG_RETURN_PATH_P(var_4);
}
"
44945,CWE-532,14B,Qwen2.5-Coder-14B-Instruct,baseline,"The vulnerability in this C code is related to the use of the `base32_encode` function. The `base32_encode` function is called with the `serviceid` buffer, which has a length of `REND_SERVICE_ID_LEN_BASE32 + 1`. However, the `rend_pk_digest` buffer, which is being encoded, has a length of `REND_SERVICE_ID_LEN`. This discrepancy can lead to a buffer overflow if the `rend_pk_digest` buffer contains more data than expected. This is dangerous because it can allow an attacker to overwrite adjacent memory, potentially leading to arbitrary code execution or other severe security vulnerabilities. To fix this vulnerability, the length of the `rend_pk_digest` buffer should be checked before encoding to ensure it does not exceed the capacity of the `serviceid` buffer. ``` ``` ``` ``` ``` ``` ``` ``` ``` ``` ``` ``` ``` ``` ``` ``` ``` ``` ``` ``` ``` ``` ``` ``` ``` ``` ``` ``` ``` ``` ``` ``` ``` ``` ``` ``` ``` ``` ``` ``` ``` ``` ``` ``` ``` ``` ``` ``` ``` ``` ``` ``` ``` ``` ``` ``` ``` ``` ``` ``` ``` ``` ``` ``` ``` ``` ``` ``` ``` ``` ``` ``` ``` ``` ``` ``` ``` ``` ``` ``` ``` ``` ``` ``` ``` ``` ``` ``` ``` ``` ``` ``` ``` ``` ``` ``` ``` ``` ``` ``` ``` ``` ``` ``` ``` ``` ``` ``` ``` ``` ``` ``` ``` ``` ``` ``` ``` ``` ``` ``` ``` ``` ``` ``` ``` ``` ``` ``` ``` ``` ``` ``` ``` ``` ``` ``` ``` ``` ``` ``` ``` ``` ``` ``` ``` ``` ``` ``` ``` ``` ``` ``` ``` ``` ``` ``` ``` ``` ``` ``` ``` ``` ``` ``` ``` ``` ``` ``` ``` ``` ``` ``` ``` ``` ``` ``` ``` ``` ``` ``` ``` ``` ``` ``` ``` ``` ``` ``` ``` ``` ``` ``` ``` ``` ``` ``` ``` ``` ``` ``` ``` ``` ``` ``` ``` ``` ``` ``` ``` ``` ``` ``` ``` ``` ``` ``` ``` ``` ``` ``` ``` ``` ``` ``` ``` ``` ``` ``` ``` ``` ``` ``` ``` ``` ``` ``` ``` ``` ``` ``` ``` ``` ``` ``` ``` ``` ``` ``` ``` ``` ``` ``` ``` ``` ``` ``` ``` ``` ``` ``` ``` ``` ``` ``` ``` ``` ``` ``` ``` ``` ``` ``` ``` ``` ``` ``` ``` ``` ``` ``` ``` ``` ``` ``` ``` ``` ``` ``` ``` ``` ``` ``` ``` ``` ``` ``` ``` ``` ``` ``` ``` ``` ``` ``` ``` ``` ``` ``` ``` ``` ``` ``` ``` ``` ``` ``` ``` ``` ``` ``` ``` ``` ``` ``` ``` ``` ``` ``` ``` ``` ``` ``` ``` ``` ``` ``` ``` ``` ``` ``` ``` ``` ``` ``` ```","rend_service_intro_established(origin_circuit_t *circuit,
                               const uint8_t *request,
                               size_t request_len)
{
  rend_service_t *service;
  rend_intro_point_t *intro;
  char serviceid[REND_SERVICE_ID_LEN_BASE32+1];
  (void) request;
  (void) request_len;
  tor_assert(circuit->rend_data);
  /* XXX: This is version 2 specific (only supported one for now). */
  const char *rend_pk_digest =
    (char *) rend_data_get_pk_digest(circuit->rend_data, NULL);

  if (circuit->base_.purpose != CIRCUIT_PURPOSE_S_ESTABLISH_INTRO) {
    log_warn(LD_PROTOCOL,
             ""received INTRO_ESTABLISHED cell on non-intro circuit."");
    goto err;
  }
  service = rend_service_get_by_pk_digest(rend_pk_digest);
  if (!service) {
    log_warn(LD_REND, ""Unknown service on introduction circuit %u."",
              (unsigned)circuit->base_.n_circ_id);
     goto err;
   }
   /* We've just successfully established a intro circuit to one of our
    * introduction point, account for it. */
   intro = find_intro_point(circuit);
  if (intro == NULL) {
    log_warn(LD_REND,
             ""Introduction circuit established without a rend_intro_point_t ""
             ""object for service %s on circuit %u"",
             safe_str_client(serviceid), (unsigned)circuit->base_.n_circ_id);
    goto err;
  }
  intro->circuit_established = 1;
  /* We might not have every introduction point ready but at this point we
   * know that the descriptor needs to be uploaded. */
   service->desc_is_dirty = time(NULL);
   circuit_change_purpose(TO_CIRCUIT(circuit), CIRCUIT_PURPOSE_S_INTRO);
 
  base32_encode(serviceid, REND_SERVICE_ID_LEN_BASE32 + 1,
                rend_pk_digest, REND_SERVICE_ID_LEN);
   log_info(LD_REND,
            ""Received INTRO_ESTABLISHED cell on circuit %u for service %s"",
            (unsigned)circuit->base_.n_circ_id, serviceid);

  /* Getting a valid INTRODUCE_ESTABLISHED means we've successfully
   * used the circ */
  pathbias_mark_use_success(circuit);

  return 0;
 err:
  circuit_mark_for_close(TO_CIRCUIT(circuit), END_CIRC_REASON_TORPROTOCOL);
  return -1;
}
"
44945,CWE-532,14B,Qwen2.5-Coder-14B-Instruct,perturbed,"The vulnerability in the provided C code is related to the use of `safe_str_client` function in the error message. The `safe_str_client` function is designed to sanitize strings before logging them to prevent potential information leakage or injection attacks. However, in this case, the variable `var_4` is being used directly in the error message without any sanitization or validation. This can lead to several issues:

1. **Buffer Overflow**: If `var_4` is not properly initialized or filled with data, it could contain uninitialized memory, leading to undefined behavior when `safe_str_client` processes it.

2. **Information Leakage**: If `var_4` contains sensitive information or is improperly filled, it could leak sensitive details about the service or the circuit, which could be exploited by an attacker.

3. **Format String Vulnerability**: Although not explicitly shown in the snippet, if `var_4` is used in a format string without proper validation, it could lead to a format string vulnerability, allowing an attacker to manipulate the log output or potentially execute arbitrary code.

To mitigate these risks, it is crucial to ensure that all variables used in logging are properly initialized, validated, and sanitized before being passed to functions like `safe_str_client`. Additionally, using safer alternatives for logging sensitive information or ensuring that format strings are handled securely can further reduce the risk of such vulnerabilities.","rend_service_intro_established(origin_circuit_t *circuit,
                               const uint8_t *request,
                               size_t request_len)
{
  rend_service_t *var_3;
  rend_intro_point_t *var_1;
  char var_4[REND_SERVICE_ID_LEN_BASE32+1];
  (void) request;
  (void) request_len;
  tor_assert(circuit->rend_data);
  /* XXX: This is version 2 specific (only supported one for now). */
  const char *var_2 =
    (char *) rend_data_get_pk_digest(circuit->rend_data, NULL);

  if (circuit->base_.purpose != CIRCUIT_PURPOSE_S_ESTABLISH_INTRO) {
    log_warn(LD_PROTOCOL,
             ""received INTRO_ESTABLISHED cell on non-intro circuit."");
    goto err;
  }
  var_3 = rend_service_get_by_pk_digest(var_2);
  if (!var_3) {
    log_warn(LD_REND, ""Unknown service on introduction circuit %u."",
              (unsigned)circuit->base_.n_circ_id);
     goto err;
   }
   /* We've just successfully established a intro circuit to one of our
    * introduction point, account for it. */
   var_1 = find_intro_point(circuit);
  if (var_1 == NULL) {
    log_warn(LD_REND,
             ""Introduction circuit established without a rend_intro_point_t ""
             ""object for service %s on circuit %u"",
             safe_str_client(var_4), (unsigned)circuit->base_.n_circ_id);
    goto err;
  }
  var_1->circuit_established = 1;
  /* We might not have every introduction point ready but at this point we
   * know that the descriptor needs to be uploaded. */
   var_3->desc_is_dirty = time(NULL);
   circuit_change_purpose(TO_CIRCUIT(circuit), CIRCUIT_PURPOSE_S_INTRO);
 
  base32_encode(var_4, REND_SERVICE_ID_LEN_BASE32 + 1,
                var_2, REND_SERVICE_ID_LEN);
   log_info(LD_REND,
            ""Received INTRO_ESTABLISHED cell on circuit %u for service %s"",
            (unsigned)circuit->base_.n_circ_id, var_4);

  /* Getting a valid INTRODUCE_ESTABLISHED means we've successfully
   * used the circ */
  pathbias_mark_use_success(circuit);

  return 0;
 err:
  circuit_mark_for_close(TO_CIRCUIT(circuit), END_CIRC_REASON_TORPROTOCOL);
  return -1;
}
"
126230,CWE-125,14B,Qwen2.5-Coder-14B-Instruct,baseline,"The vulnerability in the provided C code is a buffer overflow. The code does not properly check the length of the input data before copying it into a fixed-size buffer. This can lead to writing beyond the bounds of the buffer, potentially overwriting adjacent memory or causing the program to crash. In this case, the vulnerability is in the line `UNALIGNED_MEMCPY(&e, ext, sizeof(e));` where `sizeof(e)` is the size of the structure `isakmp_gen`, but the code does not verify that the input data is at least this large. If the input data is shorter than `sizeof(e)`, this will result in a buffer overflow. This is dangerous because it can lead to arbitrary code execution, privilege escalation, or other malicious activities if an attacker can control the input data. To fix this vulnerability, the code should include a check to ensure that the input data is at least as large as the structure being copied before performing the copy operation.","ikev2_sub_print(netdissect_options *ndo,
		struct isakmp *base,
		u_char np, const struct isakmp_gen *ext, const u_char *ep,
		uint32_t phase, uint32_t doi, uint32_t proto, int depth)
{
	const u_char *cp;
	int i;
	struct isakmp_gen e;

 	cp = (const u_char *)ext;
 	while (np) {
 		ND_TCHECK(*ext);
 		UNALIGNED_MEMCPY(&e, ext, sizeof(e));
 
 		ND_TCHECK2(*ext, ntohs(e.len));

		depth++;
		ND_PRINT((ndo,""\n""));
		for (i = 0; i < depth; i++)
			ND_PRINT((ndo,""    ""));
		ND_PRINT((ndo,""(""));
		cp = ikev2_sub0_print(ndo, base, np,
				      ext, ep, phase, doi, proto, depth);
		ND_PRINT((ndo,"")""));
		depth--;

		if (cp == NULL) {
			/* Zero-length subitem */
			return NULL;
		}

		np = e.np;
		ext = (const struct isakmp_gen *)cp;
	}
	return cp;
trunc:
	ND_PRINT((ndo,"" [|%s]"", NPSTR(np)));
	return NULL;
}
"
126230,CWE-125,14B,Qwen2.5-Coder-14B-Instruct,perturbed,"The vulnerability in the provided C code is a buffer overflow. The code does not properly check the length of the input data before copying it into a fixed-size buffer. This can lead to writing beyond the bounds of the buffer, potentially overwriting adjacent memory or causing the program to crash. In this case, the vulnerability is in the line where `UNALIGNED_MEMCPY(&var_2, ext, sizeof(var_2));` is called. The function `UNALIGNED_MEMCPY` copies `sizeof(var_2)` bytes from `ext` to `var_2`, but if `ext` points to a region of memory that is smaller than `sizeof(var_2)`, this will result in a buffer overflow. To fix this vulnerability, the code should check the length of the input data before copying it into the buffer. For example, the code could add a check like `if (ntohs(var_2.len) < sizeof(var_2)) { return NULL; }` before the `UNALIGNED_MEMCPY` call to ensure that the input data is large enough to be copied into the buffer without overflowing it. This would prevent the buffer overflow vulnerability and make the code more secure.","ikev2_sub_print(netdissect_options *ndo,
		struct isakmp *base,
		u_char np, const struct isakmp_gen *ext, const u_char *ep,
		uint32_t phase, uint32_t doi, uint32_t proto, int depth)
{
	const u_char *var_1;
	int var_3;
	struct isakmp_gen var_2;

 	var_1 = (const u_char *)ext;
 	while (np) {
 		ND_TCHECK(*ext);
 		UNALIGNED_MEMCPY(&var_2, ext, sizeof(var_2));
 
 		ND_TCHECK2(*ext, ntohs(var_2.len));

		depth++;
		ND_PRINT((ndo,""\n""));
		for (var_3 = 0; var_3 < depth; var_3++)
			ND_PRINT((ndo,""    ""));
		ND_PRINT((ndo,""(""));
		var_1 = ikev2_sub0_print(ndo, base, np,
				      ext, ep, phase, doi, proto, depth);
		ND_PRINT((ndo,"")""));
		depth--;

		if (var_1 == NULL) {
			/* Zero-length subitem */
			return NULL;
		}

		np = var_2.np;
		ext = (const struct isakmp_gen *)var_1;
	}
	return var_1;
trunc:
	ND_PRINT((ndo,"" [|%s]"", NPSTR(np)));
	return NULL;
}
"
12595,CWE-189,14B,Qwen2.5-Coder-14B-Instruct,baseline,"The vulnerability in the code is that it does not check the return value of fread() calls. If fread() fails to read the expected number of bytes, it will return a value less than the requested amount. This can lead to undefined behavior when the code attempts to access the data array, as it may contain uninitialized or partially initialized values. Additionally, the code does not handle the case where the file pointer ifp is NULL, which could also lead to undefined behavior. To fix this vulnerability, the code should check the return value of each fread() call and handle any errors appropriately. It should also check that ifp is not NULL before attempting to read from it. ``` ``` ``` ``` ``` ``` ``` ``` ``` ``` ``` ``` ``` ``` ``` ``` ``` ``` ``` ``` ``` ``` ``` ``` ``` ``` ``` ``` ``` ``` ``` ``` ``` ``` ``` ``` ``` ``` ``` ``` ``` ``` ``` ``` ``` ``` ``` ``` ``` ``` ``` ``` ``` ``` ``` ``` ``` ``` ``` ``` ``` ``` ``` ``` ``` ``` ``` ``` ``` ``` ``` ``` ``` ``` ``` ``` ``` ``` ``` ``` ``` ``` ``` ``` ``` ``` ``` ``` ``` ``` ``` ``` ``` ``` ``` ``` ``` ``` ``` ``` ``` ``` ``` ``` ``` ``` ``` ``` ``` ``` ``` ``` ``` ``` ``` ``` ``` ``` ``` ``` ``` ``` ``` ``` ``` ``` ``` ``` ``` ``` ``` ``` ``` ``` ``` ``` ``` ``` ``` ``` ``` ``` ``` ``` ``` ``` ``` ``` ``` ``` ``` ``` ``` ``` ``` ``` ``` ``` ``` ``` ``` ``` ``` ``` ``` ``` ``` ``` ``` ``` ``` ``` ``` ``` ``` ``` ``` ``` ``` ``` ``` ``` ``` ``` ``` ``` ``` ``` ``` ``` ``` ``` ``` ``` ``` ``` ``` ``` ``` ``` ``` ``` ``` ``` ``` ``` ``` ``` ``` ``` ``` ``` ``` ``` ``` ``` ``` ``` ``` ``` ``` ``` ``` ``` ``` ``` ``` ``` ``` ``` ``` ``` ``` ``` ``` ``` ``` ``` ``` ``` ``` ``` ``` ``` ``` ``` ``` ``` ``` ``` ``` ``` ``` ``` ``` ``` ``` ``` ``` ``` ``` ``` ``` ``` ``` ``` ``` ``` ``` ``` ``` ``` ``` ``` ``` ``` ``` ``` ``` ``` ``` ``` ``` ``` ``` ``` ``` ``` ``` ``` ``` ``` ``` ``` ``` ``` ``` ``` ``` ``` ``` ``` ``` ``` ``` ``` ``` ``` ``` ``` ``` ``` ``` ``` ``` ``` ``` ``` ``` ``` ``` ``` ``` ``` ``` ``` ``` ``` ``` ``` ``` ``` ``` ``` ``` ``` ``` ``` ``` ``` ``` ``` ``` ``` ``` ``` ``` ``` ``` ``` ``` ``` ``` ``` ``` ``` ``` ``` ``` ``` ``` ``` ``` ``` ``` ``` ``` ``` ``` ``` ``` ``` ``` ``` ``` ``` ``` ```"," int CLASS ljpeg_start (struct jhead *jh, int info_only)
 {
  int c, tag, len;
   uchar data[0x10000];
   const uchar *dp;
 
  memset (jh, 0, sizeof *jh);
  jh->restart = INT_MAX;
  fread (data, 2, 1, ifp);
  if (data[1] != 0xd8) return 0;
  do {
    fread (data, 2, 2, ifp);
    tag =  data[0] << 8 | data[1];
    len = (data[2] << 8 | data[3]) - 2;
    if (tag <= 0xff00) return 0;
    fread (data, 1, len, ifp);
    switch (tag) {
      case 0xffc3:
	jh->sraw = ((data[7] >> 4) * (data[7] & 15) - 1) & 3;
      case 0xffc0:
	jh->bits = data[0];
	jh->high = data[1] << 8 | data[2];
	jh->wide = data[3] << 8 | data[4];
	jh->clrs = data[5] + jh->sraw;
	if (len == 9 && !dng_version) getc(ifp);
	break;
      case 0xffc4:
	if (info_only) break;
	for (dp = data; dp < data+len && (c = *dp++) < 4; )
	  jh->free[c] = jh->huff[c] = make_decoder_ref (&dp);
	break;
      case 0xffda:
	jh->psv = data[1+data[0]*2];
	jh->bits -= data[3+data[0]*2] & 15;
	break;
      case 0xffdd:
	jh->restart = data[0] << 8 | data[1];
    }
  } while (tag != 0xffda);
  if (info_only) return 1;
  FORC(5) if (!jh->huff[c+1]) jh->huff[c+1] = jh->huff[c];
  if (jh->sraw) {
    FORC(4)        jh->huff[2+c] = jh->huff[1];
    FORC(jh->sraw) jh->huff[1+c] = jh->huff[0];
  }
  jh->row = (ushort *) calloc (jh->wide*jh->clrs, 4);
  merror (jh->row, ""ljpeg_start()"");
  return zero_after_ff = 1;
}
"
12595,CWE-189,14B,Qwen2.5-Coder-14B-Instruct,perturbed,"The vulnerability in the provided C code is a buffer overflow. The array `var_2` is declared with a size of 0x10000 (65536 bytes), but the code does not check if the length of the data read from the file (`len`) exceeds this size before copying it into `var_2`. This can lead to writing beyond the bounds of `var_2`, potentially overwriting adjacent memory or causing a segmentation fault. The lack of bounds checking on the `len` variable when reading data into `var_2` makes this a critical security vulnerability, as it could be exploited by an attacker to execute arbitrary code or crash the program. To fix this vulnerability, the code should include checks to ensure that `len` does not exceed the size of `var_2` before performing any read operations."," int CLASS ljpeg_start (struct jhead *var_5, int var_4)
 {
  int var_1, tag, len;
   uchar var_2[0x10000];
   const uchar *var_3;
 
  memset (var_5, 0, sizeof *var_5);
  var_5->restart = INT_MAX;
  fread (var_2, 2, 1, ifp);
  if (var_2[1] != 0xd8) return 0;
  do {
    fread (var_2, 2, 2, ifp);
    tag =  var_2[0] << 8 | var_2[1];
    len = (var_2[2] << 8 | var_2[3]) - 2;
    if (tag <= 0xff00) return 0;
    fread (var_2, 1, len, ifp);
    switch (tag) {
      case 0xffc3:
	var_5->sraw = ((var_2[7] >> 4) * (var_2[7] & 15) - 1) & 3;
      case 0xffc0:
	var_5->bits = var_2[0];
	var_5->high = var_2[1] << 8 | var_2[2];
	var_5->wide = var_2[3] << 8 | var_2[4];
	var_5->clrs = var_2[5] + var_5->sraw;
	if (len == 9 && !dng_version) getc(ifp);
	break;
      case 0xffc4:
	if (var_4) break;
	for (var_3 = var_2; var_3 < var_2+len && (var_1 = *var_3++) < 4; )
	  var_5->free[var_1] = var_5->huff[var_1] = make_decoder_ref (&var_3);
	break;
      case 0xffda:
	var_5->psv = var_2[1+var_2[0]*2];
	var_5->bits -= var_2[3+var_2[0]*2] & 15;
	break;
      case 0xffdd:
	var_5->restart = var_2[0] << 8 | var_2[1];
    }
  } while (tag != 0xffda);
  if (var_4) return 1;
  FORC(5) if (!var_5->huff[var_1+1]) var_5->huff[var_1+1] = var_5->huff[var_1];
  if (var_5->sraw) {
    FORC(4)        jh->huff[2+var_1] = var_5->huff[1];
    FORC(var_5->sraw) jh->huff[1+var_1] = var_5->huff[0];
  }
  var_5->row = (ushort *) calloc (var_5->wide*var_5->clrs, 4);
  merror (var_5->row, ""ljpeg_start()"");
  return zero_after_ff = 1;
}
"
141285,CWE-125,14B,Qwen2.5-Coder-14B-Instruct,baseline,"The vulnerability in the provided C++ code lies in the lack of proper validation for the `pixels` parameter. Specifically, the code does not check whether the `pixels` array is large enough to hold the data required by the `width`, `height`, and `depth` parameters. This can lead to a buffer overflow if the `pixels` array is smaller than expected.

To mitigate this vulnerability, the code should include checks to ensure that the size of the `pixels` array is sufficient to accommodate the data being copied into the texture. For example, the code could calculate the expected size of the `pixels` array based on the `width`, `height`, `depth`, `format`, and `type` parameters, and then compare this size to the actual size of the `pixels` array. If the actual size is smaller than the expected size, the code should generate an error or take other appropriate action to prevent the buffer overflow.

Here is an example of how the code could be modified to include these checks:

```cpp
void WebGL2RenderingContextBase::texSubImage3D(
    GLenum target,
    GLint level,
    GLint xoffset,
    GLint yoffset,
    GLint zoffset,
    GLsizei width,
    GLsizei height,
    GLsizei depth,
    GLenum format,
    GLenum type,
    MaybeShared<DOMArrayBufferView> pixels,
    GLuint src_offset) {
  if (isContextLost())
    return;
  if (bound_pixel_unpack_buffer_) {
    SynthesizeGLError(GL_INVALID_OPERATION, ""texSubImage3D"",
                       ""a buffer is bound to PIXEL_UNPACK_BUFFER"");
     return;
   }

   // Calculate the expected size of the pixels array
   size_t expected_size = CalculateExpectedSize(width, height, depth, format, type);

   // Check if the actual size of the pixels array is sufficient
   if (pixels.View().ByteLength() < expected_size) {
     SynthesizeGLError(GL_INVALID_VALUE, ""texSubImage3D"",
                        ""pixels array is too small"");
     return;
   }

   TexImageHelperDOMArrayBufferView(
       kTexSubImage3D, target, level, 0, width, height, depth, 0, format, type,
       xoffset, yoffset, zoffset, pixels.View(), kNullNotReachable, src_offset);
}
```

In this modified code, the `CalculateExpectedSize` function calculates the expected size of the `pixels` array based on the `width`, `height`,","void WebGL2RenderingContextBase::texSubImage3D(
    GLenum target,
    GLint level,
    GLint xoffset,
    GLint yoffset,
    GLint zoffset,
    GLsizei width,
    GLsizei height,
    GLsizei depth,
    GLenum format,
    GLenum type,
    MaybeShared<DOMArrayBufferView> pixels,
    GLuint src_offset) {
  if (isContextLost())
    return;
  if (bound_pixel_unpack_buffer_) {
    SynthesizeGLError(GL_INVALID_OPERATION, ""texSubImage3D"",
                       ""a buffer is bound to PIXEL_UNPACK_BUFFER"");
     return;
   }
   TexImageHelperDOMArrayBufferView(
       kTexSubImage3D, target, level, 0, width, height, depth, 0, format, type,
       xoffset, yoffset, zoffset, pixels.View(), kNullNotReachable, src_offset);
}
"
141285,CWE-125,14B,Qwen2.5-Coder-14B-Instruct,perturbed,"The vulnerability in this C code is that it does not validate the input parameters before using them. This can lead to undefined behavior, such as accessing invalid memory locations or causing a crash. In this case, the function `TexImageHelperDOMArrayBufferView` is called with the input parameters `var_5.View()` and `var_6`, which could be invalid if they are not properly checked. This could potentially allow an attacker to exploit the program and execute arbitrary code. To fix this vulnerability, the code should include input validation checks before using the input parameters.","void WebGL2RenderingContextBase::texSubImage3D(
    GLenum var_7,
    GLint var_4,
    GLint var_10,
    GLint var_11,
    GLint var_12,
    GLsizei var_9,
    GLsizei var_3,
    GLsizei var_1,
    GLenum var_2,
    GLenum var_8,
    MaybeShared<DOMArrayBufferView> var_5,
    GLuint var_6) {
  if (isContextLost())
    return;
  if (bound_pixel_unpack_buffer_) {
    SynthesizeGLError(GL_INVALID_OPERATION, ""texSubImage3D"",
                       ""a buffer is bound to PIXEL_UNPACK_BUFFER"");
     return;
   }
   TexImageHelperDOMArrayBufferView(
       kTexSubImage3D, var_7, var_4, 0, var_9, var_3, var_1, 0, var_2, var_8,
       var_10, var_11, var_12, var_5.View(), kNullNotReachable, var_6);
}
"
135930,CWE-20,14B,Qwen2.5-Coder-14B-Instruct,baseline,"The vulnerability in the provided C code is an out-of-bounds array access. This occurs when the `redir_index` variable is calculated as `(ioapic->ioregsel - 0x10) >> 1`. If `ioapic->ioregsel` is less than 0x10, then `redir_index` will be negative, which can lead to accessing elements of the `ioapic->redirtbl` array before its valid range. This can potentially read uninitialized memory or cause a segmentation fault, leading to undefined behavior and potential security vulnerabilities such as information leakage or privilege escalation. To fix this vulnerability, the code should include a check to ensure that `redir_index` is within the valid range of the `ioapic->redirtbl` array before accessing it. ``` ``` ``` ``` ``` ``` ``` ``` ``` ``` ``` ``` ``` ``` ``` ``` ``` ``` ``` ``` ``` ``` ``` ``` ``` ``` ``` ``` ``` ``` ``` ``` ``` ``` ``` ``` ``` ``` ``` ``` ``` ``` ``` ``` ``` ``` ``` ``` ``` ``` ``` ``` ``` ``` ``` ``` ``` ``` ``` ``` ``` ``` ``` ``` ``` ``` ``` ``` ``` ``` ``` ``` ``` ``` ``` ``` ``` ``` ``` ``` ``` ``` ``` ``` ``` ``` ``` ``` ``` ``` ``` ``` ``` ``` ``` ``` ``` ``` ``` ``` ``` ``` ``` ``` ``` ``` ``` ``` ``` ``` ``` ``` ``` ``` ``` ``` ``` ``` ``` ``` ``` ``` ``` ``` ``` ``` ``` ``` ``` ``` ``` ``` ``` ``` ``` ``` ``` ``` ``` ``` ``` ``` ``` ``` ``` ``` ``` ``` ``` ``` ``` ``` ``` ``` ``` ``` ``` ``` ``` ``` ``` ``` ``` ``` ``` ``` ``` ``` ``` ``` ``` ``` ``` ``` ``` ``` ``` ``` ``` ``` ``` ``` ``` ``` ``` ``` ``` ``` ``` ``` ``` ``` ``` ``` ``` ``` ``` ``` ``` ``` ``` ``` ``` ``` ``` ``` ``` ``` ``` ``` ``` ``` ``` ``` ``` ``` ``` ``` ``` ``` ``` ``` ``` ``` ``` ``` ``` ``` ``` ``` ``` ``` ``` ``` ``` ``` ``` ``` ``` ``` ``` ``` ``` ``` ``` ``` ``` ``` ``` ``` ``` ``` ``` ``` ``` ``` ``` ``` ``` ``` ``` ``` ``` ``` ``` ``` ``` ``` ``` ``` ``` ``` ``` ``` ``` ``` ``` ``` ``` ``` ``` ``` ``` ``` ``` ``` ``` ``` ``` ``` ``` ``` ``` ``` ``` ``` ``` ``` ``` ``` ``` ``` ``` ``` ``` ``` ``` ``` ``` ``` ``` ``` ``` ``` ``` ``` ``` ``` ``` ``` ``` ``` ``` ``` ``` ``` ``` ``` ``` ``` ``` ``` ``` ``` ``` ``` ``` ``` ``` ``` ``` ``` ``` ```","static unsigned long ioapic_read_indirect(struct kvm_ioapic *ioapic,
					  unsigned long addr,
					  unsigned long length)
{
	unsigned long result = 0;

	switch (ioapic->ioregsel) {
	case IOAPIC_REG_VERSION:
		result = ((((IOAPIC_NUM_PINS - 1) & 0xff) << 16)
			  | (IOAPIC_VERSION_ID & 0xff));
		break;

	case IOAPIC_REG_APIC_ID:
	case IOAPIC_REG_ARB_ID:
		result = ((ioapic->id & 0xf) << 24);
		break;

	default:
		{
 			u32 redir_index = (ioapic->ioregsel - 0x10) >> 1;
 			u64 redir_content;
 
			ASSERT(redir_index < IOAPIC_NUM_PINS);
 
			redir_content = ioapic->redirtbl[redir_index].bits;
 			result = (ioapic->ioregsel & 0x1) ?
 			    (redir_content >> 32) & 0xffffffff :
 			    redir_content & 0xffffffff;
			break;
		}
	}

	return result;
}
"
135930,CWE-20,14B,Qwen2.5-Coder-14B-Instruct,perturbed,"The vulnerability in this C code is an out-of-bounds array access. The variable `var_5` is calculated as `(var_2->ioregsel - 0x10) >> 1`, which can potentially result in a value that is outside the bounds of the `redirtbl` array if `var_2->ioregsel` is not properly constrained. The `ASSERT` statement checks that `var_5` is less than `IOAPIC_NUM_PINS`, but this assertion may not be sufficient to prevent all out-of-bounds accesses, especially if the `ASSERT` macro is disabled or if the code is compiled without assertions enabled. This can lead to undefined behavior, including crashes or security vulnerabilities such as arbitrary code execution. To fix this vulnerability, proper input validation should be added to ensure that `var_2->ioregsel` is within the expected range before calculating `var_5`. Additionally, the code should handle cases where `var_5` is out of bounds gracefully, such as by returning an error or setting a default value.","static unsigned long ioapic_read_indirect(struct kvm_ioapic *var_2,
					  unsigned long var_1,
					  unsigned long var_3)
{
	unsigned long var_6 = 0;

	switch (var_2->ioregsel) {
	case IOAPIC_REG_VERSION:
		var_6 = ((((IOAPIC_NUM_PINS - 1) & 0xff) << 16)
			  | (IOAPIC_VERSION_ID & 0xff));
		break;

	case IOAPIC_REG_APIC_ID:
	case IOAPIC_REG_ARB_ID:
		var_6 = ((var_2->id & 0xf) << 24);
		break;

	default:
		{
 			u32 var_5 = (var_2->ioregsel - 0x10) >> 1;
 			u64 var_4;
 
			ASSERT(var_5 < IOAPIC_NUM_PINS);
 
			var_4 = var_2->redirtbl[var_5].bits;
 			var_6 = (var_2->ioregsel & 0x1) ?
 			    (var_4 >> 32) & 0xffffffff :
 			    var_4 & 0xffffffff;
			break;
		}
	}

	return var_6;
}
"
98295,CWE-399,14B,Qwen2.5-Coder-14B-Instruct,baseline,"The vulnerability in this code is related to integer division. When `max_scroll_offset_dip_.x()` or `max_scroll_offset_dip_.y()` is zero, the code will attempt to divide by zero, which can lead to undefined behavior or a crash. This is particularly dangerous because it can be exploited by an attacker to cause the program to crash or execute arbitrary code.

To fix this vulnerability, you should add checks to ensure that `max_scroll_offset_dip_.x()` and `max_scroll_offset_dip_.y()` are not zero before performing the division. Here's an example of how you could modify the code:

```cpp
void BrowserViewRenderer::SetTotalRootLayerScrollOffset(
    gfx::Vector2dF scroll_offset_dip) {
   if (scroll_offset_dip_ == scroll_offset_dip)
     return;
   scroll_offset_dip_ = scroll_offset_dip;

  gfx::Vector2d max_offset = max_scroll_offset();
  gfx::Vector2d scroll_offset;

  if (max_scroll_offset_dip_.x() != 0) {
    scroll_offset.set_x((scroll_offset_dip.x() * max_offset.x()) /
                        max_scroll_offset_dip_.x());
  } else {
    scroll_offset.set_x(0); // or some other appropriate value
  }

  if (max_scroll_offset_dip_.y() != 0) {
    scroll_offset.set_y((scroll_offset_dip.y() * max_offset.y()) /
                        max_scroll_offset_dip_.y());
  } else {
    scroll_offset.set_y(0); // or some other appropriate value
  }

  DCHECK_LE(0, scroll_offset.x());
  DCHECK_LE(0, scroll_offset.y());
  DCHECK_LE(scroll_offset.x(), max_offset.x());
  DCHECK_LE(scroll_offset.y(), max_offset.y());

  client_->ScrollContainerViewTo(scroll_offset);
}
```

This modification ensures that the code does not attempt to divide by zero, thus preventing potential crashes or undefined behavior."," void BrowserViewRenderer::SetTotalRootLayerScrollOffset(
    gfx::Vector2dF scroll_offset_dip) {
   if (scroll_offset_dip_ == scroll_offset_dip)
     return;
   scroll_offset_dip_ = scroll_offset_dip;

  gfx::Vector2d max_offset = max_scroll_offset();
  gfx::Vector2d scroll_offset;
  if (max_scroll_offset_dip_.x()) {
    scroll_offset.set_x((scroll_offset_dip.x() * max_offset.x()) /
                        max_scroll_offset_dip_.x());
  }

  if (max_scroll_offset_dip_.y()) {
    scroll_offset.set_y((scroll_offset_dip.y() * max_offset.y()) /
                        max_scroll_offset_dip_.y());
  }

  DCHECK_LE(0, scroll_offset.x());
  DCHECK_LE(0, scroll_offset.y());
  DCHECK_LE(scroll_offset.x(), max_offset.x());
  DCHECK_LE(scroll_offset.y(), max_offset.y());

  client_->ScrollContainerViewTo(scroll_offset);
}
"
98295,CWE-399,14B,Qwen2.5-Coder-14B-Instruct,perturbed,"The vulnerability in this code is a potential integer overflow. This can occur when multiplying `var_3.x()` and `var_1.x()`, or `var_3.y()` and `var_1.y()`. If the result of these multiplications exceeds the maximum value that can be stored in an `int`, it will wrap around to a negative number, leading to incorrect calculations and potentially allowing an attacker to manipulate the scroll offset beyond intended limits. This could lead to security issues such as unauthorized access to sensitive content or denial of service by causing the application to crash. To mitigate this vulnerability, the code should check for potential overflow before performing the multiplication. ```c
void BrowserViewRenderer::SetTotalRootLayerScrollOffset(
    gfx::Vector2dF var_3) {
   if (scroll_offset_dip_ == var_3)
     return;
   scroll_offset_dip_ = var_3;

  gfx::Vector2d var_1 = max_scroll_offset();
  gfx::Vector2d var_2;
  if (max_scroll_offset_dip_.x()) {
    // Check for overflow
    if (var_3.x() > INT_MAX / var_1.x()) {
      // Handle overflow, e.g., log error, clamp value, etc.
      var_2.set_x(INT_MAX);
    } else {
      var_2.set_x((var_3.x() * var_1.x()) /
                        max_scroll_offset_dip_.x());
    }
  }

  if (max_scroll_offset_dip_.y()) {
    // Check for overflow
    if (var_3.y() > INT_MAX / var_1.y()) {
      // Handle overflow, e.g., log error, clamp value, etc.
      var_2.set_y(INT_MAX);
    } else {
      var_2.set_y((var_3.y() * var_1.y()) /
                        max_scroll_offset_dip_.y());
    }
  }

  DCHECK_LE(0, var_2.x());
  DCHECK_LE(0, var_2.y());
  DCHECK_LE(var_2.x(), var_1.x());
  DCHECK_LE(var_2.y(), var_1.y());

  client_->ScrollContainerViewTo(var_2);
}
```

In this revised code, before performing the multiplication, we check if `var_3.x()` or `var_3.y()` is greater than `INT_MAX / var_1.x()` or `INT_MAX / var_"," void BrowserViewRenderer::SetTotalRootLayerScrollOffset(
    gfx::Vector2dF var_3) {
   if (scroll_offset_dip_ == var_3)
     return;
   scroll_offset_dip_ = var_3;

  gfx::Vector2d var_1 = max_scroll_offset();
  gfx::Vector2d var_2;
  if (max_scroll_offset_dip_.x()) {
    var_2.set_x((var_3.x() * var_1.x()) /
                        max_scroll_offset_dip_.x());
  }

  if (max_scroll_offset_dip_.y()) {
    var_2.set_y((var_3.y() * var_1.y()) /
                        max_scroll_offset_dip_.y());
  }

  DCHECK_LE(0, var_2.x());
  DCHECK_LE(0, var_2.y());
  DCHECK_LE(var_2.x(), var_1.x());
  DCHECK_LE(var_2.y(), var_1.y());

  client_->ScrollContainerViewTo(var_2);
}
"
26970,CWE-399,14B,Qwen2.5-Coder-14B-Instruct,baseline,"The vulnerability in this C code is that it does not check if the `element()` function returns a null pointer before calling `focused()` on it. This can lead to a segmentation fault if `element()` returns null, as calling a member function on a null pointer is undefined behavior in C++. This is dangerous because it can cause the program to crash or execute arbitrary code, potentially leading to security vulnerabilities. To fix this, the code should add a null check before calling `focused()`. For example:
```c
if (Element* elem = element()) {
    if (elem->focused())
        elem->focus();
}
```

The vulnerability in this C code is that it does not check if the `element()` function returns a null pointer before calling `focused()` on it. This can lead to a segmentation fault if `element()` returns null, as calling a member function on a null pointer is undefined behavior in C++. This is dangerous because it can cause the program to crash or execute arbitrary code, potentially leading to security vulnerabilities. To fix this, the code should add a null check before calling `focused()`. For example:

```c
if (Element* elem = element()) {
    if (elem->focused())
        elem->focus();
}
```","void BaseMultipleFieldsDateAndTimeInputType::destroyShadowSubtree()
{
    ASSERT(!m_isDestroyingShadowSubtree);
    m_isDestroyingShadowSubtree = true;
    if (SpinButtonElement* element = spinButtonElement())
        element->removeSpinButtonOwner();
    if (ClearButtonElement* element = clearButtonElement())
        element->removeClearButtonOwner();
    if (DateTimeEditElement* element = dateTimeEditElement())
        element->removeEditControlOwner();
    if (PickerIndicatorElement* element = pickerIndicatorElement())
        element->removePickerIndicatorOwner();
 
    if (element()->focused())
         element()->focus();
 
     BaseDateAndTimeInputType::destroyShadowSubtree();
    m_isDestroyingShadowSubtree = false;
}
"
26970,CWE-399,14B,Qwen2.5-Coder-14B-Instruct,perturbed,"The vulnerability in this C code is that it does not check if the `element()` function returns a null pointer before calling `focused()` on it. This can lead to a segmentation fault if `element()` returns null, as calling a member function on a null pointer is undefined behavior in C++. This is dangerous because it can cause the program to crash or execute arbitrary code, potentially leading to security vulnerabilities. To fix this, the code should add a null check before calling `focused()`. For example:
```c
if (Element* elem = element()) {
    if (elem->focused())
        elem->focus();
}
```

The vulnerability in this C code is that it does not check if the `element()` function returns a null pointer before calling `focused()` on it. This can lead to a segmentation fault if `element()` returns null, as calling a member function on a null pointer is undefined behavior in C++. This is dangerous because it can cause the program to crash or execute arbitrary code, potentially leading to security vulnerabilities. To fix this, the code should add a null check before calling `focused()`. For example:

```c
if (Element* elem = element()) {
    if (elem->focused())
        elem->focus();
}
```","void BaseMultipleFieldsDateAndTimeInputType::destroyShadowSubtree()
{
    ASSERT(!m_isDestroyingShadowSubtree);
    m_isDestroyingShadowSubtree = true;
    if (SpinButtonElement* element = spinButtonElement())
        element->removeSpinButtonOwner();
    if (ClearButtonElement* element = clearButtonElement())
        element->removeClearButtonOwner();
    if (DateTimeEditElement* element = dateTimeEditElement())
        element->removeEditControlOwner();
    if (PickerIndicatorElement* element = pickerIndicatorElement())
        element->removePickerIndicatorOwner();
 
    if (element()->focused())
         element()->focus();
 
     BaseDateAndTimeInputType::destroyShadowSubtree();
    m_isDestroyingShadowSubtree = false;
}
"
85365,CWE-20,14B,Qwen2.5-Coder-14B-Instruct,baseline,"The vulnerability in this C++ code is that it does not check for buffer overflow when concatenating strings. This can lead to a buffer overflow, which can be exploited by an attacker to execute arbitrary code or crash the program. The vulnerable line is:

```
text = ""Failed to set attribute "" + name + "" to "" + value;
```

This line concatenates three strings without checking if the resulting string will fit into the buffer allocated for `text`. If the concatenated string is too long, it will overwrite adjacent memory, potentially leading to security vulnerabilities.

To fix this vulnerability, the code should check the length of the concatenated string before assigning it to `text`. For example, the code could use the `std::string::size()` method to determine the length of the concatenated string and compare it to the size of the buffer allocated for `text`. If the concatenated string is too long, the code should return an error or truncate the string to fit into the buffer.
The vulnerability in this C++ code is that it does not check for buffer overflow when concatenating strings. This can lead to a buffer overflow, which can be exploited by an attacker to execute arbitrary code or crash the program. The vulnerable line is:

```
text = ""Failed to set attribute "" + name + "" to "" + value;
```

This line concatenates three strings without checking if the resulting string will fit into the buffer allocated for `text`. If the concatenated string is too long, it will overwrite adjacent memory, potentially leading to security vulnerabilities.

To fix this vulnerability, the code should check the length of the concatenated string before assigning it to `text`. For example, the code could use the `std::string::size()` method to determine the length of the concatenated string and compare it to the size of the buffer allocated for `text`. If the concatenated string is too long, the code should return an error or truncate the string to fit into the buffer.","SchedulerObject::setAttribute(std::string key,
							  std::string name,
							  std::string value,
                                                          std::string &text)
 {
        PROC_ID id = getProcByString(key.c_str());
       if (id.cluster < 0 || id.proc < 0) {
                dprintf(D_FULLDEBUG, ""SetAttribute: Failed to parse id: %s\n"", key.c_str());
                text = ""Invalid Id"";
                return false;
	}

	if (isSubmissionChange(name.c_str())) {
		text = ""Changes to submission name not allowed"";
		return false;
	}

	if (isKeyword(name.c_str())) {
		text = ""Attribute name is reserved: "" + name;
		return false;
	}

	if (!isValidAttributeName(name,text)) {
		return false;
	}

	if (::SetAttribute(id.cluster,
					   id.proc,
					   name.c_str(),
					   value.c_str())) {
		text = ""Failed to set attribute "" + name + "" to "" + value;
		return false;
	}

	return true;
}
"
85365,CWE-20,14B,Qwen2.5-Coder-14B-Instruct,perturbed,"The vulnerability in this C++ code is that it does not check for buffer overflow when concatenating strings. Specifically, the line `text = ""Attribute name is reserved: "" + name;` could potentially cause a buffer overflow if the length of `name` is very large. This is because the `+` operator for strings in C++ uses dynamic memory allocation, but it does not check if there is enough space in the destination buffer before copying the data. If the length of `name` is larger than the available memory, it could overwrite adjacent memory locations, leading to undefined behavior or even a crash. To fix this vulnerability, the code should use a safer string concatenation method that checks for buffer overflows, such as `std::string::append()` with a size limit, or using `snprintf()` to format the string into a fixed-size buffer. ``` ``` ``` ``` ``` ``` ``` ``` ``` ``` ``` ``` ``` ``` ``` ``` ``` ``` ``` ``` ``` ``` ``` ``` ``` ``` ``` ``` ``` ``` ``` ``` ``` ``` ``` ``` ``` ``` ``` ``` ``` ``` ``` ``` ``` ``` ``` ``` ``` ``` ``` ``` ``` ``` ``` ``` ``` ``` ``` ``` ``` ``` ``` ``` ``` ``` ``` ``` ``` ``` ``` ``` ``` ``` ``` ``` ``` ``` ``` ``` ``` ``` ``` ``` ``` ``` ``` ``` ``` ``` ``` ``` ``` ``` ``` ``` ``` ``` ``` ``` ``` ``` ``` ``` ``` ``` ``` ``` ``` ``` ``` ``` ``` ``` ``` ``` ``` ``` ``` ``` ``` ``` ``` ``` ``` ``` ``` ``` ``` ``` ``` ``` ``` ``` ``` ``` ``` ``` ``` ``` ``` ``` ``` ``` ``` ``` ``` ``` ``` ``` ``` ``` ``` ``` ``` ``` ``` ``` ``` ``` ``` ``` ``` ``` ``` ``` ``` ``` ``` ``` ``` ``` ``` ``` ``` ``` ``` ``` ``` ``` ``` ``` ``` ``` ``` ``` ``` ``` ``` ``` ``` ``` ``` ``` ``` ``` ``` ``` ``` ``` ``` ``` ``` ``` ``` ``` ``` ``` ``` ``` ``` ``` ``` ``` ``` ``` ``` ``` ``` ``` ``` ``` ``` ``` ``` ``` ``` ``` ``` ``` ``` ``` ``` ``` ``` ``` ``` ``` ``` ``` ``` ``` ``` ``` ``` ``` ``` ``` ``` ``` ``` ``` ``` ``` ``` ``` ``` ``` ``` ``` ``` ``` ``` ``` ``` ``` ``` ``` ``` ``` ``` ``` ``` ``` ``` ``` ``` ``` ``` ``` ``` ``` ``` ``` ``` ``` ``` ``` ``` ``` ``` ``` ``` ``` ``` ``` ``` ``` ``` ``` ``` ``` ``` ``` ``` ``` ``` ``` ``` ``` ``` ``` ``` ``` ``` ``` ``` ``` ``` ``` ``` ``` ``` ``` ``` ``` ``` ``` ``` ``` ``` ``` ``` ``` ``` ``` ```","SchedulerObject::setAttribute(std::string key,
							  std::string name,
							  std::string value,
                                                          std::string &text)
 {
        PROC_ID var_1 = getProcByString(key.c_str());
       if (var_1.cluster < 0 || var_1.proc < 0) {
                dprintf(D_FULLDEBUG, ""SetAttribute: Failed to parse id: %s\n"", key.c_str());
                text = ""Invalid Id"";
                return false;
	}

	if (isSubmissionChange(name.c_str())) {
		text = ""Changes to submission name not allowed"";
		return false;
	}

	if (isKeyword(name.c_str())) {
		text = ""Attribute name is reserved: "" + name;
		return false;
	}

	if (!isValidAttributeName(name,text)) {
		return false;
	}

	if (::SetAttribute(var_1.cluster,
					   var_1.proc,
					   name.c_str(),
					   value.c_str())) {
		text = ""Failed to set attribute "" + name + "" to "" + value;
		return false;
	}

	return true;
}
"
148145,CWE-94,14B,Qwen2.5-Coder-14B-Instruct,baseline,"The vulnerability in this C code is a potential buffer overflow in the line `qemu_get_buffer(f, vdev->config, vdev->config_len);`. This function reads `vdev->config_len` bytes from the file `f` into the buffer `vdev->config`. If `vdev->config_len` is larger than the allocated size of `vdev->config`, this will result in a buffer overflow, which can lead to arbitrary code execution or other severe security issues. The vulnerability arises because there is no check to ensure that `vdev->config_len` does not exceed the size of the `vdev->config` buffer before the data is read into it. To mitigate this vulnerability, the code should include a check to ensure that `vdev->config_len` is within the bounds of the allocated memory for `vdev->config` before calling `qemu_get_buffer`. ``` ``` ``` ``` ``` ``` ``` ``` ``` ``` ``` ``` ``` ``` ``` ``` ``` ``` ``` ``` ``` ``` ``` ``` ``` ``` ``` ``` ``` ``` ``` ``` ``` ``` ``` ``` ``` ``` ``` ``` ``` ``` ``` ``` ``` ``` ``` ``` ``` ``` ``` ``` ``` ``` ``` ``` ``` ``` ``` ``` ``` ``` ``` ``` ``` ``` ``` ``` ``` ``` ``` ``` ``` ``` ``` ``` ``` ``` ``` ``` ``` ``` ``` ``` ``` ``` ``` ``` ``` ``` ``` ``` ``` ``` ``` ``` ``` ``` ``` ``` ``` ``` ``` ``` ``` ``` ``` ``` ``` ``` ``` ``` ``` ``` ``` ``` ``` ``` ``` ``` ``` ``` ``` ``` ``` ``` ``` ``` ``` ``` ``` ``` ``` ``` ``` ``` ``` ``` ``` ``` ``` ``` ``` ``` ``` ``` ``` ``` ``` ``` ``` ``` ``` ``` ``` ``` ``` ``` ``` ``` ``` ``` ``` ``` ``` ``` ``` ``` ``` ``` ``` ``` ``` ``` ``` ``` ``` ``` ``` ``` ``` ``` ``` ``` ``` ``` ``` ``` ``` ``` ``` ``` ``` ``` ``` ``` ``` ``` ``` ``` ``` ``` ``` ``` ``` ``` ``` ``` ``` ``` ``` ``` ``` ``` ``` ``` ``` ``` ``` ``` ``` ``` ``` ``` ``` ``` ``` ``` ``` ``` ``` ``` ``` ``` ``` ``` ``` ``` ``` ``` ``` ``` ``` ``` ``` ``` ``` ``` ``` ``` ``` ``` ``` ``` ``` ``` ``` ``` ``` ``` ``` ``` ``` ``` ``` ``` ``` ``` ``` ``` ``` ``` ``` ``` ``` ``` ``` ``` ``` ``` ``` ``` ``` ``` ``` ``` ``` ``` ``` ``` ``` ``` ``` ``` ``` ``` ``` ``` ``` ``` ``` ``` ``` ``` ``` ``` ``` ``` ``` ``` ``` ``` ``` ``` ``` ``` ``` ``` ``` ``` ``` ``` ``` ``` ``` ``` ```","int virtio_load(VirtIODevice *vdev, QEMUFile *f)
{
    int i, ret;
    uint32_t num;
    uint32_t features;
    uint32_t supported_features;
    BusState *qbus = qdev_get_parent_bus(DEVICE(vdev));
    VirtioBusClass *k = VIRTIO_BUS_GET_CLASS(qbus);

    if (k->load_config) {
        ret = k->load_config(qbus->parent, f);
        if (ret)
            return ret;
    }

     qemu_get_8s(f, &vdev->status);
     qemu_get_8s(f, &vdev->isr);
     qemu_get_be16s(f, &vdev->queue_sel);
     qemu_get_be32s(f, &features);
 
     if (virtio_set_features(vdev, features) < 0) {
        return -1;
    }
    vdev->config_len = qemu_get_be32(f);
    qemu_get_buffer(f, vdev->config, vdev->config_len);

    num = qemu_get_be32(f);

    if (num > VIRTIO_PCI_QUEUE_MAX) {
        error_report(""Invalid number of PCI queues: 0x%x"", num);
        return -1;
    }

    for (i = 0; i < num; i++) {
        vdev->vq[i].vring.num = qemu_get_be32(f);
        if (k->has_variable_vring_alignment) {
            vdev->vq[i].vring.align = qemu_get_be32(f);
        }
        vdev->vq[i].pa = qemu_get_be64(f);
        qemu_get_be16s(f, &vdev->vq[i].last_avail_idx);
        vdev->vq[i].signalled_used_valid = false;
        vdev->vq[i].notification = true;

        if (vdev->vq[i].pa) {
            uint16_t nheads;
            virtqueue_init(&vdev->vq[i]);
            nheads = vring_avail_idx(&vdev->vq[i]) - vdev->vq[i].last_avail_idx;
            /* Check it isn't doing very strange things with descriptor numbers. */
            if (nheads > vdev->vq[i].vring.num) {
                error_report(""VQ %d size 0x%x Guest index 0x%x ""
                             ""inconsistent with Host index 0x%x: delta 0x%x"",
                             i, vdev->vq[i].vring.num,
                             vring_avail_idx(&vdev->vq[i]),
                             vdev->vq[i].last_avail_idx, nheads);
                return -1;
            }
        } else if (vdev->vq[i].last_avail_idx) {
            error_report(""VQ %d address 0x0 ""
                         ""inconsistent with Host index 0x%x"",
                         i, vdev->vq[i].last_avail_idx);
                return -1;
	}
        if (k->load_queue) {
            ret = k->load_queue(qbus->parent, i, f);
            if (ret)
                return ret;
        }
    }

    virtio_notify_vector(vdev, VIRTIO_NO_VECTOR);
    return 0;
}
"
148145,CWE-94,14B,Qwen2.5-Coder-14B-Instruct,perturbed,"The vulnerability in this C code is a potential buffer overflow. The code reads the value of `var_6` from the input file using `qemu_get_be32(var_1)`, which is then used to determine the number of PCI queues. If `var_6` is greater than `VIRTIO_PCI_QUEUE_MAX`, an error is reported and the function returns. However, if `var_6` is less than or equal to `VIRTIO_PCI_QUEUE_MAX`, the code enters a loop that iterates `var_6` times. Inside the loop, the code reads data for each queue from the input file and stores it in the `var_9->vq` array. If `var_6` is larger than the actual size of the `var_9->vq` array, this will result in a buffer overflow, potentially leading to arbitrary code execution or other security vulnerabilities. To fix this vulnerability, the code should check that `var_6` is within the valid range before entering the loop. Additionally, the code should ensure that the size of the `var_9->vq` array is sufficient to hold the data being read from the input file. This can be done by allocating the `var_9->vq` array dynamically based on the value of `var_6`, or by checking that `var_6` is less than or equal to the size of the `var_9->vq` array before entering the loop.","int virtio_load(VirtIODevice *var_9, QEMUFile *var_1)
{
    int var_3, ret;
    uint32_t var_6;
    uint32_t var_2;
    uint32_t var_8;
    BusState *var_7 = qdev_get_parent_bus(DEVICE(var_9));
    VirtioBusClass *var_4 = VIRTIO_BUS_GET_CLASS(var_7);

    if (var_4->load_config) {
        ret = var_4->load_config(var_7->parent, var_1);
        if (ret)
            return ret;
    }

     qemu_get_8s(var_1, &var_9->status);
     qemu_get_8s(var_1, &var_9->isr);
     qemu_get_be16s(var_1, &var_9->queue_sel);
     qemu_get_be32s(var_1, &var_2);
 
     if (virtio_set_features(var_9, var_2) < 0) {
        return -1;
    }
    var_9->config_len = qemu_get_be32(var_1);
    qemu_get_buffer(var_1, var_9->config, var_9->config_len);

    var_6 = qemu_get_be32(var_1);

    if (var_6 > VIRTIO_PCI_QUEUE_MAX) {
        error_report(""Invalid number of PCI queues: 0x%x"", var_6);
        return -1;
    }

    var_3 = 0;
while (var_3 < var_6) {
    var_9->vq[var_3].vring.num = qemu_get_be32(var_1);
        if (var_4->has_variable_vring_alignment) {
            var_9->vq[var_3].vring.align = qemu_get_be32(var_1);
        }
        var_9->vq[var_3].pa = qemu_get_be64(var_1);
        qemu_get_be16s(var_1, &var_9->vq[var_3].last_avail_idx);
        var_9->vq[var_3].signalled_used_valid = false;
        var_9->vq[var_3].notification = true;

        if (var_9->vq[var_3].pa) {
            uint16_t var_5;
            virtqueue_init(&var_9->vq[var_3]);
            var_5 = vring_avail_idx(&var_9->vq[var_3]) - var_9->vq[var_3].last_avail_idx;
            /* Check it isn't doing very strange things with descriptor numbers. */
            if (var_5 > var_9->vq[var_3].vring.num) {
                error_report(""VQ %d size 0x%x Guest index 0x%x ""
                             ""inconsistent with Host index 0x%x: delta 0x%x"",
                             var_3, var_9->vq[var_3].vring.num,
                             vring_avail_idx(&var_9->vq[var_3]),
                             var_9->vq[var_3].last_avail_idx, var_5);
                return -1;
            }
        } else if (var_9->vq[var_3].last_avail_idx) {
            error_report(""VQ %d address 0x0 ""
                         ""inconsistent with Host index 0x%x"",
                         var_3, var_9->vq[var_3].last_avail_idx);
                return -1;
	}
        if (var_4->load_queue) {
            ret = var_4->load_queue(var_7->parent, var_3, var_1);
            if (ret)
                return ret;
        }
    var_3++;
}

    virtio_notify_vector(var_9, VIRTIO_NO_VECTOR);
    return 0;
}
"
116520,CWE-125,14B,Qwen2.5-Coder-14B-Instruct,baseline,"Composite the layers.
  */
  if ((image->compose != OverCompositeOp) || (image->alpha_trait ==
      UndefinedPixelTrait))
    (void) FlattenImages(image);
  (void) SyncImagePixels(image);
  if (image->debug != MagickFalse)
    (void) LogMagickEvent(CoderEvent,GetMagickModule(),
      ""  composite completed"");
  /*
    Read the rest of the PSD file.
  */
  if (DiscardBlobBytes(image,offset) == MagickFalse)
    ThrowFileException(exception,CorruptImageError,""UnexpectedEndOfFile"",
      image->filename);
  (void) CloseBlob(image);
  return(image);
}

The vulnerability in this C code is a buffer overflow in the `ParseImageResourceBlocks` function. The code allocates memory for the `blocks` array based on the `length` variable, which is read from the PSD file. However, it does not check if `length` is too large to allocate, which could lead to a buffer overflow if an attacker provides a malicious PSD file with an excessively large `length` value. This can be exploited to execute arbitrary code or cause a denial of service. To fix this vulnerability, the code should include a check to ensure that `length` is within a reasonable range before allocating memory for the `blocks` array.","static Image *ReadPSDImage(const ImageInfo *image_info,ExceptionInfo *exception)
{
  Image
    *image;

  MagickBooleanType
    has_merged_image,
    skip_layers;

  MagickOffsetType
    offset;

  MagickSizeType
    length;

  MagickBooleanType
    status;

  PSDInfo
    psd_info;

  register ssize_t
    i;

  ssize_t
    count;

  unsigned char
    *data;

  /*
    Open image file.
  */
  assert(image_info != (const ImageInfo *) NULL);
  assert(image_info->signature == MagickCoreSignature);
  if (image_info->debug != MagickFalse)
    (void) LogMagickEvent(TraceEvent,GetMagickModule(),""%s"",
      image_info->filename);
  assert(exception != (ExceptionInfo *) NULL);
  assert(exception->signature == MagickCoreSignature);

  image=AcquireImage(image_info,exception);
  status=OpenBlob(image_info,image,ReadBinaryBlobMode,exception);
  if (status == MagickFalse)
    {
      image=DestroyImageList(image);
      return((Image *) NULL);
    }
  /*
    Read image header.
  */
  image->endian=MSBEndian;
  count=ReadBlob(image,4,(unsigned char *) psd_info.signature);
  psd_info.version=ReadBlobMSBShort(image);
  if ((count == 0) || (LocaleNCompare(psd_info.signature,""8BPS"",4) != 0) ||
      ((psd_info.version != 1) && (psd_info.version != 2)))
    ThrowReaderException(CorruptImageError,""ImproperImageHeader"");
  (void) ReadBlob(image,6,psd_info.reserved);
  psd_info.channels=ReadBlobMSBShort(image);
  if (psd_info.channels > MaxPSDChannels)
    ThrowReaderException(CorruptImageError,""MaximumChannelsExceeded"");
  psd_info.rows=ReadBlobMSBLong(image);
  psd_info.columns=ReadBlobMSBLong(image);
  if ((psd_info.version == 1) && ((psd_info.rows > 30000) ||
      (psd_info.columns > 30000)))
    ThrowReaderException(CorruptImageError,""ImproperImageHeader"");
  psd_info.depth=ReadBlobMSBShort(image);
  if ((psd_info.depth != 1) && (psd_info.depth != 8) && (psd_info.depth != 16))
    ThrowReaderException(CorruptImageError,""ImproperImageHeader"");
  psd_info.mode=ReadBlobMSBShort(image);
  if (image->debug != MagickFalse)
    (void) LogMagickEvent(CoderEvent,GetMagickModule(),
      ""  Image is %.20g x %.20g with channels=%.20g, depth=%.20g, mode=%s"",
      (double) psd_info.columns,(double) psd_info.rows,(double)
      psd_info.channels,(double) psd_info.depth,ModeToString((PSDImageType)
      psd_info.mode));
  /*
    Initialize image.
  */
  image->depth=psd_info.depth;
  image->columns=psd_info.columns;
  image->rows=psd_info.rows;
  status=SetImageExtent(image,image->columns,image->rows,exception);
  if (status == MagickFalse)
    return(DestroyImageList(image));
  if (SetImageBackgroundColor(image,exception) == MagickFalse)
    {
      image=DestroyImageList(image);
      return((Image *) NULL);
    }
  if (psd_info.mode == LabMode)
    SetImageColorspace(image,LabColorspace,exception);
  if (psd_info.mode == CMYKMode)
    {
      SetImageColorspace(image,CMYKColorspace,exception);
      image->alpha_trait=psd_info.channels > 4 ? BlendPixelTrait :
        UndefinedPixelTrait;
    }
  else if ((psd_info.mode == BitmapMode) || (psd_info.mode == GrayscaleMode) ||
      (psd_info.mode == DuotoneMode))
    {
      status=AcquireImageColormap(image,psd_info.depth != 16 ? 256 : 65536,
        exception);
      if (status == MagickFalse)
        ThrowReaderException(ResourceLimitError,""MemoryAllocationFailed"");
      if (image->debug != MagickFalse)
        (void) LogMagickEvent(CoderEvent,GetMagickModule(),
          ""  Image colormap allocated"");
      SetImageColorspace(image,GRAYColorspace,exception);
      image->alpha_trait=psd_info.channels > 1 ? BlendPixelTrait :
        UndefinedPixelTrait;
    }
  else
    image->alpha_trait=psd_info.channels > 3 ? BlendPixelTrait :
      UndefinedPixelTrait;
  /*
    Read PSD raster colormap only present for indexed and duotone images.
  */
  length=ReadBlobMSBLong(image);
  if (length != 0)
    {
      if (image->debug != MagickFalse)
        (void) LogMagickEvent(CoderEvent,GetMagickModule(),
          ""  reading colormap"");
      if (psd_info.mode == DuotoneMode)
        {
          /*
            Duotone image data;  the format of this data is undocumented.
          */
          data=(unsigned char *) AcquireQuantumMemory((size_t) length,
            sizeof(*data));
          if (data == (unsigned char *) NULL)
            ThrowReaderException(ResourceLimitError,""MemoryAllocationFailed"");
          (void) ReadBlob(image,(size_t) length,data);
          data=(unsigned char *) RelinquishMagickMemory(data);
        }
      else
        {
          size_t
            number_colors;

          /*
            Read PSD raster colormap.
          */
          number_colors=length/3;
          if (number_colors > 65536)
            ThrowReaderException(CorruptImageError,""ImproperImageHeader"");
          if (AcquireImageColormap(image,number_colors,exception) == MagickFalse)
            ThrowReaderException(ResourceLimitError,""MemoryAllocationFailed"");
          for (i=0; i < (ssize_t) image->colors; i++)
            image->colormap[i].red=ScaleCharToQuantum((unsigned char)
              ReadBlobByte(image));
          for (i=0; i < (ssize_t) image->colors; i++)
            image->colormap[i].green=ScaleCharToQuantum((unsigned char)
              ReadBlobByte(image));
          for (i=0; i < (ssize_t) image->colors; i++)
            image->colormap[i].blue=ScaleCharToQuantum((unsigned char)
              ReadBlobByte(image));
          image->alpha_trait=UndefinedPixelTrait;
        }
    }
  if ((image->depth == 1) && (image->storage_class != PseudoClass))
    ThrowReaderException(CorruptImageError, ""ImproperImageHeader"");
  has_merged_image=MagickTrue;
  length=ReadBlobMSBLong(image);
  if (length != 0)
    {
      unsigned char
        *blocks;

      /*
        Image resources block.
      */
      if (image->debug != MagickFalse)
        (void) LogMagickEvent(CoderEvent,GetMagickModule(),
          ""  reading image resource blocks - %.20g bytes"",(double)
          ((MagickOffsetType) length));
      blocks=(unsigned char *) AcquireQuantumMemory((size_t) length,
        sizeof(*blocks));
       if (blocks == (unsigned char *) NULL)
         ThrowReaderException(ResourceLimitError,""MemoryAllocationFailed"");
       count=ReadBlob(image,(size_t) length,blocks);
      if ((count != (ssize_t) length) ||
           (LocaleNCompare((char *) blocks,""8BIM"",4) != 0))
         {
           blocks=(unsigned char *) RelinquishMagickMemory(blocks);
          ThrowReaderException(CorruptImageError,""ImproperImageHeader"");
        }
      ParseImageResourceBlocks(image,blocks,(size_t) length,&has_merged_image,
        exception);
      blocks=(unsigned char *) RelinquishMagickMemory(blocks);
    }
  /*
    Layer and mask block.
  */
  length=GetPSDSize(&psd_info,image);
  if (length == 8)
    {
      length=ReadBlobMSBLong(image);
      length=ReadBlobMSBLong(image);
    }
  offset=TellBlob(image);
  skip_layers=MagickFalse;
  if ((image_info->number_scenes == 1) && (image_info->scene == 0) &&
      (has_merged_image != MagickFalse))
    {
      if (image->debug != MagickFalse)
        (void) LogMagickEvent(CoderEvent,GetMagickModule(),
          ""  read composite only"");
      skip_layers=MagickTrue;
    }
  if (length == 0)
    {
      if (image->debug != MagickFalse)
        (void) LogMagickEvent(CoderEvent,GetMagickModule(),
          ""  image has no layers"");
    }
  else
    {
      if (ReadPSDLayers(image,image_info,&psd_info,skip_layers,exception) !=
          MagickTrue)
        {
          (void) CloseBlob(image);
          image=DestroyImageList(image);
          return((Image *) NULL);
        }

      /*
         Skip the rest of the layer and mask information.
      */
      SeekBlob(image,offset+length,SEEK_SET);
    }
  /*
    If we are only ""pinging"" the image, then we're done - so return.
  */
  if (image_info->ping != MagickFalse)
    {
      (void) CloseBlob(image);
      return(GetFirstImageInList(image));
    }
  /*
    Read the precombined layer, present for PSD < 4 compatibility.
  */
  if (image->debug != MagickFalse)
    (void) LogMagickEvent(CoderEvent,GetMagickModule(),
      ""  reading the precombined layer"");
  if ((has_merged_image != MagickFalse) || (GetImageListLength(image) == 1))
    has_merged_image=(MagickBooleanType) ReadPSDMergedImage(image_info,image,
      &psd_info,exception);
  if ((has_merged_image == MagickFalse) && (GetImageListLength(image) == 1) &&
      (length != 0))
    {
      SeekBlob(image,offset,SEEK_SET);
      status=ReadPSDLayers(image,image_info,&psd_info,MagickFalse,exception);
      if (status != MagickTrue)
        {
          (void) CloseBlob(image);
          image=DestroyImageList(image);
          return((Image *) NULL);
        }
    }
  if ((has_merged_image == MagickFalse) && (GetImageListLength(image) > 1))
    {
      Image
        *merged;

      SetImageAlphaChannel(image,TransparentAlphaChannel,exception);
      image->background_color.alpha=TransparentAlpha;
      image->background_color.alpha_trait=BlendPixelTrait;
      merged=MergeImageLayers(image,FlattenLayer,exception);
      ReplaceImageInList(&image,merged);
    }
  (void) CloseBlob(image);
  return(GetFirstImageInList(image));
}
"
116520,CWE-125,14B,Qwen2.5-Coder-14B-Instruct,perturbed,"ishMagickMemory(var_1);
    }
  /*
    Layers and masks information.
  */
  var_12=TellBlob(var_7);
  var_9=ReadBlobMSBLong(var_7);
  if (var_9 != 0)
    {
      if (var_7->debug != MagickFalse)
        (void) LogMagickEvent(CoderEvent,GetMagickModule(),
          ""  reading layer and mask info - %.20g bytes"",(double)
          ((MagickOffsetType) var_9));
      var_3=(unsigned char *) AcquireQuantumMemory((size_t) var_9,
        sizeof(*var_3));
      if (var_3 == (unsigned char *) NULL)
        ThrowReaderException(ResourceLimitError,""MemoryAllocationFailed"");
      var_2=ReadBlob(var_7,(size_t) var_9,var_3);
      if ((var_2 != (ssize_t) var_9) ||
          (LocaleNCompare((char *) var_3,""8BPS"",4) != 0))
        {
          var_3=(unsigned char *) RelinquishMagickMemory(var_3);
          ThrowReaderException(CorruptImageError,""ImproperImageHeader"");
        }
      skip_layers=MagickFalse;
      if (var_7->number_layers != 0)
        skip_layers=MagickTrue;
      if (skip_layers == MagickFalse)
        {
          var_5=MagickTrue;
          ParseImageLayerBlocks(var_7,var_3,(size_t) var_9,&var_5,
            var_4);
        }
      var_3=(unsigned char *) RelinquishMagickMemory(var_3);
    }
  (void) SeekBlob(var_7,var_12,SEEK_SET);
  if (var_7->debug != MagickFalse)
    (void) LogMagickEvent(CoderEvent,GetMagickModule(),
      ""  reading composite image"");
  var_14=ReadPSDChannelData(var_7,var_4);
  if (var_14 == MagickFalse)
    return(DestroyImageList(var_7));
  if (var_7->colorspace == LabColorspace)
    (void) TransformImageColorspace(var_7,sRGBColorspace,var_4);
  if (var_7->colorspace == CMYKColorspace)
    (void) NegateImage","static Image *ReadPSDImage(const ImageInfo *var_8,ExceptionInfo *var_4)
{
  Image
    *var_7;

  MagickBooleanType
    var_5,
    skip_layers;

  MagickOffsetType
    var_12;

  MagickSizeType
    var_9;

  MagickBooleanType
    var_14;

  PSDInfo
    var_13;

  register ssize_t
    var_6;

  ssize_t
    var_2;

  unsigned char
    *var_3;

  /*
    Open image file.
  */
  assert(var_8 != (const ImageInfo *) NULL);
  assert(var_8->signature == MagickCoreSignature);
  if (var_8->debug != MagickFalse)
    (void) LogMagickEvent(TraceEvent,GetMagickModule(),""%s"",
      var_8->filename);
  assert(var_4 != (ExceptionInfo *) NULL);
  assert(var_4->signature == MagickCoreSignature);

  var_7=AcquireImage(var_8,var_4);
  var_14=OpenBlob(var_8,var_7,ReadBinaryBlobMode,var_4);
  if (var_14 == MagickFalse)
    {
      var_7=DestroyImageList(var_7);
      return((Image *) NULL);
    }
  /*
    Read image header.
  */
  var_7->endian=MSBEndian;
  var_2=ReadBlob(var_7,4,(unsigned char *) var_13.signature);
  var_13.version=ReadBlobMSBShort(var_7);
  if ((var_2 == 0) || (LocaleNCompare(var_13.signature,""8BPS"",4) != 0) ||
      ((var_13.version != 1) && (var_13.version != 2)))
    ThrowReaderException(CorruptImageError,""ImproperImageHeader"");
  (void) ReadBlob(var_7,6,var_13.reserved);
  var_13.channels=ReadBlobMSBShort(var_7);
  if (var_13.channels > MaxPSDChannels)
    ThrowReaderException(CorruptImageError,""MaximumChannelsExceeded"");
  var_13.rows=ReadBlobMSBLong(var_7);
  var_13.columns=ReadBlobMSBLong(var_7);
  if ((var_13.version == 1) && ((var_13.rows > 30000) ||
      (var_13.columns > 30000)))
    ThrowReaderException(CorruptImageError,""ImproperImageHeader"");
  var_13.depth=ReadBlobMSBShort(var_7);
  if ((var_13.depth != 1) && (var_13.depth != 8) && (var_13.depth != 16))
    ThrowReaderException(CorruptImageError,""ImproperImageHeader"");
  var_13.mode=ReadBlobMSBShort(var_7);
  if (var_7->debug != MagickFalse)
    (void) LogMagickEvent(CoderEvent,GetMagickModule(),
      ""  Image is %.20g x %.20g with channels=%.20g, depth=%.20g, mode=%s"",
      (double) var_13.columns,(double) var_13.rows,(double)
      var_13.channels,(double) var_13.depth,ModeToString((PSDImageType)
      var_13.mode));
  /*
    Initialize image.
  */
  var_7->depth=var_13.depth;
  var_7->columns=var_13.columns;
  var_7->rows=var_13.rows;
  var_14=SetImageExtent(var_7,var_7->columns,var_7->rows,var_4);
  if (var_14 == MagickFalse)
    return(DestroyImageList(var_7));
  if (SetImageBackgroundColor(var_7,var_4) == MagickFalse)
    {
      var_7=DestroyImageList(var_7);
      return((Image *) NULL);
    }
  if (var_13.mode == LabMode)
    SetImageColorspace(var_7,LabColorspace,var_4);
  if (var_13.mode == CMYKMode)
    {
      SetImageColorspace(var_7,CMYKColorspace,var_4);
      var_7->alpha_trait=var_13.channels > 4 ? BlendPixelTrait :
        UndefinedPixelTrait;
    }
  else if ((var_13.mode == BitmapMode) || (var_13.mode == GrayscaleMode) ||
      (var_13.mode == DuotoneMode))
    {
      var_14=AcquireImageColormap(var_7,var_13.depth != 16 ? 256 : 65536,
        var_4);
      if (var_14 == MagickFalse)
        ThrowReaderException(ResourceLimitError,""MemoryAllocationFailed"");
      if (var_7->debug != MagickFalse)
        (void) LogMagickEvent(CoderEvent,GetMagickModule(),
          ""  Image colormap allocated"");
      SetImageColorspace(var_7,GRAYColorspace,var_4);
      var_7->alpha_trait=var_13.channels > 1 ? BlendPixelTrait :
        UndefinedPixelTrait;
    }
  else
    var_7->alpha_trait=var_13.channels > 3 ? BlendPixelTrait :
      UndefinedPixelTrait;
  /*
    Read PSD raster colormap only present for indexed and duotone images.
  */
  var_9=ReadBlobMSBLong(var_7);
  if (var_9 != 0)
    {
      if (var_7->debug != MagickFalse)
        (void) LogMagickEvent(CoderEvent,GetMagickModule(),
          ""  reading colormap"");
      if (var_13.mode == DuotoneMode)
        {
          /*
            Duotone image data;  the format of this data is undocumented.
          */
          var_3=(unsigned char *) AcquireQuantumMemory((size_t) var_9,
            sizeof(*var_3));
          if (var_3 == (unsigned char *) NULL)
            ThrowReaderException(ResourceLimitError,""MemoryAllocationFailed"");
          (void) ReadBlob(var_7,(size_t) var_9,var_3);
          var_3=(unsigned char *) RelinquishMagickMemory(var_3);
        }
      else
        {
          size_t
            var_11;

          /*
            Read PSD raster colormap.
          */
          var_11=var_9/3;
          if (var_11 > 65536)
            ThrowReaderException(CorruptImageError,""ImproperImageHeader"");
          if (AcquireImageColormap(var_7,var_11,var_4) == MagickFalse)
            ThrowReaderException(ResourceLimitError,""MemoryAllocationFailed"");
          for (var_6=0; var_6 < (ssize_t) var_7->colors; var_6++)
            var_7->colormap[var_6].red=ScaleCharToQuantum((unsigned char)
              ReadBlobByte(var_7));
          for (var_6=0; var_6 < (ssize_t) var_7->colors; var_6++)
            var_7->colormap[var_6].green=ScaleCharToQuantum((unsigned char)
              ReadBlobByte(var_7));
          for (var_6=0; var_6 < (ssize_t) var_7->colors; var_6++)
            var_7->colormap[var_6].blue=ScaleCharToQuantum((unsigned char)
              ReadBlobByte(var_7));
          var_7->alpha_trait=UndefinedPixelTrait;
        }
    }
  if ((var_7->depth == 1) && (var_7->storage_class != PseudoClass))
    ThrowReaderException(CorruptImageError, ""ImproperImageHeader"");
  var_5=MagickTrue;
  var_9=ReadBlobMSBLong(var_7);
  if (var_9 != 0)
    {
      unsigned char
        *var_1;

      /*
        Image resources block.
      */
      if (var_7->debug != MagickFalse)
        (void) LogMagickEvent(CoderEvent,GetMagickModule(),
          ""  reading image resource blocks - %.20g bytes"",(double)
          ((MagickOffsetType) var_9));
      var_1=(unsigned char *) AcquireQuantumMemory((size_t) var_9,
        sizeof(*var_1));
       if (var_1 == (unsigned char *) NULL)
         ThrowReaderException(ResourceLimitError,""MemoryAllocationFailed"");
       var_2=ReadBlob(var_7,(size_t) var_9,var_1);
      if ((var_2 != (ssize_t) var_9) ||
           (LocaleNCompare((char *) var_1,""8BIM"",4) != 0))
         {
           var_1=(unsigned char *) RelinquishMagickMemory(var_1);
          ThrowReaderException(CorruptImageError,""ImproperImageHeader"");
        }
      ParseImageResourceBlocks(var_7,var_1,(size_t) var_9,&var_5,
        var_4);
      var_1=(unsigned char *) RelinquishMagickMemory(var_1);
    }
  /*
    Layer and mask block.
  */
  var_9=GetPSDSize(&var_13,var_7);
  if (var_9 == 8)
    {
      var_9=ReadBlobMSBLong(var_7);
      var_9=ReadBlobMSBLong(var_7);
    }
  var_12=TellBlob(var_7);
  skip_layers=MagickFalse;
  if ((var_8->number_scenes == 1) && (var_8->scene == 0) &&
      (var_5 != MagickFalse))
    {
      if (var_7->debug != MagickFalse)
        (void) LogMagickEvent(CoderEvent,GetMagickModule(),
          ""  read composite only"");
      skip_layers=MagickTrue;
    }
  if (var_9 == 0)
    {
      if (var_7->debug != MagickFalse)
        (void) LogMagickEvent(CoderEvent,GetMagickModule(),
          ""  image has no layers"");
    }
  else
    {
      if (ReadPSDLayers(var_7,var_8,&var_13,skip_layers,var_4) !=
          MagickTrue)
        {
          (void) CloseBlob(var_7);
          var_7=DestroyImageList(var_7);
          return((Image *) NULL);
        }

      /*
         Skip the rest of the layer and mask information.
      */
      SeekBlob(var_7,var_12+var_9,SEEK_SET);
    }
  /*
    If we are only ""pinging"" the image, then we're done - so return.
  */
  if (var_8->ping != MagickFalse)
    {
      (void) CloseBlob(var_7);
      return(GetFirstImageInList(var_7));
    }
  /*
    Read the precombined layer, present for PSD < 4 compatibility.
  */
  if (var_7->debug != MagickFalse)
    (void) LogMagickEvent(CoderEvent,GetMagickModule(),
      ""  reading the precombined layer"");
  if ((var_5 != MagickFalse) || (GetImageListLength(var_7) == 1))
    var_5=(MagickBooleanType) ReadPSDMergedImage(var_8,var_7,
      &var_13,var_4);
  if ((var_5 == MagickFalse) && (GetImageListLength(var_7) == 1) &&
      (var_9 != 0))
    {
      SeekBlob(var_7,var_12,SEEK_SET);
      var_14=ReadPSDLayers(var_7,var_8,&var_13,MagickFalse,var_4);
      if (var_14 != MagickTrue)
        {
          (void) CloseBlob(var_7);
          var_7=DestroyImageList(var_7);
          return((Image *) NULL);
        }
    }
  if ((var_5 == MagickFalse) && (GetImageListLength(var_7) > 1))
    {
      Image
        *var_10;

      SetImageAlphaChannel(var_7,TransparentAlphaChannel,var_4);
      var_7->background_color.alpha=TransparentAlpha;
      var_7->background_color.alpha_trait=BlendPixelTrait;
      var_10=MergeImageLayers(var_7,FlattenLayer,var_4);
      ReplaceImageInList(&var_7,var_10);
    }
  (void) CloseBlob(var_7);
  return(GetFirstImageInList(var_7));
}
"
8280,CWE-254,14B,Qwen2.5-Coder-14B-Instruct,baseline,"The vulnerability in this C++ code is related to the use of `getAttribute` function which can potentially return a null pointer. If `getAttribute` returns a null pointer, then calling `equalIgnoringCase` on it will result in undefined behavior. This can lead to crashes or security vulnerabilities such as buffer overflows or arbitrary code execution.

To fix this vulnerability, we need to add a check to ensure that `getAttribute` does not return a null pointer before calling `equalIgnoringCase`. Here's an updated version of the code with the fix:

bool AXLayoutObject::isSelected() const {
  if (!getLayoutObject() || !getNode())
     return false;
 
   const AtomicString& ariaSelected = getAttribute(aria_selectedAttr);
  if (ariaSelected.isNull())
     return false;
 
   if (equalIgnoringCase(ariaSelected, ""true""))
     return true;
 
   AXObject* focusedObject = axObjectCache().focusedObject();
  if (ariaRoleAttribute() == ListBoxOptionRole && focusedObject &&
      focusedObject->activeDescendant() == this) {
    return true;
  }

  if (isTabItem() && isTabItemSelected())
    return true;

  return false;
}

In this updated code, we added a check to see if `ariaSelected` is null before calling `equalIgnoringCase`. If it is null, we simply return false instead of calling `equalIgnoringCase`, which avoids the potential for undefined behavior.
The vulnerability in this C++ code is related to the use of `getAttribute` function which can potentially return a null pointer. If `getAttribute` returns a null pointer, then calling `equalIgnoringCase` on it will result in undefined behavior. This can lead to crashes or security vulnerabilities such as buffer overflows or arbitrary code execution.

To fix this vulnerability, we need to add a check to ensure that `getAttribute` does not return a null pointer before calling `equalIgnoringCase`. Here's an updated version of the code with the fix:

```cpp
bool AXLayoutObject::isSelected() const {
  if (!getLayoutObject() || !getNode())
     return false;
 
   const AtomicString& ariaSelected = getAttribute(aria_selectedAttr);
  if (ariaSelected.isNull())
     return false;
 
   if (equalIgnoringCase(ariaSelected, ""true""))
     return true;
 
   AXObject* focusedObject = axObjectCache().focusedObject();
  if (ariaRoleAttribute() == ListBoxOptionRole && focusedObject &&
      focusedObject->","bool AXLayoutObject::isSelected() const {
  if (!getLayoutObject() || !getNode())
     return false;
 
   const AtomicString& ariaSelected = getAttribute(aria_selectedAttr);
  if (equalIgnoringCase(ariaSelected, ""true""))
     return true;
 
   AXObject* focusedObject = axObjectCache().focusedObject();
  if (ariaRoleAttribute() == ListBoxOptionRole && focusedObject &&
      focusedObject->activeDescendant() == this) {
    return true;
  }

  if (isTabItem() && isTabItemSelected())
    return true;

  return false;
}
"
8280,CWE-254,14B,Qwen2.5-Coder-14B-Instruct,perturbed,"The vulnerability in this C++ code is related to the use of `getAttribute` function which can potentially return a null pointer. If `getAttribute` returns a null pointer, then calling `equalIgnoringCase` on it will result in undefined behavior. This can lead to crashes or security vulnerabilities such as buffer overflows or arbitrary code execution.

To fix this vulnerability, we need to add a check to ensure that `getAttribute` does not return a null pointer before calling `equalIgnoringCase`. Here's an updated version of the code with the fix:

```cpp
bool AXLayoutObject::isSelected() const {
  if (!getLayoutObject() || !getNode())
     return false;
 
   const AtomicString& var_1 = getAttribute(aria_selectedAttr);
   if (var_1.isNull()) // Check for null pointer
     return false;
 
   if (equalIgnoringCase(var_1, ""true""))
     return true;
 
   AXObject* var_2 = axObjectCache().focusedObject();
   if (ariaRoleAttribute() == ListBoxOptionRole && var_2 &&
       var_2->activeDescendant() == this) {
     return true;
   }

   if (isTabItem() && isTabItemSelected())
     return true;

   return false;
}
```

In this updated code, we added a check to see if `var_1` is null before calling `equalIgnoringCase`. If `var_1` is null, we simply return false instead of calling `equalIgnoringCase`, which prevents undefined behavior and potential security vulnerabilities.","bool AXLayoutObject::isSelected() const {
  if (!getLayoutObject() || !getNode())
     return false;
 
   const AtomicString& var_1 = getAttribute(aria_selectedAttr);
  if (equalIgnoringCase(var_1, ""true""))
     return true;
 
   AXObject* var_2 = axObjectCache().focusedObject();
  if (ariaRoleAttribute() == ListBoxOptionRole && var_2 &&
      var_2->activeDescendant() == this) {
    return true;
  }

  if (isTabItem() && isTabItemSelected())
    return true;

  return false;
}
"
35740,CWE-119,14B,Qwen2.5-Coder-14B-Instruct,baseline,"The vulnerability in the code is related to the handling of UTF-8 encoded strings. Specifically, the code does not correctly handle invalid UTF-8 sequences. When an invalid sequence is encountered, the code treats it as a valid sequence of bytes and appends it to the output buffer. This can lead to security vulnerabilities such as buffer overflows or arbitrary code execution if the invalid sequence is crafted in a specific way. The comment ""FIXME: check that the invalid encoding handling is correct"" indicates that the developers are aware of this issue but have not yet addressed it. To fix this vulnerability, the code should be modified to properly validate UTF-8 sequences before appending them to the output buffer. This can be done by checking the byte patterns of the sequences and ensuring that they conform to the UTF-8 encoding rules. Additionally, the code should be modified to handle invalid sequences in a safe manner, such as by skipping them or replacing them with a placeholder character. By addressing this vulnerability, the code can be made more secure and resistant to attacks that exploit invalid UTF-8 sequences.","append_utf8_value (const unsigned char *value, size_t length,
                   struct stringbuf *sb)
{
  unsigned char tmp[6];
  const unsigned char *s;
  size_t n;
  int i, nmore;

  if (length && (*value == ' ' || *value == '#'))
    {
      tmp[0] = '\\';
      tmp[1] = *value;
      put_stringbuf_mem (sb, tmp, 2);
      value++;
      length--;
    }
  if (length && value[length-1] == ' ')
    {
      tmp[0] = '\\';
      tmp[1] = ' ';
      put_stringbuf_mem (sb, tmp, 2);
       length--;
     }
 
  /* FIXME: check that the invalid encoding handling is correct */
   for (s=value, n=0;;)
     {
       for (value = s; n < length && !(*s & 0x80); n++, s++)
      for (value = s; n < length && !(*s & 0x80); n++, s++)
        ;
         append_quoted (sb, value, s-value, 0);
       if (n==length)
         return; /* ready */
      assert ((*s & 0x80));
      if ( (*s & 0xe0) == 0xc0 )      /* 110x xxxx */
         nmore = 1;
       else if ( (*s & 0xf0) == 0xe0 ) /* 1110 xxxx */
         nmore = 2;
      else if ( (*s & 0xf8) == 0xf0 ) /* 1111 0xxx */
        nmore = 3;
      else if ( (*s & 0xfc) == 0xf8 ) /* 1111 10xx */
         nmore = 4;
       else if ( (*s & 0xfe) == 0xfc ) /* 1111 110x */
         nmore = 5;
      else /* invalid encoding */
        nmore = 5;  /* we will reduce the check length anyway */
      if (n+nmore > length)
        nmore = length - n; /* oops, encoding to short */
 
      tmp[0] = *s++; n++;
      for (i=1; i <= nmore; i++)
         {
          if ( (*s & 0xc0) != 0x80)
            break; /* invalid encoding - stop */
          tmp[i] = *s++;
          n++;
         }
      put_stringbuf_mem (sb, tmp, i);
     }
 }
"
35740,CWE-119,14B,Qwen2.5-Coder-14B-Instruct,perturbed,"The vulnerability in the code is related to the handling of UTF-8 encoded characters. Specifically, the code does not correctly handle cases where the UTF-8 encoding is invalid or incomplete. This can lead to buffer overflows or other security issues. The code assumes that the input data is always valid UTF-8, but this assumption may not be true in all cases. To fix this vulnerability, the code should include additional checks to ensure that the input data is properly encoded before processing it. Additionally, the code should be modified to handle cases where the input data is not valid UTF-8, such as by skipping over invalid bytes or replacing them with a placeholder character. The code also has a redundant loop that increments `var_3` and `var_2` twice, which could potentially cause an infinite loop if the input data is not properly terminated. This should be fixed by removing one of the loops. Finally, the code includes a FIXME comment indicating that the invalid encoding handling is not yet correct, which should be addressed to ensure that the code is secure and robust. The code also has a potential issue with the `assert` statement, which could cause the program to crash if the condition is not met. This should be replaced with a more robust error handling mechanism to ensure that the program can continue running even if an error occurs. Overall, the code has several potential vulnerabilities that need to be addressed to ensure that it is secure and robust. The code also has a potential issue with the `assert` statement, which could cause the program to crash if the condition is not met. This should be replaced with a more robust error handling mechanism to ensure that the program can continue running even if an error occurs. Overall, the code has several potential vulnerabilities that need to be addressed to ensure that it is secure and robust. The code also has a potential issue with the `assert` statement, which could cause the program to crash if the condition is not met. This should be replaced with a more robust error handling mechanism to ensure that the program can continue running even if an error occurs. Overall, the code has several potential vulnerabilities that need to be addressed to ensure that it is secure and robust. The code also has a potential issue with the `assert` statement, which could cause the program to crash if the condition is not met. This should be replaced with a more robust error handling mechanism to ensure that the program can continue running even if an error occurs. Overall, the code has several potential vulnerabilities that need to be addressed to ensure that it is","append_utf8_value (const unsigned char *var_4, size_t length,
                   struct stringbuf *sb)
{
  unsigned char tmp[6];
  const unsigned char *var_3;
  size_t var_2;
  int var_1, nmore;

  if (length && (*var_4 == ' ' || *var_4 == '#'))
    {
      tmp[0] = '\\';
      tmp[1] = *var_4;
      put_stringbuf_mem (sb, tmp, 2);
      var_4++;
      length--;
    }
  if (length && var_4[length-1] == ' ')
    {
      tmp[0] = '\\';
      tmp[1] = ' ';
      put_stringbuf_mem (sb, tmp, 2);
       length--;
     }
 
  /* FIXME: check that the invalid encoding handling is correct */
   for (var_3=var_4, var_2=0;;)
     {
       for (var_4 = var_3; var_2 < length && !(*var_3 & 0x80); var_2++, var_3++)
      for (var_4 = var_3; var_2 < length && !(*var_3 & 0x80); var_2++, var_3++)
        ;
         append_quoted (sb, var_4, var_3-var_4, 0);
       if (var_2==length)
         return; /* ready */
      assert ((*var_3 & 0x80));
      if ( (*var_3 & 0xe0) == 0xc0 )      /* 110x xxxx */
         nmore = 1;
       else if ( (*var_3 & 0xf0) == 0xe0 ) /* 1110 xxxx */
         nmore = 2;
      else if ( (*var_3 & 0xf8) == 0xf0 ) /* 1111 0xxx */
        nmore = 3;
      else if ( (*var_3 & 0xfc) == 0xf8 ) /* 1111 10xx */
         nmore = 4;
       else if ( (*var_3 & 0xfe) == 0xfc ) /* 1111 110x */
         nmore = 5;
      else /* invalid encoding */
        nmore = 5;  /* we will reduce the check length anyway */
      if (var_2+nmore > length)
        nmore = length - var_2; /* oops, encoding to short */
 
      tmp[0] = *var_3++; var_2++;
      for (var_1=1; var_1 <= nmore; var_1++)
         {
          if ( (*var_3 & 0xc0) != 0x80)
            break; /* invalid encoding - stop */
          tmp[var_1] = *var_3++;
          var_2++;
         }
      put_stringbuf_mem (sb, tmp, var_1);
     }
 }
"
22625,CWE-611,14B,Qwen2.5-Coder-14B-Instruct,baseline,"The vulnerability in this C code is that it does not properly handle the case where the entity being referenced is not found. Specifically, the code does not check if the entity is NULL before attempting to use it. This can lead to a segmentation fault or other undefined behavior when the code tries to access members of the entity structure. Additionally, the code does not handle the case where the entity is not a parameter entity, which can also lead to undefined behavior. To fix this vulnerability, the code should add checks to ensure that the entity is not NULL and that it is a parameter entity before using it. ``` ``` ``` ``` ``` ``` ``` ``` ``` ``` ``` ``` ``` ``` ``` ``` ``` ``` ``` ``` ``` ``` ``` ``` ``` ``` ``` ``` ``` ``` ``` ``` ``` ``` ``` ``` ``` ``` ``` ``` ``` ``` ``` ``` ``` ``` ``` ``` ``` ``` ``` ``` ``` ``` ``` ``` ``` ``` ``` ``` ``` ``` ``` ``` ``` ``` ``` ``` ``` ``` ``` ``` ``` ``` ``` ``` ``` ``` ``` ``` ``` ``` ``` ``` ``` ``` ``` ``` ``` ``` ``` ``` ``` ``` ``` ``` ``` ``` ``` ``` ``` ``` ``` ``` ``` ``` ``` ``` ``` ``` ``` ``` ``` ``` ``` ``` ``` ``` ``` ``` ``` ``` ``` ``` ``` ``` ``` ``` ``` ``` ``` ``` ``` ``` ``` ``` ``` ``` ``` ``` ``` ``` ``` ``` ``` ``` ``` ``` ``` ``` ``` ``` ``` ``` ``` ``` ``` ``` ``` ``` ``` ``` ``` ``` ``` ``` ``` ``` ``` ``` ``` ``` ``` ``` ``` ``` ``` ``` ``` ``` ``` ``` ``` ``` ``` ``` ``` ``` ``` ``` ``` ``` ``` ``` ``` ``` ``` ``` ``` ``` ``` ``` ``` ``` ``` ``` ``` ``` ``` ``` ``` ``` ``` ``` ``` ``` ``` ``` ``` ``` ``` ``` ``` ``` ``` ``` ``` ``` ``` ``` ``` ``` ``` ``` ``` ``` ``` ``` ``` ``` ``` ``` ``` ``` ``` ``` ``` ``` ``` ``` ``` ``` ``` ``` ``` ``` ``` ``` ``` ``` ``` ``` ``` ``` ``` ``` ``` ``` ``` ``` ``` ``` ``` ``` ``` ``` ``` ``` ``` ``` ``` ``` ``` ``` ``` ``` ``` ``` ``` ``` ``` ``` ``` ``` ``` ``` ``` ``` ``` ``` ``` ``` ``` ``` ``` ``` ``` ``` ``` ``` ``` ``` ``` ``` ``` ``` ``` ``` ``` ``` ``` ``` ``` ``` ``` ``` ``` ``` ``` ``` ``` ``` ``` ``` ``` ``` ``` ``` ``` ``` ``` ``` ``` ``` ``` ``` ``` ``` ``` ``` ``` ``` ``` ``` ``` ``` ``` ``` ``` ``` ``` ``` ``` ``` ``` ``` ``` ``` ``` ``` ``` ``` ``` ``` ``` ``` ``` ``` ``` ``` ``` ``` ``` ``` ``` ``` ``` ``` ``` ``` ``` ```","xmlParsePEReference(xmlParserCtxtPtr ctxt)
{
 const xmlChar *name;
    xmlEntityPtr entity = NULL;
    xmlParserInputPtr input;

 if (RAW != '%')
 return;
    NEXT;
    name = xmlParseName(ctxt);
 if (name == NULL) {
	xmlFatalErrMsg(ctxt, XML_ERR_NAME_REQUIRED,
 ""xmlParsePEReference: no name\n"");
 return;
 }
 if (RAW != ';') {
	xmlFatalErr(ctxt, XML_ERR_ENTITYREF_SEMICOL_MISSING, NULL);
 return;
 }

    NEXT;

 /*
     * Increate the number of entity references parsed
     */
    ctxt->nbentities++;

 /*
     * Request the entity from SAX
     */
 if ((ctxt->sax != NULL) &&
 (ctxt->sax->getParameterEntity != NULL))
	entity = ctxt->sax->getParameterEntity(ctxt->userData, name);
 if (ctxt->instate == XML_PARSER_EOF)
 return;
 if (entity == NULL) {
 /*
	 * [ WFC: Entity Declared ]
	 * In a document without any DTD, a document with only an
	 * internal DTD subset which contains no parameter entity
	 * references, or a document with ""standalone='yes'"", ...
	 * ... The declaration of a parameter entity must precede
	 * any reference to it...
	 */
 if ((ctxt->standalone == 1) ||
 ((ctxt->hasExternalSubset == 0) &&
 (ctxt->hasPErefs == 0))) {
	    xmlFatalErrMsgStr(ctxt, XML_ERR_UNDECLARED_ENTITY,
 ""PEReference: %%%s; not found\n"",
			      name);
 } else {
 /*
	     * [ VC: Entity Declared ]
	     * In a document with an external subset or external
	     * parameter entities with ""standalone='no'"", ...
	     * ... The declaration of a parameter entity must
	     * precede any reference to it...
	     */
	    xmlWarningMsg(ctxt, XML_WAR_UNDECLARED_ENTITY,
 ""PEReference: %%%s; not found\n"",
			  name, NULL);
	    ctxt->valid = 0;
 }
	xmlParserEntityCheck(ctxt, 0, NULL, 0);
 } else {
 /*
	 * Internal checking in case the entity quest barfed
	 */
 if ((entity->etype != XML_INTERNAL_PARAMETER_ENTITY) &&
 (entity->etype != XML_EXTERNAL_PARAMETER_ENTITY)) {
	    xmlWarningMsg(ctxt, XML_WAR_UNDECLARED_ENTITY,
 ""Internal: %%%s; is not a parameter entity\n"",
			  name, NULL);
 } else if (ctxt->input->free != deallocblankswrapper) {
	    input = xmlNewBlanksWrapperInputStream(ctxt, entity);

 	    if (xmlPushInput(ctxt, input) < 0)
 		return;
 	} else {
 	    /*
 	     * TODO !!!
 	     * handle the extra spaces added before and after
	     * c.f. http://www.w3.org/TR/REC-xml#as-PE
	     */
	    input = xmlNewEntityInputStream(ctxt, entity);
 if (xmlPushInput(ctxt, input) < 0)
 return;
 if ((entity->etype == XML_EXTERNAL_PARAMETER_ENTITY) &&
 (CMP5(CUR_PTR, '<', '?', 'x', 'm', 'l')) &&
 (IS_BLANK_CH(NXT(5)))) {
		xmlParseTextDecl(ctxt);
 if (ctxt->errNo ==
		    XML_ERR_UNSUPPORTED_ENCODING) {
 /*
		     * The XML REC instructs us to stop parsing
		     * right here
		     */
		    xmlHaltParser(ctxt);
 return;
 }
 }
 }
 }
    ctxt->hasPErefs = 1;
}
"
22625,CWE-611,14B,Qwen2.5-Coder-14B-Instruct,perturbed,"The vulnerability in this C code is a buffer overflow. The function `xmlParseName` is called to parse the name of the parameter entity reference, but there is no check to ensure that the length of the name does not exceed the size of the buffer allocated for it. This can lead to a buffer overflow if a very long name is provided, potentially allowing an attacker to overwrite adjacent memory and execute arbitrary code. The danger lies in the fact that this type of vulnerability can be exploited to gain unauthorized access to the system or cause a denial of service by crashing the application. To mitigate this risk, the code should include bounds checking when allocating and using buffers for storing names.","xmlParsePEReference(xmlParserCtxtPtr ctxt)
{
 const xmlChar *var_3;
    xmlEntityPtr var_1 = NULL;
    xmlParserInputPtr var_2;

 if (RAW != '%')
 return;
    NEXT;
    var_3 = xmlParseName(ctxt);
 if (var_3 == NULL) {
	xmlFatalErrMsg(ctxt, XML_ERR_NAME_REQUIRED,
 ""xmlParsePEReference: no name\n"");
 return;
 }
 if (RAW != ';') {
	xmlFatalErr(ctxt, XML_ERR_ENTITYREF_SEMICOL_MISSING, NULL);
 return;
 }

    NEXT;

 /*
     * Increate the number of entity references parsed
     */
    ctxt->nbentities++;

 /*
     * Request the entity from SAX
     */
 if ((ctxt->sax != NULL) &&
 (ctxt->sax->getParameterEntity != NULL))
	var_1 = ctxt->sax->getParameterEntity(ctxt->userData, var_3);
 if (ctxt->instate == XML_PARSER_EOF)
 return;
 if (var_1 == NULL) {
 /*
	 * [ WFC: Entity Declared ]
	 * In a document without any DTD, a document with only an
	 * internal DTD subset which contains no parameter entity
	 * references, or a document with ""standalone='yes'"", ...
	 * ... The declaration of a parameter entity must precede
	 * any reference to it...
	 */
 if ((ctxt->standalone == 1) ||
 ((ctxt->hasExternalSubset == 0) &&
 (ctxt->hasPErefs == 0))) {
	    xmlFatalErrMsgStr(ctxt, XML_ERR_UNDECLARED_ENTITY,
 ""PEReference: %%%s; not found\n"",
			      var_3);
 } else {
 /*
	     * [ VC: Entity Declared ]
	     * In a document with an external subset or external
	     * parameter entities with ""standalone='no'"", ...
	     * ... The declaration of a parameter entity must
	     * precede any reference to it...
	     */
	    xmlWarningMsg(ctxt, XML_WAR_UNDECLARED_ENTITY,
 ""PEReference: %%%s; not found\n"",
			  var_3, NULL);
	    ctxt->valid = 0;
 }
	xmlParserEntityCheck(ctxt, 0, NULL, 0);
 } else {
 /*
	 * Internal checking in case the entity quest barfed
	 */
 if ((var_1->etype != XML_INTERNAL_PARAMETER_ENTITY) &&
 (var_1->etype != XML_EXTERNAL_PARAMETER_ENTITY)) {
	    xmlWarningMsg(ctxt, XML_WAR_UNDECLARED_ENTITY,
 ""Internal: %%%s; is not a parameter entity\n"",
			  var_3, NULL);
 } else if (ctxt->input->free != deallocblankswrapper) {
	    var_2 = xmlNewBlanksWrapperInputStream(ctxt, var_1);

 	    if (xmlPushInput(ctxt, var_2) < 0)
 		return;
 	} else {
 	    /*
 	     * TODO !!!
 	     * handle the extra spaces added before and after
	     * c.f. http://www.w3.org/TR/REC-xml#as-PE
	     */
	    var_2 = xmlNewEntityInputStream(ctxt, var_1);
 if (xmlPushInput(ctxt, var_2) < 0)
 return;
 if ((var_1->etype == XML_EXTERNAL_PARAMETER_ENTITY) &&
 (CMP5(CUR_PTR, '<', '?', 'x', 'm', 'l')) &&
 (IS_BLANK_CH(NXT(5)))) {
		xmlParseTextDecl(ctxt);
 if (ctxt->errNo ==
		    XML_ERR_UNSUPPORTED_ENCODING) {
 /*
		     * The XML REC instructs us to stop parsing
		     * right here
		     */
		    xmlHaltParser(ctxt);
 return;
 }
 }
 }
 }
    ctxt->hasPErefs = 1;
}
"
115085,CWE-399,14B,Qwen2.5-Coder-14B-Instruct,baseline,"The vulnerability in this C code is a buffer overflow. The `v9fs_string_init` function initializes the `name` variable, but there is no check to ensure that the `name` string does not exceed the allocated buffer size. This can lead to a buffer overflow if the input string is too long, potentially allowing an attacker to overwrite adjacent memory and execute arbitrary code.

To fix this vulnerability, you should add a length check when unmarshalling the `name` string to ensure it does not exceed a safe maximum length. For example:

```c
err = pdu_unmarshal(pdu, offset, ""dds"", &dfid, &oldfid, &name);
if (err < 0 || name.size > MAX_NAME_LENGTH) {
    goto out_nofid;
}
```

Where `MAX_NAME_LENGTH` is a predefined constant representing the maximum safe length for the `name` string. This will prevent the buffer overflow by ensuring that the `name` string does not exceed the allocated buffer size.","static void coroutine_fn v9fs_link(void *opaque)
{
    V9fsPDU *pdu = opaque;
    int32_t dfid, oldfid;
    V9fsFidState *dfidp, *oldfidp;
    V9fsString name;
    size_t offset = 7;
    int err = 0;

    v9fs_string_init(&name);
    err = pdu_unmarshal(pdu, offset, ""dds"", &dfid, &oldfid, &name);
    if (err < 0) {
        goto out_nofid;
    }
    trace_v9fs_link(pdu->tag, pdu->id, dfid, oldfid, name.data);

    if (name_is_illegal(name.data)) {
        err = -ENOENT;
        goto out_nofid;
    }

    if (!strcmp(""."", name.data) || !strcmp("".."", name.data)) {
        err = -EEXIST;
        goto out_nofid;
    }

    dfidp = get_fid(pdu, dfid);
    if (dfidp == NULL) {
        err = -ENOENT;
        goto out_nofid;
    }

    oldfidp = get_fid(pdu, oldfid);
    if (oldfidp == NULL) {
        err = -ENOENT;
        goto out;
    }
    err = v9fs_co_link(pdu, oldfidp, dfidp, &name);
     if (!err) {
         err = offset;
     }
 out:
     put_fid(pdu, dfidp);
 out_nofid:
    pdu_complete(pdu, err);
}
"
115085,CWE-399,14B,Qwen2.5-Coder-14B-Instruct,perturbed,"The vulnerability in the provided C code is a potential buffer overflow. The `v9fs_string_init` function initializes the `V9fsString` structure, but it does not allocate any memory for the string data. When `pdu_unmarshal` is called with the format string `""dds""`, it expects to find three data items: an integer (`int32_t`), another integer (`int32_t`), and a string (`V9fsString`). However, since `v9fs_string_init` did not allocate any memory for the string data, if the string data received from the PDU is larger than the allocated buffer, it will overwrite adjacent memory, potentially leading to undefined behavior, crashes, or security vulnerabilities such as code execution.

To fix this vulnerability, the `v9fs_string_init` function should allocate memory for the string data based on the expected size of the string that will be unmarshaled. Additionally, proper bounds checking should be implemented to ensure that the string data does not exceed the allocated buffer size. This can be done by checking the length of the string before copying it into the allocated buffer.","static void coroutine_fn v9fs_link(void *var_6)
{
    V9fsPDU *var_7 = var_6;
    int32_t var_1, oldfid;
    V9fsFidState *var_2, *oldfidp;
    V9fsString var_4;
    size_t var_5 = 7;
    int var_3 = 0;

    v9fs_string_init(&var_4);
    var_3 = pdu_unmarshal(var_7, var_5, ""dds"", &var_1, &oldfid, &var_4);
    if (var_3 < 0) {
        goto out_nofid;
    }
    trace_v9fs_link(var_7->tag, var_7->id, var_1, oldfid, var_4.data);

    if (name_is_illegal(var_4.data)) {
        var_3 = -ENOENT;
        goto out_nofid;
    }

    if (!strcmp(""."", var_4.data) || !strcmp("".."", var_4.data)) {
        var_3 = -EEXIST;
        goto out_nofid;
    }

    var_2 = get_fid(var_7, var_1);
    if (var_2 == NULL) {
        var_3 = -ENOENT;
        goto out_nofid;
    }

    oldfidp = get_fid(var_7, oldfid);
    if (oldfidp == NULL) {
        var_3 = -ENOENT;
        goto out;
    }
    var_3 = v9fs_co_link(var_7, oldfidp, var_2, &var_4);
     if (!var_3) {
         var_3 = var_5;
     }
 out:
     put_fid(var_7, var_2);
 out_nofid:
    pdu_complete(var_7, var_3);
}
"
99945,CWE-20,14B,Qwen2.5-Coder-14B-Instruct,baseline,"The vulnerability in this C code is that it does not handle symbolic links correctly. Specifically, it does not check for symbolic links when traversing the path, which can lead to directory traversal attacks. An attacker could exploit this by creating a symbolic link to a sensitive file or directory, and then using this function to access or modify the contents of that file or directory. This could potentially lead to unauthorized access or data corruption. To fix this vulnerability, the code should be modified to check for symbolic links and handle them appropriately, such as by resolving them to their target paths before processing.","cleanup_pathname(struct archive_write_disk *a)
 {
 	char *dest, *src;
 	char separator = '\0';
 
	dest = src = a->name;
 	if (*src == '\0') {
		archive_set_error(&a->archive, ARCHIVE_ERRNO_MISC,
		    ""Invalid empty pathname"");
 		return (ARCHIVE_FAILED);
 	}
 
#if defined(__CYGWIN__)
	cleanup_pathname_win(a);
 #endif
 	/* Skip leading '/'. */
 	if (*src == '/') {
		if (a->flags & ARCHIVE_EXTRACT_SECURE_NOABSOLUTEPATHS) {
			archive_set_error(&a->archive, ARCHIVE_ERRNO_MISC,
			                  ""Path is absolute"");
 			return (ARCHIVE_FAILED);
 		}
 
		separator = *src++;
	}

	/* Scan the pathname one element at a time. */
	for (;;) {
		/* src points to first char after '/' */
		if (src[0] == '\0') {
			break;
		} else if (src[0] == '/') {
			/* Found '//', ignore second one. */
			src++;
			continue;
		} else if (src[0] == '.') {
			if (src[1] == '\0') {
				/* Ignore trailing '.' */
				break;
			} else if (src[1] == '/') {
				/* Skip './'. */
				src += 2;
				continue;
 			} else if (src[1] == '.') {
 				if (src[2] == '/' || src[2] == '\0') {
 					/* Conditionally warn about '..' */
					if (a->flags & ARCHIVE_EXTRACT_SECURE_NODOTDOT) {
						archive_set_error(&a->archive,
						    ARCHIVE_ERRNO_MISC,
						    ""Path contains '..'"");
 						return (ARCHIVE_FAILED);
 					}
 				}
				/*
				 * Note: Under no circumstances do we
				 * remove '..' elements.  In
				 * particular, restoring
				 * '/foo/../bar/' should create the
				 * 'foo' dir as a side-effect.
				 */
			}
		}

		/* Copy current element, including leading '/'. */
		if (separator)
			*dest++ = '/';
		while (*src != '\0' && *src != '/') {
			*dest++ = *src++;
		}

		if (*src == '\0')
			break;

		/* Skip '/' separator. */
		separator = *src++;
	}
	/*
 	 * We've just copied zero or more path elements, not including the
 	 * final '/'.
 	 */
	if (dest == a->name) {
 		/*
 		 * Nothing got copied.  The path must have been something
 		 * like '.' or '/' or './' or '/././././/./'.
		 */
		if (separator)
			*dest++ = '/';
		else
			*dest++ = '.';
	}
	/* Terminate the result. */
	*dest = '\0';
 	return (ARCHIVE_OK);
 }
"
99945,CWE-20,14B,Qwen2.5-Coder-14B-Instruct,perturbed,"The vulnerability in this C code is that it does not handle the case where the input pathname is too long. If the input pathname is longer than the allocated buffer size for `a->name`, the function will write past the end of the buffer, leading to undefined behavior. This can be exploited by an attacker to overwrite adjacent memory, potentially leading to a crash or arbitrary code execution. To fix this vulnerability, the function should check the length of the input pathname before copying it into the buffer, and return an error if the pathname is too long. Additionally, the function should use a safer string handling function, such as `strncpy`, to copy the pathname into the buffer, and ensure that the destination buffer is always null-terminated.","cleanup_pathname(struct archive_write_disk *a)
 {
 	char *var_1, *src;
 	char var_2 = '\0';
 
	var_1 = src = a->name;
 	if (*src == '\0') {
		archive_set_error(&a->archive, ARCHIVE_ERRNO_MISC,
		    ""Invalid empty pathname"");
 		return (ARCHIVE_FAILED);
 	}
 
#if defined(__CYGWIN__)
	cleanup_pathname_win(a);
 #endif
 	/* Skip leading '/'. */
 	if (*src == '/') {
		if (a->flags & ARCHIVE_EXTRACT_SECURE_NOABSOLUTEPATHS) {
			archive_set_error(&a->archive, ARCHIVE_ERRNO_MISC,
			                  ""Path is absolute"");
 			return (ARCHIVE_FAILED);
 		}
 
		var_2 = *src++;
	}

	/* Scan the pathname one element at a time. */
	for (;;) {
		/* src points to first char after '/' */
		if (src[0] == '\0') {
			break;
		} else if (src[0] == '/') {
			/* Found '//', ignore second one. */
			src++;
			continue;
		} else if (src[0] == '.') {
			if (src[1] == '\0') {
				/* Ignore trailing '.' */
				break;
			} else if (src[1] == '/') {
				/* Skip './'. */
				src += 2;
				continue;
 			} else if (src[1] == '.') {
 				if (src[2] == '/' || src[2] == '\0') {
 					/* Conditionally warn about '..' */
					if (a->flags & ARCHIVE_EXTRACT_SECURE_NODOTDOT) {
						archive_set_error(&a->archive,
						    ARCHIVE_ERRNO_MISC,
						    ""Path contains '..'"");
 						return (ARCHIVE_FAILED);
 					}
 				}
				/*
				 * Note: Under no circumstances do we
				 * remove '..' elements.  In
				 * particular, restoring
				 * '/foo/../bar/' should create the
				 * 'foo' dir as a side-effect.
				 */
			}
		}

		/* Copy current element, including leading '/'. */
		if (var_2)
			*var_1++ = '/';
		while (*src != '\0' && *src != '/') {
			*var_1++ = *src++;
		}

		if (*src == '\0')
			break;

		/* Skip '/' separator. */
		var_2 = *src++;
	}
	/*
 	 * We've just copied zero or more path elements, not including the
 	 * final '/'.
 	 */
	if (var_1 == a->name) {
 		/*
 		 * Nothing got copied.  The path must have been something
 		 * like '.' or '/' or './' or '/././././/./'.
		 */
		if (var_2)
			*var_1++ = '/';
		else
			*var_1++ = '.';
	}
	/* Terminate the result. */
	*var_1 = '\0';
 	return (ARCHIVE_OK);
 }
"
46070,CWE-399,14B,Qwen2.5-Coder-14B-Instruct,baseline,"The vulnerability in the provided C++ code is a potential buffer overflow. The `reply` function is called with a formatted string that includes user input (`prefix`). If the `prefix` string is very long, it could exceed the buffer size allocated for the formatted string, leading to a buffer overflow. This can result in undefined behavior, including crashes, data corruption, or even remote code execution if an attacker can control the contents of `prefix`.

To mitigate this vulnerability, the code should ensure that the length of the `prefix` string is checked before it is used in the formatted string. Additionally, using safer string handling functions or libraries that automatically handle buffer sizes can help prevent such vulnerabilities.","void CtcpHandler::handleVersion(CtcpType ctcptype, const QString &prefix, const QString &target, const QString &param) {
   Q_UNUSED(target)
   if(ctcptype == CtcpQuery) {
    if(_ignoreListManager->ctcpMatch(prefix, network()->networkName(), ""VERSION""))
      return;
    reply(nickFromMask(prefix), ""VERSION"", QString(""Quassel IRC %1 (built on %2) -- http://www.quassel-irc.org"")
          .arg(Quassel::buildInfo().plainVersionString)
          .arg(Quassel::buildInfo().buildDate));
     emit displayMsg(Message::Server, BufferInfo::StatusBuffer, """", tr(""Received CTCP VERSION request by %1"").arg(prefix));
   } else {
      str.append(tr("" with arguments: %1"").arg(param));
    emit displayMsg(Message::Error, BufferInfo::StatusBuffer, """", str);
   }
 }
"
46070,CWE-399,14B,Qwen2.5-Coder-14B-Instruct,perturbed,"The vulnerability in the provided C++ code is a potential buffer overflow. The `reply` function is called with a formatted string that includes user input (`var_8`). If `var_8` is very long, it could cause the buffer allocated for the formatted string to overflow, leading to undefined behavior, crashes, or even arbitrary code execution. This is dangerous because an attacker could exploit this vulnerability to execute malicious code on the system running the application. To mitigate this risk, the code should ensure that the length of `var_8` is checked before it is used in the formatted string, or the use of safer string handling functions should be considered.","void CtcpHandler::handleVersion(CtcpType var_5, const QString &var_8, const QString &var_9, const QString &var_7) {
   Q_UNUSED(target)
   if(ctcptype == var_1) {
    if(_ignoreListManager->ctcpMatch(var_8, network()->networkName(), ""VERSION""))
      return;
    reply(nickFromMask(var_8), ""VERSION"", QString(""Quassel IRC %1 (built on %2) -- http://www.quassel-irc.org"")
          .arg(Quassel::buildInfo().plainVersionString)
          .arg(Quassel::buildInfo().buildDate));
     emit var_6(Message::var_3, BufferInfo::var_4, """", tr(""Received CTCP VERSION request by %1"").arg(prefix));
   } else {
      str.append(tr("" with arguments: %1"").arg(var_7));
    emit var_6(Message::var_2, BufferInfo::var_4, """", str);
   }
 }
"
30245,CWE-119,14B,Qwen2.5-Coder-14B-Instruct,baseline,"The vulnerability in this C code is a buffer overflow. The function `rtadv_recv_packet` is called with a buffer size of `BUFSIZ`, but the buffer `buf` is only `RTADV_MSG_SIZE` bytes large. If the received packet is larger than `RTADV_MSG_SIZE`, it will overflow the buffer, potentially overwriting adjacent memory and leading to undefined behavior, including crashes or security vulnerabilities such as code execution.

To fix this vulnerability, the buffer size passed to `rtadv_recv_packet` should be limited to `RTADV_MSG_SIZE`. Here is the corrected code:

```c
rtadv_read (struct thread *thread)
{
  int sock;
  int len;
  u_char buf[RTADV_MSG_SIZE];
  struct sockaddr_in6 from;
  ifindex_t ifindex = 0;
  int hoplimit = -1;
  struct zebra_vrf *zvrf = THREAD_ARG (thread);

  sock = THREAD_FD (thread);
  zvrf->rtadv.ra_read = NULL;

   /* Register myself. */
   rtadv_event (zvrf, RTADV_READ, sock);
 
  len = rtadv_recv_packet (sock, buf, RTADV_MSG_SIZE, &from, &ifindex, &hoplimit);
 
   if (len < 0) 
     {
      zlog_warn (""router solicitation recv failed: %s."", safe_strerror (errno));
      return len;
    }

  rtadv_process_packet (buf, (unsigned)len, ifindex, hoplimit, zvrf->vrf_id);

  return 0;
}
```

This change ensures that the buffer size passed to `rtadv_recv_packet` does not exceed the size of the buffer `buf`, preventing buffer overflow.","rtadv_read (struct thread *thread)
{
  int sock;
  int len;
  u_char buf[RTADV_MSG_SIZE];
  struct sockaddr_in6 from;
  ifindex_t ifindex = 0;
  int hoplimit = -1;
  struct zebra_vrf *zvrf = THREAD_ARG (thread);

  sock = THREAD_FD (thread);
  zvrf->rtadv.ra_read = NULL;

   /* Register myself. */
   rtadv_event (zvrf, RTADV_READ, sock);
 
  len = rtadv_recv_packet (sock, buf, BUFSIZ, &from, &ifindex, &hoplimit);
 
   if (len < 0) 
     {
      zlog_warn (""router solicitation recv failed: %s."", safe_strerror (errno));
      return len;
    }

  rtadv_process_packet (buf, (unsigned)len, ifindex, hoplimit, zvrf->vrf_id);

  return 0;
}
"
30245,CWE-119,14B,Qwen2.5-Coder-14B-Instruct,perturbed,"The vulnerability in the code is that it uses a fixed-size buffer `var_1` of size `RTADV_MSG_SIZE` to receive packets. If an attacker sends a packet larger than `RTADV_MSG_SIZE`, it will overflow the buffer, potentially leading to a buffer overflow vulnerability. This can be exploited by an attacker to execute arbitrary code or crash the program. The use of `BUFSIZ` as the size for `rtadv_recv_packet` does not mitigate this issue because `BUFSIZ` is a macro that represents the size of the buffer used by `recv`, but it does not affect the size of `var_1`. To fix this vulnerability, the code should dynamically allocate memory for `var_1` based on the size of the incoming packet or limit the size of the packet that can be received. ``` ``` ``` ``` ``` ``` ``` ``` ``` ``` ``` ``` ``` ``` ``` ``` ``` ``` ``` ``` ``` ``` ``` ``` ``` ``` ``` ``` ``` ``` ``` ``` ``` ``` ``` ``` ``` ``` ``` ``` ``` ``` ``` ``` ``` ``` ``` ``` ``` ``` ``` ``` ``` ``` ``` ``` ``` ``` ``` ``` ``` ``` ``` ``` ``` ``` ``` ``` ``` ``` ``` ``` ``` ``` ``` ``` ``` ``` ``` ``` ``` ``` ``` ``` ``` ``` ``` ``` ``` ``` ``` ``` ``` ``` ``` ``` ``` ``` ``` ``` ``` ``` ``` ``` ``` ``` ``` ``` ``` ``` ``` ``` ``` ``` ``` ``` ``` ``` ``` ``` ``` ``` ``` ``` ``` ``` ``` ``` ``` ``` ``` ``` ``` ``` ``` ``` ``` ``` ``` ``` ``` ``` ``` ``` ``` ``` ``` ``` ``` ``` ``` ``` ``` ``` ``` ``` ``` ``` ``` ``` ``` ``` ``` ``` ``` ``` ``` ``` ``` ``` ``` ``` ``` ``` ``` ``` ``` ``` ``` ``` ``` ``` ``` ``` ``` ``` ``` ``` ``` ``` ``` ``` ``` ``` ``` ``` ``` ``` ``` ``` ``` ``` ``` ``` ``` ``` ``` ``` ``` ``` ``` ``` ``` ``` ``` ``` ``` ``` ``` ``` ``` ``` ``` ``` ``` ``` ``` ``` ``` ``` ``` ``` ``` ``` ``` ``` ``` ``` ``` ``` ``` ``` ``` ``` ``` ``` ``` ``` ``` ``` ``` ``` ``` ``` ``` ``` ``` ``` ``` ``` ``` ``` ``` ``` ``` ``` ``` ``` ``` ``` ``` ``` ``` ``` ``` ``` ``` ``` ``` ``` ``` ``` ``` ``` ``` ``` ``` ``` ``` ``` ``` ``` ``` ``` ``` ``` ``` ``` ``` ``` ``` ``` ``` ``` ``` ``` ``` ``` ``` ``` ``` ``` ``` ``` ``` ``` ``` ``` ``` ``` ``` ``` ``` ``` ``` ``` ``` ``` ``` ``` ``` ``` ``` ``` ``` ``` ``` ``` ``` ``` ``` ``` ``` ```","rtadv_read (struct thread *thread)
{
  int var_6;
  int var_5;
  u_char var_1[RTADV_MSG_SIZE];
  struct sockaddr_in6 var_2;
  ifindex_t var_4 = 0;
  int var_3 = -1;
  struct zebra_vrf *var_7 = THREAD_ARG (thread);

  var_6 = THREAD_FD (thread);
  var_7->rtadv.ra_read = NULL;

   /* Register myself. */
   rtadv_event (var_7, RTADV_READ, var_6);
 
  var_5 = rtadv_recv_packet (var_6, var_1, BUFSIZ, &var_2, &var_4, &var_3);
 
   if (var_5 < 0) 
     {
      zlog_warn (""router solicitation recv failed: %s."", safe_strerror (errno));
      return var_5;
    }

  rtadv_process_packet (var_1, (unsigned)var_5, var_4, var_3, var_7->vrf_id);

  return 0;
}
"
117105,CWE-190,14B,Qwen2.5-Coder-14B-Instruct,baseline,"The vulnerability in this C code is that it does not check if the `line_pos` is greater than the number of lines in the file. This can lead to an infinite loop if the `line_pos` is set to a value greater than the number of lines in the file. The function will keep trying to read the next line until it reaches the end of the file, but since `line_pos` is never reached, it will continue to loop indefinitely. This can cause the program to crash or become unresponsive. To fix this vulnerability, the code should include a check to ensure that `line_pos` is within the valid range of line numbers for the file. ``` The vulnerability in this C code is that it does not check if the `line_pos` is greater than the number of lines in the file. This can lead to an infinite loop if the `line_pos` is set to a value greater than the number of lines in the file. The function will keep trying to read the next line until it reaches the end of the file, but since `line_pos` is never reached, it will continue to loop indefinitely. This can cause the program to crash or become unresponsive. To fix this vulnerability, the code should include a check to ensure that `line_pos` is within the valid range of line numbers for the file. ```","SPL_METHOD(SplFileObject, seek)
 {
 	spl_filesystem_object *intern = (spl_filesystem_object*)zend_object_store_get_object(getThis() TSRMLS_CC);
 	long line_pos;
 	if (zend_parse_parameters(ZEND_NUM_ARGS() TSRMLS_CC, ""l"", &line_pos) == FAILURE) {
 		return;
 	}
 	if (line_pos < 0) {
 		zend_throw_exception_ex(spl_ce_LogicException, 0 TSRMLS_CC, ""Can't seek file %s to negative line %ld"", intern->file_name, line_pos);
		RETURN_FALSE;		
 	}
 	spl_filesystem_file_rewind(getThis(), intern TSRMLS_CC);
 	while(intern->u.file.current_line_num < line_pos) {
 		if (spl_filesystem_file_read_line(getThis(), intern, 1 TSRMLS_CC) == FAILURE) {
 			break;
		}
	}
} /* }}} */

/* {{{ Function/Class/Method definitions */
"
117105,CWE-190,14B,Qwen2.5-Coder-14B-Instruct,perturbed,"The vulnerability in this C code is that it does not check if the file pointer has reached the end of the file before attempting to read the next line. This can lead to undefined behavior or a crash if the code tries to read beyond the end of the file. Additionally, the function does not handle the case where the file is empty, which could also result in unexpected behavior. To fix this, the code should include checks to ensure that the file pointer is within the bounds of the file before attempting to read the next line. ``` The vulnerability in this C code is that it does not check if the file pointer has reached the end of the file before attempting to read the next line. This can lead to undefined behavior or a crash if the code tries to read beyond the end of the file. Additionally, the function does not handle the case where the file is empty, which could also result in unexpected behavior. To fix this, the code should include checks to ensure that the file pointer is within the bounds of the file before attempting to read the next line. ```","SPL_METHOD(SplFileObject, seek)
 {
 	spl_filesystem_object *var_1 = (spl_filesystem_object*)zend_object_store_get_object(getThis() TSRMLS_CC);
 	long var_2;
 	if (zend_parse_parameters(ZEND_NUM_ARGS() TSRMLS_CC, ""l"", &var_2) == FAILURE) {
 		return;
 	}
 	if (var_2 < 0) {
 		zend_throw_exception_ex(spl_ce_LogicException, 0 TSRMLS_CC, ""Can't seek file %s to negative line %ld"", var_1->file_name, var_2);
		RETURN_FALSE;		
 	}
 	spl_filesystem_file_rewind(getThis(), var_1 TSRMLS_CC);
 	while(var_1->u.file.current_line_num < var_2) {
 		if (spl_filesystem_file_read_line(getThis(), var_1, 1 TSRMLS_CC) == FAILURE) {
 			break;
		}
	}
} /* }}} */

/* {{{ Function/Class/Method definitions */
"
138700,CWE-134,14B,Qwen2.5-Coder-14B-Instruct,baseline,"The vulnerability in this C code is related to the use of `sprintf` without proper bounds checking. Specifically, the line:

```c
sprintf(str, sock_to_string(_sock));
```

This line can lead to a buffer overflow if the string returned by `sock_to_string(_sock)` is longer than 49 characters (since `str` is declared as `char str[50];`). A buffer overflow occurs when more data is written to a buffer than it can hold, potentially overwriting adjacent memory locations. This can lead to undefined behavior, crashes, or even security vulnerabilities such as code execution.

To fix this vulnerability, you should use a safer alternative to `sprintf`, such as `snprintf`, which allows you to specify the maximum number of characters to write to the buffer, preventing overflow. Here's how you can modify the line:

```c
snprintf(str, sizeof(str), ""%s"", sock_to_string(_sock));
```

This change ensures that no more than 49 characters (plus the null terminator) are written to `str`, thus preventing a buffer overflow.","int SafeSock::handle_incoming_packet()
{

	/* SOCKET_ALTERNATE_LENGTH_TYPE is void on this platform, and
		since noone knows what that void* is supposed to point to
		in recvfrom, I'm going to predict the ""fromlen"" variable
		the recvfrom uses is a size_t sized quantity since
		size_t is how you count bytes right?  Stupid Solaris. */
	bool last;
	int seqNo, length;
	_condorMsgID mID;
	void* data;
	int index;
	int received;
	_condorInMsg *tempMsg, *delMsg, *prev = NULL;
	time_t curTime;

	if( _msgReady ) {
		char const *existing_msg_type;
		bool existing_consumed;
		if( _longMsg ) {
			existing_msg_type = ""long"";
			existing_consumed = _longMsg->consumed();
		}
		else {
			existing_msg_type = ""short"";
			existing_consumed = _shortMsg.consumed();
		}
		dprintf( D_ALWAYS,
				 ""ERROR: receiving new UDP message but found a %s ""
				 ""message still waiting to be closed (consumed=%d). ""
				 ""Closing it now.\n"",
				 existing_msg_type, existing_consumed );


		stream_coding saved_coding = _coding;
		_coding = stream_decode;
		end_of_message();
		_coding = saved_coding;
	}


	received = condor_recvfrom(_sock, _shortMsg.dataGram, 
							   SAFE_MSG_MAX_PACKET_SIZE, 0, _who);

	if(received < 0) {
		dprintf(D_NETWORK, ""recvfrom failed: errno = %d\n"", errno);
                return FALSE;
        }
     char str[50];
    sprintf(str, sock_to_string(_sock));
     dprintf( D_NETWORK, ""RECV %d bytes at %s from %s\n"",
                         received, str, _who.to_sinful().Value());

	length = received;
    _shortMsg.reset(); // To be sure
	
	bool is_full_message = _shortMsg.getHeader(received, last, seqNo, length, mID, data);
	if ( length <= 0 || length > SAFE_MSG_MAX_PACKET_SIZE ) {
		dprintf(D_ALWAYS,""IO: Incoming datagram improperly sized\n"");
		return FALSE;
	}

    if ( is_full_message ) {
        _shortMsg.curIndex = 0;
        _msgReady = true;
        _whole++;
        if(_whole == 1)
            _avgSwhole = length;
        else
            _avgSwhole = ((_whole - 1) * _avgSwhole + length) / _whole;
        
        _noMsgs++;
        dprintf( D_NETWORK, ""\tFull msg [%d bytes]\n"", length);
        return TRUE;
    }

    dprintf( D_NETWORK, ""\tFrag [%d bytes]\n"", length);
    
    /* long message */
    curTime = (unsigned long)time(NULL);
    index = labs(mID.ip_addr + mID.time + mID.msgNo) % SAFE_SOCK_HASH_BUCKET_SIZE;
    tempMsg = _inMsgs[index];
    while(tempMsg != NULL && !same(tempMsg->msgID, mID)) {
        prev = tempMsg;
        tempMsg = tempMsg->nextMsg;
        if(curTime - prev->lastTime > _tOutBtwPkts) {
            dprintf(D_NETWORK, ""found timed out msg: cur=%lu, msg=%lu\n"",
                    curTime, prev->lastTime);
            delMsg = prev;
            prev = delMsg->prevMsg;
            if(prev)
                prev->nextMsg = delMsg->nextMsg;
            else  // delMsg is the 1st message in the chain
                _inMsgs[index] = tempMsg;
            if(tempMsg)
                tempMsg->prevMsg = prev;
            _deleted++;
            if(_deleted == 1)
                _avgSdeleted = delMsg->msgLen;
            else     {
                _avgSdeleted = ((_deleted - 1) * _avgSdeleted + delMsg->msgLen) / _deleted;
            }   
            dprintf(D_NETWORK, ""Deleting timeouted message:\n"");
            delMsg->dumpMsg();
            delete delMsg;
        }   
    }   
    if(tempMsg != NULL) { // found
        if (seqNo == 0) {
            tempMsg->set_sec(_shortMsg.isDataMD5ed(),
                    _shortMsg.md(),
                    _shortMsg.isDataEncrypted());
        }
        bool rst = tempMsg->addPacket(last, seqNo, length, data);
        if (rst) {
            _longMsg = tempMsg;
            _msgReady = true;
            _whole++;
            if(_whole == 1)
                _avgSwhole = _longMsg->msgLen;
            else
                _avgSwhole = ((_whole - 1) * _avgSwhole + _longMsg->msgLen) / _whole;
            return TRUE;
        }
        return FALSE;
    } else { // not found
        if(prev) { // add a new message at the end of the chain
            prev->nextMsg = new _condorInMsg(mID, last, seqNo, length, data, 
                                             _shortMsg.isDataMD5ed(), 
                                             _shortMsg.md(), 
                                             _shortMsg.isDataEncrypted(), prev);
            if(!prev->nextMsg) {    
                EXCEPT(""Error:handle_incomming_packet: Out of Memory"");
            }
        } else { // first message in the bucket
            _inMsgs[index] = new _condorInMsg(mID, last, seqNo, length, data, 
                                              _shortMsg.isDataMD5ed(), 
                                              _shortMsg.md(), 
                                              _shortMsg.isDataEncrypted(), NULL);
            if(!_inMsgs[index]) {
                EXCEPT(""Error:handle_incomming_packet: Out of Memory"");
            }
        }
        _noMsgs++;
        return FALSE;
    }   
}
"
138700,CWE-134,14B,Qwen2.5-Coder-14B-Instruct,perturbed,"The vulnerability in this C code is related to the use of `sprintf` without checking the return value or ensuring that the buffer size is sufficient to hold the formatted string. This can lead to buffer overflow, which is a serious security risk because it allows an attacker to overwrite adjacent memory locations, potentially leading to arbitrary code execution or crashing the program. In this specific case, the buffer `var_15` is declared with a size of 50 characters, but there is no check to ensure that the formatted string will fit within this space. If the string returned by `sock_to_string(_sock)` is longer than 49 characters (not including the null terminator), it will overflow the buffer, causing undefined behavior. To mitigate this vulnerability, the code should use safer alternatives like `snprintf`, which allows specifying the maximum number of characters to write, thus preventing buffer overflow. Additionally, the code should validate the input to `sock_to_string` to ensure it does not produce excessively long strings.","int SafeSock::handle_incoming_packet()
{

	/* SOCKET_ALTERNATE_LENGTH_TYPE is void on this platform, and
		since noone knows what that void* is supposed to point to
		in recvfrom, I'm going to predict the ""fromlen"" variable
		the recvfrom uses is a size_t sized quantity since
		size_t is how you count bytes right?  Stupid Solaris. */
	bool var_8;
	int var_14, length;
	_condorMsgID var_9;
	void* var_2;
	int var_6;
	int var_11;
	_condorInMsg *var_16, *var_3, *var_10 = NULL;
	time_t var_1;

	if( _msgReady ) {
		char const *var_5;
		bool var_4;
		if( _longMsg ) {
			var_5 = ""long"";
			var_4 = _longMsg->consumed();
		}
		else {
			var_5 = ""short"";
			var_4 = _shortMsg.consumed();
		}
		dprintf( D_ALWAYS,
				 ""ERROR: receiving new UDP message but found a %s ""
				 ""message still waiting to be closed (consumed=%d). ""
				 ""Closing it now.\n"",
				 var_5, var_4 );


		stream_coding var_13 = _coding;
		_coding = stream_decode;
		end_of_message();
		_coding = var_13;
	}


	var_11 = condor_recvfrom(_sock, _shortMsg.dataGram, 
							   SAFE_MSG_MAX_PACKET_SIZE, 0, _who);

	if(var_11 < 0) {
		dprintf(D_NETWORK, ""recvfrom failed: errno = %d\n"", errno);
                return FALSE;
        }
     char var_15[50];
    sprintf(var_15, sock_to_string(_sock));
     dprintf( D_NETWORK, ""RECV %d bytes at %s from %s\n"",
                         var_11, var_15, _who.to_sinful().Value());

	length = var_11;
    _shortMsg.reset(); // To be sure
	
	bool var_7 = _shortMsg.getHeader(var_11, var_8, var_14, length, var_9, var_2);
	if ( length <= 0 || length > SAFE_MSG_MAX_PACKET_SIZE ) {
		dprintf(D_ALWAYS,""IO: Incoming datagram improperly sized\n"");
		return FALSE;
	}

    if ( var_7 ) {
        _shortMsg.curIndex = 0;
        _msgReady = true;
        _whole++;
        if(_whole == 1)
            _avgSwhole = length;
        else
            _avgSwhole = ((_whole - 1) * _avgSwhole + length) / _whole;
        
        _noMsgs++;
        dprintf( D_NETWORK, ""\tFull msg [%d bytes]\n"", length);
        return TRUE;
    }

    dprintf( D_NETWORK, ""\tFrag [%d bytes]\n"", length);
    
    /* long message */
    var_1 = (unsigned long)time(NULL);
    var_6 = labs(var_9.ip_addr + var_9.time + var_9.msgNo) % SAFE_SOCK_HASH_BUCKET_SIZE;
    var_16 = _inMsgs[var_6];
    while(var_16 != NULL && !same(var_16->msgID, var_9)) {
        var_10 = var_16;
        var_16 = var_16->nextMsg;
        if(var_1 - var_10->lastTime > _tOutBtwPkts) {
            dprintf(D_NETWORK, ""found timed out msg: cur=%lu, msg=%lu\n"",
                    var_1, var_10->lastTime);
            var_3 = var_10;
            var_10 = var_3->prevMsg;
            if(var_10)
                var_10->nextMsg = var_3->nextMsg;
            else  // delMsg is the 1st message in the chain
                _inMsgs[var_6] = var_16;
            if(var_16)
                var_16->prevMsg = var_10;
            _deleted++;
            if(_deleted == 1)
                _avgSdeleted = var_3->msgLen;
            else     {
                _avgSdeleted = ((_deleted - 1) * _avgSdeleted + var_3->msgLen) / _deleted;
            }   
            dprintf(D_NETWORK, ""Deleting timeouted message:\n"");
            var_3->dumpMsg();
            delete var_3;
        }   
    }   
    if(var_16 != NULL) { // found
        if (var_14 == 0) {
            var_16->set_sec(_shortMsg.isDataMD5ed(),
                    _shortMsg.md(),
                    _shortMsg.isDataEncrypted());
        }
        bool var_12 = var_16->addPacket(var_8, var_14, length, var_2);
        if (var_12) {
            _longMsg = var_16;
            _msgReady = true;
            _whole++;
            if(_whole == 1)
                _avgSwhole = _longMsg->msgLen;
            else
                _avgSwhole = ((_whole - 1) * _avgSwhole + _longMsg->msgLen) / _whole;
            return TRUE;
        }
        return FALSE;
    } else { // not found
        if(var_10) { // add a new message at the end of the chain
            var_10->nextMsg = new _condorInMsg(var_9, var_8, var_14, length, var_2, 
                                             _shortMsg.isDataMD5ed(), 
                                             _shortMsg.md(), 
                                             _shortMsg.isDataEncrypted(), var_10);
            if(!var_10->nextMsg) {    
                EXCEPT(""Error:handle_incomming_packet: Out of Memory"");
            }
        } else { // first message in the bucket
            _inMsgs[var_6] = new _condorInMsg(var_9, var_8, var_14, length, var_2, 
                                              _shortMsg.isDataMD5ed(), 
                                              _shortMsg.md(), 
                                              _shortMsg.isDataEncrypted(), NULL);
            if(!_inMsgs[var_6]) {
                EXCEPT(""Error:handle_incomming_packet: Out of Memory"");
            }
        }
        _noMsgs++;
        return FALSE;
    }   
}
"
139421,CWE-125,14B,Qwen2.5-Coder-14B-Instruct,baseline,"The vulnerability in this C code is a buffer overflow. The code allocates memory for the `symbols` array based on the `symbols_size` variable, which is calculated as `(symbols_count + 1) * 2 * sizeof (struct symbol_t)`. However, the code does not properly check if the `symbols_count` exceeds the maximum number of elements that can fit into the allocated memory. This can lead to a buffer overflow if the `symbols_count` is manipulated by an attacker, allowing them to write beyond the bounds of the allocated memory. This can result in arbitrary code execution or other severe security issues. To fix this vulnerability, the code should include checks to ensure that `symbols_count` does not exceed the maximum number of elements that can fit into the allocated memory. Additionally, the code should handle cases where `symbols_count` is zero to avoid unnecessary memory allocation.","struct symbol_t* MACH0_(get_symbols)(struct MACH0_(obj_t)* bin) {
	const char *symstr;
	struct symbol_t *symbols;
	int from, to, i, j, s, stridx, symbols_size, symbols_count;
	SdbHash *hash;

	if (!bin || !bin->symtab || !bin->symstr) {
		return NULL;
	}
	/* parse symbol table */
	/* parse dynamic symbol table */
	symbols_count = (bin->dysymtab.nextdefsym + \
			bin->dysymtab.nlocalsym + \
			bin->dysymtab.nundefsym );
	symbols_count += bin->nsymtab;
	symbols_size = (symbols_count + 1) * 2 * sizeof (struct symbol_t);

	if (symbols_size < 1) {
		return NULL;
	}
	if (!(symbols = calloc (1, symbols_size))) {
		return NULL;
	}
	hash = sdb_ht_new ();
	j = 0; // symbol_idx
	for (s = 0; s < 2; s++) {
		switch (s) {
		case 0:
			from = bin->dysymtab.iextdefsym;
			to = from + bin->dysymtab.nextdefsym;
			break;
		case 1:
			from = bin->dysymtab.ilocalsym;
			to = from + bin->dysymtab.nlocalsym;
			break;
#if NOT_USED
		case 2:
			from = bin->dysymtab.iundefsym;
			to = from + bin->dysymtab.nundefsym;
			break;
#endif
		}
		if (from == to) {
			continue;
		}
#define OLD 1
#if OLD
		from = R_MIN (R_MAX (0, from), symbols_size / sizeof (struct symbol_t));
		to = R_MIN (to , symbols_size / sizeof (struct symbol_t));
		to = R_MIN (to, bin->nsymtab);
#else
		from = R_MIN (R_MAX (0, from), symbols_size/sizeof (struct symbol_t));
		to = symbols_count; //symbols_size/sizeof(struct symbol_t);
#endif
		int maxsymbols = symbols_size / sizeof (struct symbol_t);
		if (to > 0x500000) {
			bprintf (""WARNING: corrupted mach0 header: symbol table is too big %d\n"", to);
			free (symbols);
			sdb_ht_free (hash);
			return NULL;
		}
		if (symbols_count >= maxsymbols) {
			symbols_count = maxsymbols - 1;
		}
		for (i = from; i < to && j < symbols_count; i++, j++) {
			symbols[j].offset = addr_to_offset (bin, bin->symtab[i].n_value);
			symbols[j].addr = bin->symtab[i].n_value;
			symbols[j].size = 0; /* TODO: Is it anywhere? */
			if (bin->symtab[i].n_type & N_EXT) {
				symbols[j].type = R_BIN_MACH0_SYMBOL_TYPE_EXT;
			} else {
				symbols[j].type = R_BIN_MACH0_SYMBOL_TYPE_LOCAL;
			}
			stridx = bin->symtab[i].n_strx;
			if (stridx >= 0 && stridx < bin->symstrlen) {
				symstr = (char*)bin->symstr + stridx;
			} else {
				symstr = ""???"";
			}
			{
				int i = 0;
				int len = 0;
				len = bin->symstrlen - stridx;
				if (len > 0) {
					for (i = 0; i < len; i++) {
						if ((ut8)(symstr[i] & 0xff) == 0xff || !symstr[i]) {
							len = i;
							break;
						}
					}
					char *symstr_dup = NULL;
					if (len > 0) {
						symstr_dup = r_str_ndup (symstr, len);
					}
					if (!symstr_dup) {
						symbols[j].name[0] = 0;
					} else {
						r_str_ncpy (symbols[j].name, symstr_dup, R_BIN_MACH0_STRING_LENGTH);
						r_str_filter (symbols[j].name, -1);
						symbols[j].name[R_BIN_MACH0_STRING_LENGTH - 2] = 0;
					}
					free (symstr_dup);
				} else {
					symbols[j].name[0] = 0;
				}
				symbols[j].last = 0;
			}
			if (inSymtab (hash, symbols, symbols[j].name, symbols[j].addr)) {
				symbols[j].name[0] = 0;
				j--;
			}
		}
	}
	to = R_MIN (bin->nsymtab, bin->dysymtab.iundefsym + bin->dysymtab.nundefsym);
	for (i = bin->dysymtab.iundefsym; i < to; i++) {
		if (j > symbols_count) {
 			bprintf (""mach0-get-symbols: error\n"");
 			break;
 		}
		if (parse_import_stub(bin, &symbols[j], i))
 			symbols[j++].last = 0;
 	}
 
 #if 1
	for (i = 0; i < bin->nsymtab; i++) {
		struct MACH0_(nlist) *st = &bin->symtab[i];
#if 0
		bprintf (""stridx %d -> section %d type %d value = %d\n"",
			st->n_strx, st->n_sect, st->n_type, st->n_value);
#endif
		stridx = st->n_strx;
		if (stridx >= 0 && stridx < bin->symstrlen) {
			symstr = (char*)bin->symstr + stridx;
		} else {
			symstr = ""???"";
		}
		int section = st->n_sect;
		if (section == 1 && j < symbols_count) { // text ??st->n_type == 1)
			/* is symbol */
			symbols[j].addr = st->n_value; // + text_base;
			symbols[j].offset = addr_to_offset (bin, symbols[j].addr);
			symbols[j].size = 0; /* find next symbol and crop */
			if (st->n_type & N_EXT) {
				symbols[j].type = R_BIN_MACH0_SYMBOL_TYPE_EXT;
			} else {
				symbols[j].type = R_BIN_MACH0_SYMBOL_TYPE_LOCAL;
			}
			strncpy (symbols[j].name, symstr, R_BIN_MACH0_STRING_LENGTH);
			symbols[j].name[R_BIN_MACH0_STRING_LENGTH - 1] = 0;
			symbols[j].last = 0;
			if (inSymtab (hash, symbols, symbols[j].name, symbols[j].addr)) {
				symbols[j].name[0] = 0;
			} else {
				j++;
			}
		}
	}
#endif
	sdb_ht_free (hash);
	symbols[j].last = 1;
	return symbols;
}
"
139421,CWE-125,14B,Qwen2.5-Coder-14B-Instruct,perturbed,"The vulnerability in this C code is a buffer overflow. The code allocates memory for `symbols_size` bytes, but then it uses `symbols_count` to index into the allocated memory. If `symbols_count` is greater than `symbols_size / sizeof(struct symbol_t)`, it will cause a buffer overflow when trying to access elements beyond the allocated memory. This can lead to undefined behavior, including crashes or security vulnerabilities such as code execution. The check `if (symbols_count >= var_6)` is supposed to prevent this, but it is not sufficient because `symbols_count` can be larger than `symbols_size / sizeof(struct symbol_t)` due to the way `symbols_count` is calculated. To fix this vulnerability, the code should ensure that `symbols_count` does not exceed `symbols_size / sizeof(struct symbol_t)` before using it to index into the allocated memory.","struct symbol_t* MACH0_(get_symbols)(struct MACH0_(obj_t)* var_1) {
	const char *var_10;
	struct symbol_t *var_9;
	int var_2, to, var_4, j, s, stridx, symbols_size, symbols_count;
	SdbHash *var_3;

	if (!var_1 || !var_1->symtab || !var_1->symstr) {
		return NULL;
	}
	/* parse symbol table */
	/* parse dynamic symbol table */
	symbols_count = (var_1->dysymtab.nextdefsym + \
			var_1->dysymtab.nlocalsym + \
			var_1->dysymtab.nundefsym );
	symbols_count += var_1->nsymtab;
	symbols_size = (symbols_count + 1) * 2 * sizeof (struct symbol_t);

	if (symbols_size < 1) {
		return NULL;
	}
	if (!(var_9 = calloc (1, symbols_size))) {
		return NULL;
	}
	var_3 = sdb_ht_new ();
	j = 0; // symbol_idx
	for (s = 0; s < 2; s++) {
		switch (s) {
		case 0:
			var_2 = var_1->dysymtab.iextdefsym;
			to = var_2 + var_1->dysymtab.nextdefsym;
			break;
		case 1:
			var_2 = var_1->dysymtab.ilocalsym;
			to = var_2 + var_1->dysymtab.nlocalsym;
			break;
#if NOT_USED
		case 2:
			var_2 = var_1->dysymtab.iundefsym;
			to = var_2 + var_1->dysymtab.nundefsym;
			break;
#endif
		}
		if (var_2 == to) {
			continue;
		}
#define OLD 1
#if OLD
		var_2 = R_MIN (R_MAX (0, var_2), symbols_size / sizeof (struct symbol_t));
		to = R_MIN (to , symbols_size / sizeof (struct symbol_t));
		to = R_MIN (to, var_1->nsymtab);
#else
		var_2 = R_MIN (R_MAX (0, var_2), symbols_size/sizeof (struct symbol_t));
		to = symbols_count; //symbols_size/sizeof(struct symbol_t);
#endif
		int var_6 = symbols_size / sizeof (struct symbol_t);
		if (to > 0x500000) {
			bprintf (""WARNING: corrupted mach0 header: symbol table is too big %d\n"", to);
			free (var_9);
			sdb_ht_free (var_3);
			return NULL;
		}
		if (symbols_count >= var_6) {
			symbols_count = var_6 - 1;
		}
		for (var_4 = var_2; var_4 < to && j < symbols_count; var_4++, j++) {
			var_9[j].offset = addr_to_offset (var_1, var_1->symtab[var_4].n_value);
			var_9[j].addr = var_1->symtab[var_4].n_value;
			var_9[j].size = 0; /* TODO: Is it anywhere? */
			if (var_1->symtab[var_4].n_type & N_EXT) {
				var_9[j].type = R_BIN_MACH0_SYMBOL_TYPE_EXT;
			} else {
				var_9[j].type = R_BIN_MACH0_SYMBOL_TYPE_LOCAL;
			}
			stridx = var_1->symtab[var_4].n_strx;
			if (stridx >= 0 && stridx < var_1->symstrlen) {
				var_10 = (char*)var_1->symstr + stridx;
			} else {
				var_10 = ""???"";
			}
			{
				int var_4 = 0;
				int var_5 = 0;
				var_5 = var_1->symstrlen - stridx;
				if (var_5 > 0) {
					for (var_4 = 0; var_4 < var_5; var_4++) {
						if ((ut8)(var_10[var_4] & 0xff) == 0xff || !var_10[var_4]) {
							var_5 = var_4;
							break;
						}
					}
					char *var_11 = NULL;
					if (var_5 > 0) {
						var_11 = r_str_ndup (var_10, var_5);
					}
					if (!var_11) {
						var_9[j].name[0] = 0;
					} else {
						r_str_ncpy (var_9[j].name, var_11, R_BIN_MACH0_STRING_LENGTH);
						r_str_filter (var_9[j].name, -1);
						var_9[j].name[R_BIN_MACH0_STRING_LENGTH - 2] = 0;
					}
					free (var_11);
				} else {
					var_9[j].name[0] = 0;
				}
				var_9[j].last = 0;
			}
			if (inSymtab (var_3, var_9, var_9[j].name, var_9[j].addr)) {
				var_9[j].name[0] = 0;
				j--;
			}
		}
	}
	to = R_MIN (var_1->nsymtab, var_1->dysymtab.iundefsym + var_1->dysymtab.nundefsym);
	for (var_4 = var_1->dysymtab.iundefsym; var_4 < to; var_4++) {
		if (j > symbols_count) {
 			bprintf (""mach0-get-symbols: error\n"");
 			break;
 		}
		if (parse_import_stub(var_1, &var_9[j], var_4))
 			var_9[j++].last = 0;
 	}
 
 #if 1
	for (var_4 = 0; var_4 < var_1->nsymtab; var_4++) {
		struct MACH0_(nlist) *var_8 = &var_1->symtab[var_4];
#if 0
		bprintf (""stridx %d -> section %d type %d value = %d\n"",
			var_8->n_strx, var_8->n_sect, var_8->n_type, var_8->n_value);
#endif
		stridx = var_8->n_strx;
		if (stridx >= 0 && stridx < var_1->symstrlen) {
			var_10 = (char*)var_1->symstr + stridx;
		} else {
			var_10 = ""???"";
		}
		int var_7 = var_8->n_sect;
		if (var_7 == 1 && j < symbols_count) { // text ??st->n_type == 1)
			/* is symbol */
			var_9[j].addr = var_8->n_value; // + text_base;
			var_9[j].offset = addr_to_offset (var_1, var_9[j].addr);
			var_9[j].size = 0; /* find next symbol and crop */
			if (var_8->n_type & N_EXT) {
				var_9[j].type = R_BIN_MACH0_SYMBOL_TYPE_EXT;
			} else {
				var_9[j].type = R_BIN_MACH0_SYMBOL_TYPE_LOCAL;
			}
			strncpy (var_9[j].name, var_10, R_BIN_MACH0_STRING_LENGTH);
			var_9[j].name[R_BIN_MACH0_STRING_LENGTH - 1] = 0;
			var_9[j].last = 0;
			if (inSymtab (var_3, var_9, var_9[j].name, var_9[j].addr)) {
				var_9[j].name[0] = 0;
			} else {
				j++;
			}
		}
	}
#endif
	sdb_ht_free (var_3);
	var_9[j].last = 1;
	return var_9;
}
"
11136,CWE-125,14B,Qwen2.5-Coder-14B-Instruct,baseline,"The vulnerability in this C code is a buffer overflow. The memcpy function is used to copy data from the input buffer 'gdo' to the output buffers 'iccsn' and 'chn'. However, the code does not check if the length of the data being copied exceeds the size of the output buffers. This can lead to a buffer overflow if the input data is larger than the allocated memory for the output buffers. This is dangerous because it can allow an attacker to overwrite adjacent memory, potentially leading to arbitrary code execution or other security vulnerabilities. To fix this vulnerability, the code should include checks to ensure that the length of the data being copied does not exceed the size of the output buffers. For example, the code could use the MIN macro to limit the number of bytes copied to the size of the output buffers. Additionally, the code should handle cases where the input data is larger than the allocated memory for the output buffers, such as by returning an error or truncating the data.","sc_parse_ef_gdo_content(const unsigned char *gdo, size_t gdo_len,
		unsigned char *iccsn, size_t *iccsn_len,
		unsigned char *chn, size_t *chn_len)
{
	int r = SC_SUCCESS, iccsn_found = 0, chn_found = 0;
	const unsigned char *p = gdo;
	size_t left = gdo_len;

	while (left >= 2) {
		unsigned int cla, tag;
		size_t tag_len;

		r = sc_asn1_read_tag(&p, left, &cla, &tag, &tag_len);
		if (r != SC_SUCCESS) {
			if (r == SC_ERROR_ASN1_END_OF_CONTENTS) {
				/* not enough data */
				r = SC_SUCCESS;
			}
			break;
		}
		if (p == NULL) {
			/* done parsing */
			break;
		}

		if (cla == SC_ASN1_TAG_APPLICATION) {
			switch (tag) {
				case 0x1A:
					iccsn_found = 1;
					if (iccsn && iccsn_len) {
						memcpy(iccsn, p, MIN(tag_len, *iccsn_len));
						*iccsn_len = MIN(tag_len, *iccsn_len);
					}
					break;
				case 0x1F20:
					chn_found = 1;
					if (chn && chn_len) {
						memcpy(chn, p, MIN(tag_len, *chn_len));
						*chn_len = MIN(tag_len, *chn_len);
					}
					break;
			}
 		}
 
 		p += tag_len;
		left -= (p - gdo);
 	}
 
 	if (!iccsn_found && iccsn_len)
		*iccsn_len = 0;
	if (!chn_found && chn_len)
		*chn_len = 0;

	return r;
}
"
11136,CWE-125,14B,Qwen2.5-Coder-14B-Instruct,perturbed,"The vulnerability in this C code is a buffer overflow. The memcpy function is used to copy data from the input buffer var_6 to the output buffers iccsn and chn without checking if the length of the data to be copied exceeds the size of the output buffers. This can lead to writing beyond the bounds of the output buffers, which can overwrite adjacent memory locations and potentially lead to arbitrary code execution or other security vulnerabilities. To fix this vulnerability, the code should check that the length of the data to be copied does not exceed the size of the output buffers before calling memcpy. For example, the following code could be added before the memcpy calls:
if (var_8 > *iccsn_len) {
    var_8 = *iccsn_len;
}
if (var_8 > *chn_len) {
    var_8 = *chn_len;
}","sc_parse_ef_gdo_content(const unsigned char *var_3, size_t gdo_len,
		unsigned char *iccsn, size_t *iccsn_len,
		unsigned char *chn, size_t *chn_len)
{
	int var_7 = SC_SUCCESS, var_4 = 0, var_1 = 0;
	const unsigned char *var_6 = var_3;
	size_t var_5 = gdo_len;

	while (var_5 >= 2) {
		unsigned int var_2, tag;
		size_t var_8;

		var_7 = sc_asn1_read_tag(&var_6, var_5, &var_2, &tag, &var_8);
		if (var_7 != SC_SUCCESS) {
			if (var_7 == SC_ERROR_ASN1_END_OF_CONTENTS) {
				/* not enough data */
				var_7 = SC_SUCCESS;
			}
			break;
		}
		if (var_6 == NULL) {
			/* done parsing */
			break;
		}

		if (var_2 == SC_ASN1_TAG_APPLICATION) {
			switch (tag) {
				case 0x1A:
					var_4 = 1;
					if (iccsn && iccsn_len) {
						memcpy(iccsn, var_6, MIN(var_8, *iccsn_len));
						*iccsn_len = MIN(var_8, *iccsn_len);
					}
					break;
				case 0x1F20:
					var_1 = 1;
					if (chn && chn_len) {
						memcpy(chn, var_6, MIN(var_8, *chn_len));
						*chn_len = MIN(var_8, *chn_len);
					}
					break;
			}
 		}
 
 		var_6 += var_8;
		var_5 -= (var_6 - var_3);
 	}
 
 	if (!var_4 && iccsn_len)
		*iccsn_len = 0;
	if (!var_1 && chn_len)
		*chn_len = 0;

	return var_7;
}
"
123546,CWE-20,14B,Qwen2.5-Coder-14B-Instruct,baseline,"The vulnerability in the provided C++ code is related to the use of `base::MakeUnique` without proper error handling. This function can potentially fail if memory allocation fails, but there is no check to see if the returned pointer is null. If memory allocation fails, the program will continue to execute with a null pointer, leading to undefined behavior, such as crashes or security vulnerabilities.

To mitigate this risk, the code should include a check to ensure that the memory allocation was successful before proceeding. Here's an example of how the code could be modified to include this check:

```cpp
void BrowserPpapiHostImpl::AddInstance(
    PP_Instance instance,
    const PepperRendererInstanceData& renderer_instance_data) {
  DCHECK(instance_map_.find(instance) == instance_map_.end());
  std::unique_ptr<InstanceData> new_instance = base::MakeUnique<InstanceData>(renderer_instance_data);
  if (!new_instance) {
    // Handle the error, e.g., log an error message or take corrective action
    return;
  }
  instance_map_[instance] = std::move(new_instance);
}
```

By adding this check, the code ensures that any failure in memory allocation is properly handled, preventing potential crashes or security issues."," void BrowserPpapiHostImpl::AddInstance(
     PP_Instance instance,
     const PepperRendererInstanceData& renderer_instance_data) {
  DCHECK(instance_map_.find(instance) == instance_map_.end());
  instance_map_[instance] =
      base::MakeUnique<InstanceData>(renderer_instance_data);
 }
"
123546,CWE-20,14B,Qwen2.5-Coder-14B-Instruct,perturbed,"The vulnerability in the provided C++ code is related to the use of `base::MakeUnique` without proper error handling. This function can potentially fail if memory allocation fails, but there is no check to see if the returned pointer is null. If memory allocation fails, the program will continue to execute with a null pointer, leading to undefined behavior, such as crashes or security vulnerabilities. It is crucial to always check the return value of memory allocation functions to ensure that they have succeeded before using the allocated memory.

The vulnerability in the provided C++ code is related to the use of `base::MakeUnique` without proper error handling. This function can potentially fail if memory allocation fails, but there is no check to see if the returned pointer is null. If memory allocation fails, the program will continue to execute with a null pointer, leading to undefined behavior, such as crashes or security vulnerabilities. It is crucial to always check the return value of memory allocation functions to ensure that they have succeeded before using the allocated memory.

The vulnerability in the provided C++ code is related to the use of `base::MakeUnique` without proper error handling. This function can potentially fail if memory allocation fails, but there is no check to see if the returned pointer is null. If memory allocation fails, the program will continue to execute with a null pointer, leading to undefined behavior, such as crashes or security vulnerabilities. It is crucial to always check the return value of memory allocation functions to ensure that they have succeeded before using the allocated memory.

The vulnerability in the provided C++ code is related to the use of `base::MakeUnique` without proper error handling. This function can potentially fail if memory allocation fails, but there is no check to see if the returned pointer is null. If memory allocation fails, the program will continue to execute with a null pointer, leading to undefined behavior, such as crashes or security vulnerabilities. It is crucial to always check the return value of memory allocation functions to ensure that they have succeeded before using the allocated memory.

The vulnerability in the provided C++ code is related to the use of `base::MakeUnique` without proper error handling. This function can potentially fail if memory allocation fails, but there is no check to see if the returned pointer is null. If memory allocation fails, the program will continue to execute with a null pointer, leading to undefined behavior, such as crashes or security vulnerabilities. It is crucial to always check the return value of memory allocation functions to ensure that they have succeeded before using the allocated memory.

The vulnerability"," void BrowserPpapiHostImpl::AddInstance(
     PP_Instance var_1,
     const PepperRendererInstanceData& var_2) {
  DCHECK(instance_map_.find(var_1) == instance_map_.end());
  instance_map_[var_1] =
      base::MakeUnique<InstanceData>(var_2);
 }
"
136806,CWE-119,14B,Qwen2.5-Coder-14B-Instruct,baseline,"The vulnerability in this code is that it does not check if the `pstr` pointer is NULL before attempting to dereference it. This can lead to a segmentation fault if `pstr` is NULL, which can be exploited by an attacker to execute arbitrary code or crash the program. To fix this vulnerability, the code should add a NULL check for `pstr` before dereferencing it.
The vulnerability in this code is that it does not check if the `pstr` pointer is NULL before attempting to dereference it. This can lead to a segmentation fault if `pstr` is NULL, which can be exploited by an attacker to execute arbitrary code or crash the program. To fix this vulnerability, the code should add a NULL check for `pstr` before dereferencing it. Additionally, the code should also check if the `pstr->data` pointer is NULL before calling `strlen()` on it, as `strlen()` expects a non-NULL pointer. If `pstr->data` is NULL, the code should handle this case appropriately, such as by setting `pstr->size` to 0 and returning 0.","xps_true_callback_glyph_name(gs_font *pfont, gs_glyph glyph, gs_const_string *pstr)
{
    /* This function is copied verbatim from plfont.c */

    int table_length;
     int table_offset;
 
     ulong format;
    uint numGlyphs;
     uint glyph_name_index;
     const byte *postp; /* post table pointer */
 
     /* guess if the font type is not truetype */
     if ( pfont->FontType != ft_TrueType )
     {
            pstr->size = strlen((char*)pstr->data);
            return 0;
        }
        else
        {
            return gs_throw1(-1, ""glyph index %lu out of range"", (ulong)glyph);
        }
    }
"
136806,CWE-119,14B,Qwen2.5-Coder-14B-Instruct,perturbed,"The vulnerability in this C code is a buffer overflow. The code does not check the length of the input string before copying it to a fixed-size buffer. This can lead to writing past the end of the buffer, potentially overwriting adjacent memory and causing undefined behavior or crashes. The use of `strlen` on `pstr->data` without checking its length against the buffer size is a common cause of buffer overflow vulnerabilities. To fix this, the code should include a check to ensure that the length of `pstr->data` does not exceed the size of the buffer before copying it. Additionally, the code should handle cases where the input string is longer than expected, such as by truncating the string or returning an error. The vulnerability is dangerous because it can be exploited to execute arbitrary code or crash the program, leading to potential security risks and data corruption. The use of `gs_throw1` with a format string that includes user-supplied data (`glyph`) can also lead to format string vulnerabilities if not handled properly, which could allow attackers to manipulate the output or cause crashes. To mitigate these risks, the code should validate all user inputs and use safer functions for string manipulation.","xps_true_callback_glyph_name(gs_font *pfont, gs_glyph glyph, gs_const_string *pstr)
{
    /* This function is copied verbatim from plfont.c */

    int var_5;
     int var_6;
 
     ulong var_1;
    uint var_3;
     uint var_2;
     const byte *var_4; /* post table pointer */
 
     /* guess if the font type is not truetype */
     if ( pfont->FontType != ft_TrueType )
     {
            pstr->size = strlen((char*)pstr->data);
            return 0;
        }
        else
        {
            return gs_throw1(-1, ""glyph index %lu out of range"", (ulong)glyph);
        }
    }
"
60391,CWE-787,14B,Qwen2.5-Coder-14B-Instruct,baseline,"The vulnerability in this C code is a buffer overflow. The function `nsc_rle_encode` does not check if the output buffer `out` has enough space to hold the encoded data. This can lead to writing beyond the bounds of the `out` buffer, which can overwrite adjacent memory locations, potentially leading to undefined behavior, crashes, or even security vulnerabilities such as code execution. The condition `planeSize < originalSize - 4` only checks if the compressed size is less than the original size minus 4, but it does not ensure that there is enough space in the output buffer to store the compressed data. To fix this vulnerability, the function should include a check for the available space in the output buffer before writing to it. ``` ``` ``` ``` ``` ``` ``` ``` ``` ``` ``` ``` ``` ``` ``` ``` ``` ``` ``` ``` ``` ``` ``` ``` ``` ``` ``` ``` ``` ``` ``` ``` ``` ``` ``` ``` ``` ``` ``` ``` ``` ``` ``` ``` ``` ``` ``` ``` ``` ``` ``` ``` ``` ``` ``` ``` ``` ``` ``` ``` ``` ``` ``` ``` ``` ``` ``` ``` ``` ``` ``` ``` ``` ``` ``` ``` ``` ``` ``` ``` ``` ``` ``` ``` ``` ``` ``` ``` ``` ``` ``` ``` ``` ``` ``` ``` ``` ``` ``` ``` ``` ``` ``` ``` ``` ``` ``` ``` ``` ``` ``` ``` ``` ``` ``` ``` ``` ``` ``` ``` ``` ``` ``` ``` ``` ``` ``` ``` ``` ``` ``` ``` ``` ``` ``` ``` ``` ``` ``` ``` ``` ``` ``` ``` ``` ``` ``` ``` ``` ``` ``` ``` ``` ``` ``` ``` ``` ``` ``` ``` ``` ``` ``` ``` ``` ``` ``` ``` ``` ``` ``` ``` ``` ``` ``` ``` ``` ``` ``` ``` ``` ``` ``` ``` ``` ``` ``` ``` ``` ``` ``` ``` ``` ``` ``` ``` ``` ``` ``` ``` ``` ``` ``` ``` ``` ``` ``` ``` ``` ``` ``` ``` ``` ``` ``` ``` ``` ``` ``` ``` ``` ``` ``` ``` ``` ``` ``` ``` ``` ``` ``` ``` ``` ``` ``` ``` ``` ``` ``` ``` ``` ``` ``` ``` ``` ``` ``` ``` ``` ``` ``` ``` ``` ``` ``` ``` ``` ``` ``` ``` ``` ``` ``` ``` ``` ``` ``` ``` ``` ``` ``` ``` ``` ``` ``` ``` ``` ``` ``` ``` ``` ``` ``` ``` ``` ``` ``` ``` ``` ``` ``` ``` ``` ``` ``` ``` ``` ``` ``` ``` ``` ``` ``` ``` ``` ``` ``` ``` ``` ``` ``` ``` ``` ``` ``` ``` ``` ``` ``` ``` ``` ``` ``` ``` ``` ``` ``` ``` ``` ``` ``` ``` ``` ``` ``` ``` ``` ``` ``` ``` ``` ``` ``` ``` ``` ``` ``` ``` ``` ``` ``` ``` ``` ``` ``` ``` ``` ``` ``` ``` ``` ```","static UINT32 nsc_rle_encode(BYTE* in, BYTE* out, UINT32 originalSize)
 {
 	UINT32 left;
 	UINT32 runlength = 1;
	UINT32 planeSize = 0;
	left = originalSize;

	/**
	 * We quit the loop if the running compressed size is larger than the original.
	 * In such cases data will be sent uncompressed.
	 */
	while (left > 4 && planeSize < originalSize - 4)
	{
		if (left > 5 && *in == *(in + 1))
		{
			runlength++;
		}
		else if (runlength == 1)
		{
			*out++ = *in;
			planeSize++;
		}
		else if (runlength < 256)
		{
			*out++ = *in;
			*out++ = *in;
			*out++ = runlength - 2;
			runlength = 1;
			planeSize += 3;
		}
		else
		{
			*out++ = *in;
			*out++ = *in;
			*out++ = 0xFF;
			*out++ = (runlength & 0x000000FF);
			*out++ = (runlength & 0x0000FF00) >> 8;
			*out++ = (runlength & 0x00FF0000) >> 16;
			*out++ = (runlength & 0xFF000000) >> 24;
			runlength = 1;
			planeSize += 7;
		}

		in++;
		left--;
	}

	if (planeSize < originalSize - 4)
		CopyMemory(out, in, 4);

	planeSize += 4;
	return planeSize;
}
"
60391,CWE-787,14B,Qwen2.5-Coder-14B-Instruct,perturbed,"The vulnerability in this C code is a buffer overflow. The function `nsc_rle_encode` takes two pointers to byte arrays (`var_1` and `var_4`) and a size (`var_3`). It attempts to compress the data from `var_1` into `var_4`. However, there is no check to ensure that `var_4` has enough space to hold the compressed data. If the compressed data exceeds the size of `var_4`, it will overwrite adjacent memory, leading to undefined behavior, crashes, or security vulnerabilities. This can be particularly dangerous if an attacker can control the input data, allowing them to craft inputs that cause the buffer overflow. To fix this vulnerability, the function should include checks to ensure that `var_4` has sufficient space before writing to it.","static UINT32 nsc_rle_encode(BYTE* var_1, BYTE* var_4, UINT32 var_3)
 {
 	UINT32 var_2;
 	UINT32 var_6 = 1;
	UINT32 var_5 = 0;
	var_2 = var_3;

	/**
	 * We quit the loop if the running compressed size is larger than the original.
	 * In such cases data will be sent uncompressed.
	 */
	while (var_2 > 4 && var_5 < var_3 - 4)
	{
		if (var_2 > 5 && *var_1 == *(var_1 + 1))
		{
			var_6++;
		}
		else if (var_6 == 1)
		{
			*var_4++ = *var_1;
			var_5++;
		}
		else if (var_6 < 256)
		{
			*var_4++ = *var_1;
			*var_4++ = *var_1;
			*var_4++ = var_6 - 2;
			var_6 = 1;
			var_5 += 3;
		}
		else
		{
			*var_4++ = *var_1;
			*var_4++ = *var_1;
			*var_4++ = 0xFF;
			*var_4++ = (var_6 & 0x000000FF);
			*var_4++ = (var_6 & 0x0000FF00) >> 8;
			*var_4++ = (var_6 & 0x00FF0000) >> 16;
			*var_4++ = (var_6 & 0xFF000000) >> 24;
			var_6 = 1;
			var_5 += 7;
		}

		var_1++;
		var_2--;
	}

	if (var_5 < var_3 - 4)
		CopyMemory(var_4, var_1, 4);

	var_5 += 4;
	return var_5;
}
"
86146,CWE-200,14B,Qwen2.5-Coder-14B-Instruct,baseline,"The vulnerability in this C++ code is that it does not handle null characters ('\0') in the input string. The function `SanitizeFrontendPath` checks each character in the input string to ensure it is one of the allowed characters. However, it does not check for the presence of a null character, which can be used to terminate the string prematurely. This can lead to buffer overflows or other security issues when the function is used to process user input. To fix this vulnerability, the function should explicitly check for null characters and handle them appropriately.
The vulnerability in this C++ code is that it does not handle null characters ('\0') in the input string. The function `SanitizeFrontendPath` checks each character in the input string to ensure it is one of the allowed characters. However, it does not check for the presence of a null character, which can be used to terminate the string prematurely. This can lead to buffer overflows or other security issues when the function is used to process user input. To fix this vulnerability, the function should explicitly check for null characters and handle them appropriately.","std::string SanitizeFrontendPath(const std::string& path) {
  for (size_t i = 0; i < path.length(); i++) {
    if (path[i] != '/' && path[i] != '-' && path[i] != '_'
        && path[i] != '.' && path[i] != '@'
        && !(path[i] >= '0' && path[i] <= '9')
        && !(path[i] >= 'a' && path[i] <= 'z')
        && !(path[i] >= 'A' && path[i] <= 'Z')) {
      return std::string();
    }
  }
  return path;
}
"
86146,CWE-200,14B,Qwen2.5-Coder-14B-Instruct,perturbed,"The vulnerability in this C++ code is that it does not handle null characters ('\0') in the input string. The function checks each character in the string to ensure it is one of the allowed characters, but it does not check for the null character. If a null character is present in the input string, it will be treated as the end of the string by the `std::string` class, potentially leading to unexpected behavior or security issues. This can be exploited by an attacker to inject malicious data or manipulate the program's flow.

To fix this vulnerability, the function should explicitly check for null characters and handle them appropriately, such as by returning an empty string or reporting an error. Here is a revised version of the function:

```cpp
std::string SanitizeFrontendPath(const std::string& path) {
  size_t var_1 = 0;
  while (var_1 < path.length()) {
    if (path[var_1] == '\0' || 
        path[var_1] != '/' && path[var_1] != '-' && path[var_1] != '_'
        && path[var_1] != '.' && path[var_1] != '@'
        && !(path[var_1] >= '0' && path[var_1] <= '9')
        && !(path[var_1] >= 'a' && path[var_1] <= 'z')
        && !(path[var_1] >= 'A' && path[var_1] <= 'Z')) {
      return std::string();
    }
    var_1++;
  }
  return path;
}
```

This revised function now includes a check for null characters (`'\0'`) and will return an empty string if any are found, thus mitigating the potential security risk.","std::string SanitizeFrontendPath(const std::string& path) {
  size_t var_1 = 0;;
while (var_1 < path.length()) {
    if (path[var_1] != '/' && path[var_1] != '-' && path[var_1] != '_'
        && path[var_1] != '.' && path[var_1] != '@'
        && !(path[var_1] >= '0' && path[var_1] <= '9')
        && !(path[var_1] >= 'a' && path[var_1] <= 'z')
        && !(path[var_1] >= 'A' && path[var_1] <= 'Z')) {
      return std::string();
    }
    var_1++;
}
  return path;
}
"
70561,Unknown,14B,Qwen2.5-Coder-14B-Instruct,baseline,"The vulnerability in this C++ code is a potential memory leak. The code creates a new NPObjectStub object but does not delete it after use. This can lead to a memory leak if the function is called multiple times without proper cleanup. The AsWeakPtr() method is used to create a weak pointer to the NPObjectStub object, but this does not automatically delete the object when it goes out of scope. Therefore, the memory allocated for the NPObjectStub object will remain allocated until the program exits, which can be dangerous if the program runs for a long time or if the function is called frequently. To fix this vulnerability, the code should include a mechanism to delete the NPObjectStub object when it is no longer needed. One way to do this is to store a pointer to the NPObjectStub object in a member variable of the class and delete it in the destructor of the class. Another way is to use a smart pointer such as std::unique_ptr or std::shared_ptr to manage the lifetime of the NPObjectStub object."," void WebPluginDelegateProxy::OnGetWindowScriptNPObject(
    int route_id, bool* success, intptr_t* npobject_ptr) {
   *success = false;
   NPObject* npobject = NULL;
   if (plugin_)
    npobject = plugin_->GetWindowScriptNPObject();

  if (!npobject)
    return;

   window_script_object_ = (new NPObjectStub(
       npobject, channel_host_.get(), route_id, 0, page_url_))->AsWeakPtr();
   *success = true;
  *npobject_ptr = reinterpret_cast<intptr_t>(npobject);
 }
"
70561,Unknown,14B,Qwen2.5-Coder-14B-Instruct,perturbed,"The vulnerability in this C++ code is a potential memory leak. The code creates a new NPObjectStub object but does not delete it after use. This can lead to a memory leak if the function is called multiple times without proper cleanup. The memory allocated for the NPObjectStub object is not freed, which can exhaust system resources over time and potentially crash the application.

The vulnerability is dangerous because it can lead to a memory leak, which can cause the application to consume more and more memory until it runs out of resources. This can result in a denial of service (DoS) attack, where the application becomes unresponsive or crashes. Additionally, if the memory leak is large enough, it can also lead to other security vulnerabilities, such as buffer overflows or code execution vulnerabilities, as the system may become unstable due to the lack of available memory. To fix this vulnerability, the code should ensure that the NPObjectStub object is properly deleted after use, either by using smart pointers or by explicitly deleting the object when it is no longer needed."," void WebPluginDelegateProxy::OnGetWindowScriptNPObject(
    int var_3, bool* var_4, intptr_t* var_2) {
   *var_4 = false;
   NPObject* var_1 = NULL;
   if (plugin_)
    var_1 = plugin_->GetWindowScriptNPObject();

  if (!var_1)
    return;

   window_script_object_ = (new NPObjectStub(
       var_1, channel_host_.get(), var_3, 0, page_url_))->AsWeakPtr();
   *var_4 = true;
  *var_2 = reinterpret_cast<intptr_t>(var_1);
 }
"
30756,CWE-426,14B,Qwen2.5-Coder-14B-Instruct,baseline,"The vulnerability in this C code is a buffer overflow. The code does not check if the length of the directory path (l) is less than the size of the own_dir buffer before copying the directory path into it. This can lead to writing beyond the bounds of the own_dir buffer, which can overwrite adjacent memory and potentially lead to arbitrary code execution or other security vulnerabilities. To fix this vulnerability, the code should check if the length of the directory path is less than the size of the own_dir buffer before copying the directory path into it. For example:
```c
if (l < sizeof(own_dir)) {
    memcpy(own_dir, argv0, l - 1);
    own_dir[l] = 0;
} else {
    // handle error
}
```

The vulnerability in this C code is a buffer overflow. The code does not check if the length of the directory path (l) is less than the size of the own_dir buffer before copying the directory path into it. This can lead to writing beyond the bounds of the own_dir buffer, which can overwrite adjacent memory and potentially lead to arbitrary code execution or other security vulnerabilities. To fix this vulnerability, the code should check if the length of the directory path is less than the size of the own_dir buffer before copying the directory path into it. For example:
```c
if (l < sizeof(own_dir)) {
    memcpy(own_dir, argv0, l - 1);
    own_dir[l] = 0;
} else {
    // handle error
}
```","static void set_own_dir(const char *argv0) {
	size_t l = strlen(argv0);
 	while(l && argv0[l - 1] != '/')
 		l--;
 	if(l == 0)
 		memcpy(own_dir, ""."", 2);
 	else {
 		memcpy(own_dir, argv0, l - 1);
 		own_dir[l] = 0;
	}
}
"
30756,CWE-426,14B,Qwen2.5-Coder-14B-Instruct,perturbed,"The function `set_own_dir` takes a string `var_1` as input and sets the `own_dir` variable to the directory part of the input string. The function first calculates the length of the input string and then iterates backwards to find the last occurrence of the '/' character. If no '/' is found, it sets `own_dir` to ""."". Otherwise, it copies the substring from the start of the input string up to (but not including) the last '/' character into `own_dir`, and then null-terminates the string.

The vulnerability in this code is that it does not check if the length of the input string is greater than the size of the `own_dir` buffer before copying the substring into it. This can lead to a buffer overflow if the input string is longer than the size of the `own_dir` buffer. A buffer overflow occurs when more data is written to a buffer than it can hold, which can overwrite adjacent memory locations and potentially lead to arbitrary code execution or other security vulnerabilities. To fix this vulnerability, the code should add a check to ensure that the length of the input string is less than or equal to the size of the `own_dir` buffer before copying the substring into it. ```c
static void set_own_dir(const char *var_1) {
    size_t var_2 = strlen(var_1);
    while(var_2 && var_1[var_2 - 1] != '/')
        var_2--;
    if(var_2 == 0)
        memcpy(own_dir, ""."", 2);
    else {
        if (var_2 - 1 < sizeof(own_dir)) { // Check if the length of the substring is less than the size of own_dir
            memcpy(own_dir, var_1, var_2 - 1);
            own_dir[var_2] = 0;
        } else {
            // Handle the case where the input string is too long
            // For example, you could set own_dir to a default value or return an error
        }
    }
}
```","static void set_own_dir(const char *var_1) {
	size_t var_2 = strlen(var_1);
 	while(var_2 && var_1[var_2 - 1] != '/')
 		var_2--;
 	if(var_2 == 0)
 		memcpy(own_dir, ""."", 2);
 	else {
 		memcpy(own_dir, var_1, var_2 - 1);
 		own_dir[var_2] = 0;
	}
}
"
110036,CWE-134,14B,Qwen2.5-Coder-14B-Instruct,baseline,"The vulnerability in the provided C code is a buffer overflow in the `sprintf` function. The `sprintf` function is used to format the string returned by `getJobActionString(mode)` into the `word` array, which has a fixed size of 32 characters. If the string returned by `getJobActionString(mode)` is longer than 31 characters (since one character is reserved for the null terminator), it will overflow the `word` buffer, potentially overwriting adjacent memory locations. This can lead to undefined behavior, including crashes, data corruption, or even security vulnerabilities such as code execution. To mitigate this vulnerability, the code should use a safer alternative like `snprintf`, which allows specifying the maximum number of characters to write to the buffer, ensuring that the buffer does not overflow. ```c
sprintf(word, getJobActionString(mode));
```

To fix the vulnerability, you should replace `sprintf` with `snprintf` and specify the maximum number of characters to write to the buffer:

```c
snprintf(word, sizeof(word), ""%s"", getJobActionString(mode));
```

This change ensures that the `word` buffer is not overrun, providing a safer implementation."," usage(int iExitCode)
 {
        char word[32];
       sprintf( word, getJobActionString(mode) );
        fprintf( stderr, ""Usage: %s [options] [constraints]\n"", MyName );
        fprintf( stderr, "" where [options] is zero or more of:\n"" );
        fprintf( stderr, ""  -help               Display this message and exit\n"" );
	fprintf( stderr, ""  -version            Display version information and exit\n"" );


	fprintf( stderr, ""  -name schedd_name   Connect to the given schedd\n"" );
	fprintf( stderr, ""  -pool hostname      Use the given central manager to find daemons\n"" );
	fprintf( stderr, ""  -addr <ip:port>     Connect directly to the given \""sinful string\""\n"" );
	if( mode == JA_REMOVE_JOBS || mode == JA_REMOVE_X_JOBS ) {
		fprintf( stderr, ""  -reason reason      Use the given RemoveReason\n"");
	} else if( mode == JA_RELEASE_JOBS ) {
		fprintf( stderr, ""  -reason reason      Use the given ReleaseReason\n"");
	} else if( mode == JA_HOLD_JOBS ) {
		fprintf( stderr, ""  -reason reason      Use the given HoldReason\n"");
		fprintf( stderr, ""  -subcode number     Set HoldReasonSubCode\n"");
	}

	if( mode == JA_REMOVE_JOBS || mode == JA_REMOVE_X_JOBS ) {
		fprintf( stderr,
				     ""  -forcex             Force the immediate local removal of jobs in the X state\n""
		         ""                      (only affects jobs already being removed)\n"" );
	}
	if( mode == JA_VACATE_JOBS || mode == JA_VACATE_FAST_JOBS ) {
		fprintf( stderr,
				     ""  -fast               Use a fast vacate (hardkill)\n"" );
	}
	fprintf( stderr, "" and where [constraints] is one of:\n"" );
	fprintf( stderr, ""  cluster.proc        %s the given job\n"", word );
	fprintf( stderr, ""  cluster             %s the given cluster of jobs\n"", word );
	fprintf( stderr, ""  user                %s all jobs owned by user\n"", word );
	fprintf( stderr, ""  -constraint expr    %s all jobs matching the boolean expression\n"", word );
	fprintf( stderr, ""  -all                %s all jobs ""
			 ""(cannot be used with other constraints)\n"", word );
	exit( iExitCode );
}
"
110036,CWE-134,14B,Qwen2.5-Coder-14B-Instruct,perturbed,"The vulnerability in the provided C code is related to the use of `sprintf` without checking the return value. This can lead to buffer overflow if the formatted string returned by `getJobActionString(mode)` exceeds the size of the buffer `var_1`, which is 32 bytes. Buffer overflow vulnerabilities are dangerous because they can allow an attacker to execute arbitrary code, potentially leading to complete control over the system. To mitigate this risk, the code should check the return value of `sprintf` to ensure that the output does not exceed the buffer size, or use a safer alternative like `snprintf` which allows specifying the maximum number of characters to write to the buffer. ``` ``` ``` ``` ``` ``` ``` ``` ``` ``` ``` ``` ``` ``` ``` ``` ``` ``` ``` ``` ``` ``` ``` ``` ``` ``` ``` ``` ``` ``` ``` ``` ``` ``` ``` ``` ``` ``` ``` ``` ``` ``` ``` ``` ``` ``` ``` ``` ``` ``` ``` ``` ``` ``` ``` ``` ``` ``` ``` ``` ``` ``` ``` ``` ``` ``` ``` ``` ``` ``` ``` ``` ``` ``` ``` ``` ``` ``` ``` ``` ``` ``` ``` ``` ``` ``` ``` ``` ``` ``` ``` ``` ``` ``` ``` ``` ``` ``` ``` ``` ``` ``` ``` ``` ``` ``` ``` ``` ``` ``` ``` ``` ``` ``` ``` ``` ``` ``` ``` ``` ``` ``` ``` ``` ``` ``` ``` ``` ``` ``` ``` ``` ``` ``` ``` ``` ``` ``` ``` ``` ``` ``` ``` ``` ``` ``` ``` ``` ``` ``` ``` ``` ``` ``` ``` ``` ``` ``` ``` ``` ``` ``` ``` ``` ``` ``` ``` ``` ``` ``` ``` ``` ``` ``` ``` ``` ``` ``` ``` ``` ``` ``` ``` ``` ``` ``` ``` ``` ``` ``` ``` ``` ``` ``` ``` ``` ``` ``` ``` ``` ``` ``` ``` ``` ``` ``` ``` ``` ``` ``` ``` ``` ``` ``` ``` ``` ``` ``` ``` ``` ``` ``` ``` ``` ``` ``` ``` ``` ``` ``` ``` ``` ``` ``` ``` ``` ``` ``` ``` ``` ``` ``` ``` ``` ``` ``` ``` ``` ``` ``` ``` ``` ``` ``` ``` ``` ``` ``` ``` ``` ``` ``` ``` ``` ``` ``` ``` ``` ``` ``` ``` ``` ``` ``` ``` ``` ``` ``` ``` ``` ``` ``` ``` ``` ``` ``` ``` ``` ``` ``` ``` ``` ``` ``` ``` ``` ``` ``` ``` ``` ``` ``` ``` ``` ``` ``` ``` ``` ``` ``` ``` ``` ``` ``` ``` ``` ``` ``` ``` ``` ``` ``` ``` ``` ``` ``` ``` ``` ``` ``` ``` ``` ``` ``` ``` ``` ``` ``` ``` ``` ``` ``` ``` ``` ``` ``` ``` ``` ``` ``` ``` ``` ``` ``` ``` ``` ``` ``` ``` ``` ``` ``` ``` ``` ``` ``` ``` ``` ``` ``` ``` ``` ``` ``` ``` ```"," usage(int iExitCode)
 {
        char var_1[32];
       sprintf( var_1, getJobActionString(mode) );
        fprintf( stderr, ""Usage: %s [options] [constraints]\n"", MyName );
        fprintf( stderr, "" where [options] is zero or more of:\n"" );
        fprintf( stderr, ""  -help               Display this message and exit\n"" );
	fprintf( stderr, ""  -version            Display version information and exit\n"" );


	fprintf( stderr, ""  -name schedd_name   Connect to the given schedd\n"" );
	fprintf( stderr, ""  -pool hostname      Use the given central manager to find daemons\n"" );
	fprintf( stderr, ""  -addr <ip:port>     Connect directly to the given \""sinful string\""\n"" );
	if( mode == JA_REMOVE_JOBS || mode == JA_REMOVE_X_JOBS ) {
		fprintf( stderr, ""  -reason reason      Use the given RemoveReason\n"");
	} else if( mode == JA_RELEASE_JOBS ) {
		fprintf( stderr, ""  -reason reason      Use the given ReleaseReason\n"");
	} else if( mode == JA_HOLD_JOBS ) {
		fprintf( stderr, ""  -reason reason      Use the given HoldReason\n"");
		fprintf( stderr, ""  -subcode number     Set HoldReasonSubCode\n"");
	}

	if( mode == JA_REMOVE_JOBS || mode == JA_REMOVE_X_JOBS ) {
		fprintf( stderr,
				     ""  -forcex             Force the immediate local removal of jobs in the X state\n""
		         ""                      (only affects jobs already being removed)\n"" );
	}
	if( mode == JA_VACATE_JOBS || mode == JA_VACATE_FAST_JOBS ) {
		fprintf( stderr,
				     ""  -fast               Use a fast vacate (hardkill)\n"" );
	}
	fprintf( stderr, "" and where [constraints] is one of:\n"" );
	fprintf( stderr, ""  cluster.proc        %s the given job\n"", var_1 );
	fprintf( stderr, ""  cluster             %s the given cluster of jobs\n"", var_1 );
	fprintf( stderr, ""  user                %s all jobs owned by user\n"", var_1 );
	fprintf( stderr, ""  -constraint expr    %s all jobs matching the boolean expression\n"", var_1 );
	fprintf( stderr, ""  -all                %s all jobs ""
			 ""(cannot be used with other constraints)\n"", var_1 );
	exit( iExitCode );
}
"
146476,CWE-400,14B,Qwen2.5-Coder-14B-Instruct,baseline,"The vulnerability in this C code is related to the handling of the `s->fsconf.tag` string. Specifically, the code checks if the length of `s->fsconf.tag` exceeds `MAX_TAG_LEN - 1`, but it does not ensure that the string itself is properly null-terminated before using it. This can lead to buffer overflows or other undefined behavior when the string is used later in the program.

The danger of this vulnerability lies in the fact that if an attacker can control the value of `s->fsconf.tag`, they could potentially inject a string that is longer than expected, causing the program to access memory outside of its allocated bounds. This could result in data corruption, crashes, or even arbitrary code execution, depending on the context in which the program is running.

To mitigate this vulnerability, the code should ensure that any string used is properly null-terminated and that its length does not exceed the expected maximum. Additionally, the code should validate the input to ensure that it meets all necessary constraints before using it.","int v9fs_device_realize_common(V9fsState *s, Error **errp)
{
    V9fsVirtioState *v = container_of(s, V9fsVirtioState, state);
    int i, len;
    struct stat stat;
    FsDriverEntry *fse;
    V9fsPath path;
    int rc = 1;

    /* initialize pdu allocator */
    QLIST_INIT(&s->free_list);
    QLIST_INIT(&s->active_list);
    for (i = 0; i < (MAX_REQ - 1); i++) {
        QLIST_INSERT_HEAD(&s->free_list, &v->pdus[i], next);
        v->pdus[i].s = s;
        v->pdus[i].idx = i;
    }

    v9fs_path_init(&path);

    fse = get_fsdev_fsentry(s->fsconf.fsdev_id);

    if (!fse) {
        /* We don't have a fsdev identified by fsdev_id */
        error_setg(errp, ""9pfs device couldn't find fsdev with the ""
                   ""id = %s"",
                   s->fsconf.fsdev_id ? s->fsconf.fsdev_id : ""NULL"");
        goto out;
    }

    if (!s->fsconf.tag) {
        /* we haven't specified a mount_tag */
        error_setg(errp, ""fsdev with id %s needs mount_tag arguments"",
                   s->fsconf.fsdev_id);
        goto out;
    }

    s->ctx.export_flags = fse->export_flags;
    s->ctx.fs_root = g_strdup(fse->path);
    s->ctx.exops.get_st_gen = NULL;
    len = strlen(s->fsconf.tag);
    if (len > MAX_TAG_LEN - 1) {
        error_setg(errp, ""mount tag '%s' (%d bytes) is longer than ""
                   ""maximum (%d bytes)"", s->fsconf.tag, len, MAX_TAG_LEN - 1);
        goto out;
    }

    s->tag = g_strdup(s->fsconf.tag);
    s->ctx.uid = -1;

    s->ops = fse->ops;

    s->fid_list = NULL;
    qemu_co_rwlock_init(&s->rename_lock);

    if (s->ops->init(&s->ctx) < 0) {
        error_setg(errp, ""9pfs Failed to initialize fs-driver with id:%s""
                   "" and export path:%s"", s->fsconf.fsdev_id, s->ctx.fs_root);
        goto out;
    }

    /*
     * Check details of export path, We need to use fs driver
     * call back to do that. Since we are in the init path, we don't
     * use co-routines here.
     */
    if (s->ops->name_to_path(&s->ctx, NULL, ""/"", &path) < 0) {
        error_setg(errp,
                   ""error in converting name to path %s"", strerror(errno));
        goto out;
    }
    if (s->ops->lstat(&s->ctx, &path, &stat)) {
        error_setg(errp, ""share path %s does not exist"", fse->path);
        goto out;
    } else if (!S_ISDIR(stat.st_mode)) {
        error_setg(errp, ""share path %s is not a directory"", fse->path);
        goto out;
    }
    v9fs_path_free(&path);

     rc = 0;
 out:
     if (rc) {
        g_free(s->ctx.fs_root);
         g_free(s->tag);
         v9fs_path_free(&path);
     }
     return rc;
}
"
146476,CWE-400,14B,Qwen2.5-Coder-14B-Instruct,perturbed,"The vulnerability in this C code is related to the handling of the `var_6->fsconf.tag` string. Specifically, the code checks if the length of `var_6->fsconf.tag` exceeds `MAX_TAG_LEN - 1`, but it does not ensure that the string itself is properly null-terminated before using it. This can lead to buffer overflows or other undefined behavior if the string is not null-terminated.

The danger of this vulnerability lies in the fact that if an attacker can control the input for `var_6->fsconf.tag`, they could potentially inject a string that is not null-terminated, causing the program to read beyond the intended bounds of the string. This could result in accessing invalid memory locations, leading to crashes, data corruption, or even arbitrary code execution.

To mitigate this vulnerability, the code should ensure that any string used is properly null-terminated before it is used. Additionally, the code should validate the input to ensure that it does not exceed the expected length and is properly formatted.","int v9fs_device_realize_common(V9fsState *var_6, Error **var_1)
{
    V9fsVirtioState *var_8 = container_of(var_6, V9fsVirtioState, state);
    int var_3, len;
    struct stat var_7;
    FsDriverEntry *var_2;
    V9fsPath var_4;
    int var_5 = 1;

    /* initialize pdu allocator */
    QLIST_INIT(&var_6->free_list);
    QLIST_INIT(&var_6->active_list);
    var_3 = 0;
while (var_3 < (MAX_REQ - 1)) {
    QLIST_INSERT_HEAD(&var_6->free_list, &var_8->pdus[var_3], next);
        var_8->pdus[var_3].s = var_6;
        var_8->pdus[var_3].idx = var_3;
    var_3++;
}

    v9fs_path_init(&var_4);

    var_2 = get_fsdev_fsentry(var_6->fsconf.fsdev_id);

    if (!var_2) {
        /* We don't have a fsdev identified by fsdev_id */
        error_setg(var_1, ""9pfs device couldn't find fsdev with the ""
                   ""id = %s"",
                   var_6->fsconf.fsdev_id ? var_6->fsconf.fsdev_id : ""NULL"");
        goto out;
    }

    if (!var_6->fsconf.tag) {
        /* we haven't specified a mount_tag */
        error_setg(var_1, ""fsdev with id %s needs mount_tag arguments"",
                   var_6->fsconf.fsdev_id);
        goto out;
    }

    var_6->ctx.export_flags = var_2->export_flags;
    var_6->ctx.fs_root = g_strdup(var_2->path);
    var_6->ctx.exops.get_st_gen = NULL;
    len = strlen(var_6->fsconf.tag);
    if (len > MAX_TAG_LEN - 1) {
        error_setg(var_1, ""mount tag '%s' (%d bytes) is longer than ""
                   ""maximum (%d bytes)"", var_6->fsconf.tag, len, MAX_TAG_LEN - 1);
        goto out;
    }

    var_6->tag = g_strdup(var_6->fsconf.tag);
    var_6->ctx.uid = -1;

    var_6->ops = var_2->ops;

    var_6->fid_list = NULL;
    qemu_co_rwlock_init(&var_6->rename_lock);

    if (var_6->ops->init(&var_6->ctx) < 0) {
        error_setg(var_1, ""9pfs Failed to initialize fs-driver with id:%s""
                   "" and export path:%s"", var_6->fsconf.fsdev_id, var_6->ctx.fs_root);
        goto out;
    }

    /*
     * Check details of export path, We need to use fs driver
     * call back to do that. Since we are in the init path, we don't
     * use co-routines here.
     */
    if (var_6->ops->name_to_path(&var_6->ctx, NULL, ""/"", &var_4) < 0) {
        error_setg(var_1,
                   ""error in converting name to path %s"", strerror(errno));
        goto out;
    }
    if (var_6->ops->lstat(&var_6->ctx, &var_4, &var_7)) {
        error_setg(var_1, ""share path %s does not exist"", var_2->path);
        goto out;
    } else if (!S_ISDIR(var_7.st_mode)) {
        error_setg(var_1, ""share path %s is not a directory"", var_2->path);
        goto out;
    }
    v9fs_path_free(&var_4);

     var_5 = 0;
 out:
     if (var_5) {
        g_free(var_6->ctx.fs_root);
         g_free(var_6->tag);
         v9fs_path_free(&var_4);
     }
     return var_5;
}
"
91561,CWE-190,14B,Qwen2.5-Coder-14B-Instruct,baseline,"The vulnerability in this C code is a buffer overflow. The code does not check if the length of the string `d_name` exceeds the size of the buffer allocated for it. This can lead to writing beyond the bounds of the allocated memory, which can corrupt other data on the stack or heap, potentially leading to arbitrary code execution.

The vulnerability is dangerous because it allows an attacker to manipulate the contents of the `d_name` field, causing the program to write outside the bounds of the allocated memory. This can lead to a variety of security issues, including crashes, data corruption, or even remote code execution if the attacker can control the contents of the `d_name` field.

To fix this vulnerability, the code should include a check to ensure that the length of `d_name` does not exceed the size of the buffer allocated for it. For example:

```c
if (strlen(intern->u.dir.entry.d_name) >= sizeof(intern->u.dir.entry.d_name)) {
    // Handle error, e.g., return false or throw an exception
}
```

This check ensures that the length of `d_name` is within the bounds of the allocated memory, preventing buffer overflow attacks."," SPL_METHOD(DirectoryIterator, valid)
 {
 	spl_filesystem_object *intern = (spl_filesystem_object*)zend_object_store_get_object(getThis() TSRMLS_CC);
 	if (zend_parse_parameters_none() == FAILURE) {
 		return;
 	}

	RETURN_BOOL(intern->u.dir.entry.d_name[0] != '\0');
}
"
91561,CWE-190,14B,Qwen2.5-Coder-14B-Instruct,perturbed,"The vulnerability in this C code is that it does not check if the `d_name` field of the `entry` structure is a null pointer before accessing it. This can lead to a segmentation fault if `d_name` is indeed a null pointer. Additionally, the function does not handle cases where `d_name` might be an empty string or contain unexpected data, which could lead to incorrect behavior or security issues. It is important to validate all pointers and data before using them to prevent such vulnerabilities. To fix this, the code should include a check to ensure that `d_name` is not null before accessing its contents. ```c
if (var_1->u.dir.entry.d_name != NULL && var_1->u.dir.entry.d_name[0] != '\0') {
    RETURN_BOOL(1);
} else {
    RETURN_BOOL(0);
}
```

This modification ensures that the function safely checks for a non-null and non-empty `d_name` before proceeding, thus mitigating the risk of segmentation faults and other related issues."," SPL_METHOD(DirectoryIterator, valid)
 {
 	spl_filesystem_object *var_1 = (spl_filesystem_object*)zend_object_store_get_object(getThis() TSRMLS_CC);
 	if (zend_parse_parameters_none() == FAILURE) {
 		return;
 	}

	RETURN_BOOL(var_1->u.dir.entry.d_name[0] != '\0');
}
"
81611,CWE-284,14B,Qwen2.5-Coder-14B-Instruct,baseline,"The vulnerability in this C code is that it does not check the return value of the `recv` function. The `recv` function can fail for various reasons such as network errors, buffer overflow, or interruptions. If `recv` fails, it returns -1 and sets the `errno` variable to indicate the error. By not checking the return value, the code does not handle these potential errors, which can lead to undefined behavior or security vulnerabilities. For example, if `recv` fails due to a buffer overflow, the code will continue executing without realizing that the data was not received correctly, potentially leading to security issues or crashes.

To fix this vulnerability, the code should check the return value of `recv` and handle any errors appropriately. Here is an example of how the code could be modified to include error checking:

```c
static void uipc_check_interrupt_locked(void)
{
    if (SAFE_FD_ISSET(uipc_main.signal_fds[0], &uipc_main.read_set)) {
        char sig_recv = 0;
        ssize_t bytes_received = recv(uipc_main.signal_fds[0], &sig_recv, sizeof(sig_recv), MSG_WAITALL);
        if (bytes_received == -1) {
            // Handle the error, e.g., log the error or take corrective action
            perror(""recv failed"");
            // Optionally, you could exit the program or take other actions
        } else if (bytes_received != sizeof(sig_recv)) {
            // Handle the case where not all expected bytes were received
            fprintf(stderr, ""Unexpected number of bytes received\n"");
        }
    }
}
```

In this modified version, the return value of `recv` is stored in the `bytes_received` variable. If `recv` returns -1, an error message is printed using `perror`, and the program can take appropriate action, such as exiting or retrying the operation. If `recv` returns a value other than the expected number of bytes, the program can handle this case as well, ensuring that the code is robust and secure.","static void uipc_check_interrupt_locked(void)
{
 if (SAFE_FD_ISSET(uipc_main.signal_fds[0], &uipc_main.read_set))

     {
         char sig_recv = 0;
        recv(uipc_main.signal_fds[0], &sig_recv, sizeof(sig_recv), MSG_WAITALL);
     }
 }
"
81611,CWE-284,14B,Qwen2.5-Coder-14B-Instruct,perturbed,"The vulnerability in this C code is a buffer overflow. The variable `var_1` is declared as a single character, but the `recv` function is called with `sizeof(var_1)` as the length parameter. This means that `recv` will attempt to read more data than can fit into `var_1`, potentially overwriting adjacent memory. This can lead to undefined behavior, crashes, or security vulnerabilities such as code execution.

To fix this vulnerability, you should ensure that the buffer passed to `recv` is large enough to hold the expected amount of data. If you only expect a single byte, then `var_1` is appropriate, but you should verify that the sender is not sending more data than expected. If there is a possibility of receiving more data, you should use a larger buffer and handle the data appropriately.

Here is an example of how you might fix the code:

```c
static void uipc_check_interrupt_locked(void)
{
    if (SAFE_FD_ISSET(uipc_main.signal_fds[0], &uipc_main.read_set)) {
        char var_1 = 0;
        ssize_t bytes_received = recv(uipc_main.signal_fds[0], &var_1, sizeof(var_1), MSG_WAITALL);
        if (bytes_received < 0) {
            // Handle error
        } else if (bytes_received != sizeof(var_1)) {
            // Handle unexpected data size
        }
    }
}
```

In this fixed version, we check the number of bytes received by `recv` and handle cases where the number of bytes does not match the expected size. This helps prevent buffer overflow and ensures that the program behaves correctly when faced with unexpected input.","static void uipc_check_interrupt_locked(void)
{
 if (SAFE_FD_ISSET(uipc_main.signal_fds[0], &uipc_main.read_set))

     {
         char var_1 = 0;
        recv(uipc_main.signal_fds[0], &var_1, sizeof(var_1), MSG_WAITALL);
     }
 }
"
81616,CWE-119,14B,Qwen2.5-Coder-14B-Instruct,baseline,"The vulnerability in this C code is a buffer overflow. The `zend_hash_find` function is called with `strlen(name) + 1` as the length of the key to search for in the hash table. However, the `zend_hash_update` function is called with `sizeof(zval*)` as the size of the value to store in the hash table. This means that the size of the value being stored is not consistent with the size of the key being searched for, which can lead to a buffer overflow. This vulnerability is dangerous because it can allow an attacker to execute arbitrary code on the system by exploiting the buffer overflow. To fix this vulnerability, the size of the value being stored should be consistent with the size of the key being searched for. This can be done by changing the size of the value being stored to `strlen(name) + 1`. ```c
static void _xml_add_to_info(xml_parser *parser, char *name)
{
    zval **element, *values;

    if (!parser->info) {
        return;
    }

    if (zend_hash_find(Z_ARRVAL_P(parser->info), name, strlen(name) + 1, (void **)&element) == FAILURE) {
        MAKE_STD_ZVAL(values);
        array_init(values);
        zend_hash_update(Z_ARRVAL_P(parser->info), name, strlen(name) + 1, (void *)&values, sizeof(zval *), (void **)&element);
    }
    add_next_index_long(*element, parser->curtag);
    parser->curtag++;
}
```

In this corrected version, the size of the value being stored in the hash table is consistent with the size of the key being searched for, which prevents a buffer overflow from occurring. This makes the code more secure and less vulnerable to exploitation by attackers.","static void _xml_add_to_info(xml_parser *parser,char *name)
{
	zval **element, *values;

	if (! parser->info) {
		return;
	}
 
        if (zend_hash_find(Z_ARRVAL_P(parser->info),name,strlen(name) + 1,(void **) &element) == FAILURE) {
                MAKE_STD_ZVAL(values);
                array_init(values);
                zend_hash_update(Z_ARRVAL_P(parser->info), name, strlen(name)+1, (void *) &values, sizeof(zval*), (void **) &element);
       } 
        add_next_index_long(*element,parser->curtag);
        parser->curtag++;
 }
"
81616,CWE-119,14B,Qwen2.5-Coder-14B-Instruct,perturbed,"The vulnerability in this C code is a buffer overflow. The `zend_hash_find` function is called with `strlen(var_2) + 1` as the length of the key to search for in the hash table. However, the `zend_hash_update` function is called with `sizeof(zval*)` as the size of the value to store in the hash table. This means that the size of the value being stored is not consistent with the size of the key being searched for, which can lead to a buffer overflow. This vulnerability can be exploited by an attacker to execute arbitrary code or crash the program. To fix this vulnerability, the size of the value being stored should be consistent with the size of the key being searched for. This can be done by changing the size of the value being stored to `strlen(var_2) + 1`. Additionally, input validation should be performed on the `var_2` parameter to ensure that it does not contain any invalid characters or exceed a certain length.","static void _xml_add_to_info(xml_parser *var_3,char *var_2)
{
	zval **var_1, *values;

	if (! var_3->info) {
		return;
	}
 
        if (zend_hash_find(Z_ARRVAL_P(var_3->info),var_2,strlen(var_2) + 1,(void **) &var_1) == FAILURE) {
                MAKE_STD_ZVAL(values);
                array_init(values);
                zend_hash_update(Z_ARRVAL_P(var_3->info), var_2, strlen(var_2)+1, (void *) &values, sizeof(zval*), (void **) &var_1);
       } 
        add_next_index_long(*var_1,var_3->curtag);
        var_3->curtag++;
 }
"
148646,CWE-134,14B,Qwen2.5-Coder-14B-Instruct,baseline,"The vulnerability in this C code is that it does not validate the input parameters before using them. Specifically, the `info` parameter, which contains various configuration settings for the socket, is used without any validation. This can lead to undefined behavior if the input parameters are invalid or maliciously crafted. For example, if an attacker can control the `info->description` field, they could potentially cause a buffer overflow or other security issues by providing a very long string. Additionally, the code does not check if the `info->subscriptions` list is properly terminated, which could lead to accessing invalid memory if the list is not correctly managed. To mitigate these risks, the code should include input validation checks for all parameters before they are used. ``` ``` ``` ``` ``` ``` ``` ``` ``` ``` ``` ``` ``` ``` ``` ``` ``` ``` ``` ``` ``` ``` ``` ``` ``` ``` ``` ``` ``` ``` ``` ``` ``` ``` ``` ``` ``` ``` ``` ``` ``` ``` ``` ``` ``` ``` ``` ``` ``` ``` ``` ``` ``` ``` ``` ``` ``` ``` ``` ``` ``` ``` ``` ``` ``` ``` ``` ``` ``` ``` ``` ``` ``` ``` ``` ``` ``` ``` ``` ``` ``` ``` ``` ``` ``` ``` ``` ``` ``` ``` ``` ``` ``` ``` ``` ``` ``` ``` ``` ``` ``` ``` ``` ``` ``` ``` ``` ``` ``` ``` ``` ``` ``` ``` ``` ``` ``` ``` ``` ``` ``` ``` ``` ``` ``` ``` ``` ``` ``` ``` ``` ``` ``` ``` ``` ``` ``` ``` ``` ``` ``` ``` ``` ``` ``` ``` ``` ``` ``` ``` ``` ``` ``` ``` ``` ``` ``` ``` ``` ``` ``` ``` ``` ``` ``` ``` ``` ``` ``` ``` ``` ``` ``` ``` ``` ``` ``` ``` ``` ``` ``` ``` ``` ``` ``` ``` ``` ``` ``` ``` ``` ``` ``` ``` ``` ``` ``` ``` ``` ``` ``` ``` ``` ``` ``` ``` ``` ``` ``` ``` ``` ``` ``` ``` ``` ``` ``` ``` ``` ``` ``` ``` ``` ``` ``` ``` ``` ``` ``` ``` ``` ``` ``` ``` ``` ``` ``` ``` ``` ``` ``` ``` ``` ``` ``` ``` ``` ``` ``` ``` ``` ``` ``` ``` ``` ``` ``` ``` ``` ``` ``` ``` ``` ``` ``` ``` ``` ``` ``` ``` ``` ``` ``` ``` ``` ``` ``` ``` ``` ``` ``` ``` ``` ``` ``` ``` ``` ``` ``` ``` ``` ``` ``` ``` ``` ``` ``` ``` ``` ``` ``` ``` ``` ``` ``` ``` ``` ``` ``` ``` ``` ``` ``` ``` ``` ``` ``` ``` ``` ``` ``` ``` ``` ``` ``` ``` ``` ``` ``` ``` ``` ``` ``` ``` ``` ``` ``` ``` ``` ``` ``` ``` ``` ``` ``` ``` ``` ``` ``` ``` ``` ``` ``` ``` ``` ``` ``` ``` ``` ``` ``` ``` ``` ``` ```","static rsRetVal createSocket(instanceConf_t* info, void** sock) {
    int rv;
    sublist* sub;

    *sock = zsocket_new(s_context, info->type);
    if (!sock) {
        errmsg.LogError(0,
                        RS_RET_INVALID_PARAMS,
                        ""zsocket_new failed: %s, for type %d"",
                        zmq_strerror(errno),info->type);
        /* DK: invalid params seems right here */
        return RS_RET_INVALID_PARAMS;
    }
    DBGPRINTF(""imzmq3: socket of type %d created successfully\n"", info->type)
    /* Set options *before* the connect/bind. */
    if (info->identity)             zsocket_set_identity(*sock, info->identity);
    if (info->sndBuf > -1)          zsocket_set_sndbuf(*sock, info->sndBuf);
    if (info->rcvBuf > -1)          zsocket_set_rcvbuf(*sock, info->rcvBuf);
    if (info->linger > -1)          zsocket_set_linger(*sock, info->linger);
    if (info->backlog > -1)         zsocket_set_backlog(*sock, info->backlog);
    if (info->sndTimeout > -1)      zsocket_set_sndtimeo(*sock, info->sndTimeout);
    if (info->rcvTimeout > -1)      zsocket_set_rcvtimeo(*sock, info->rcvTimeout);
    if (info->maxMsgSize > -1)      zsocket_set_maxmsgsize(*sock, info->maxMsgSize);
    if (info->rate > -1)            zsocket_set_rate(*sock, info->rate);
    if (info->recoveryIVL > -1)     zsocket_set_recovery_ivl(*sock, info->recoveryIVL);
    if (info->multicastHops > -1)   zsocket_set_multicast_hops(*sock, info->multicastHops);
    if (info->reconnectIVL > -1)    zsocket_set_reconnect_ivl(*sock, info->reconnectIVL);
    if (info->reconnectIVLMax > -1) zsocket_set_reconnect_ivl_max(*sock, info->reconnectIVLMax);
    if (info->ipv4Only > -1)        zsocket_set_ipv4only(*sock, info->ipv4Only);
    if (info->affinity > -1)        zsocket_set_affinity(*sock, info->affinity);
    if (info->sndHWM > -1 )         zsocket_set_sndhwm(*sock, info->sndHWM);
    if (info->rcvHWM > -1 )         zsocket_set_rcvhwm(*sock, info->rcvHWM);
    /* Set subscriptions.*/
    if (info->type == ZMQ_SUB) {
        for(sub = info->subscriptions; sub!=NULL; sub=sub->next) {
            zsocket_set_subscribe(*sock, sub->subscribe);
        }
    }
 
     /* Do the bind/connect... */
     if (info->action==ACTION_CONNECT) {
        rv = zsocket_connect(*sock, info->description);
         if (rv == -1) {
             errmsg.LogError(0,
                             RS_RET_INVALID_PARAMS,
                            ""zmq_connect using %s failed: %s"",
                            info->description, zmq_strerror(errno));
            return RS_RET_INVALID_PARAMS;
         }
         DBGPRINTF(""imzmq3: connect for %s successful\n"",info->description);
     } else {
        rv = zsocket_bind(*sock, info->description);
         if (rv == -1) {
             errmsg.LogError(0,
                             RS_RET_INVALID_PARAMS,
                            ""zmq_bind using %s failed: %s"",
                            info->description, zmq_strerror(errno));
            return RS_RET_INVALID_PARAMS;
        }
        DBGPRINTF(""imzmq3: bind for %s successful\n"",info->description);
    }
    return RS_RET_OK;
}
"
148646,CWE-134,14B,Qwen2.5-Coder-14B-Instruct,perturbed,"The vulnerability in this C code is a potential buffer overflow when setting the identity of the socket. The `zsocket_set_identity` function is called with `var_1->identity` as its argument, but there is no check to ensure that the length of `var_1->identity` does not exceed the maximum allowed size for an identity in ZeroMQ. If `var_1->identity` is too long, it could overwrite adjacent memory, leading to undefined behavior or even a security exploit. This is dangerous because it allows an attacker to potentially control the execution flow of the program by injecting a maliciously crafted identity string. To mitigate this vulnerability, the code should include a check to ensure that the length of `var_1->identity` is within the acceptable range before calling `zsocket_set_identity`.","static rsRetVal createSocket(instanceConf_t* var_1, void** var_3) {
    int var_2;
    sublist* var_4;

    *var_3 = zsocket_new(s_context, var_1->type);
    if (!var_3) {
        errmsg.LogError(0,
                        RS_RET_INVALID_PARAMS,
                        ""zsocket_new failed: %s, for type %d"",
                        zmq_strerror(errno),var_1->type);
        /* DK: invalid params seems right here */
        return RS_RET_INVALID_PARAMS;
    }
    DBGPRINTF(""imzmq3: socket of type %d created successfully\n"", var_1->type)
    /* Set options *before* the connect/bind. */
    if (var_1->identity)             zsocket_set_identity(*var_3, var_1->identity);
    if (var_1->sndBuf > -1)          zsocket_set_sndbuf(*var_3, var_1->sndBuf);
    if (var_1->rcvBuf > -1)          zsocket_set_rcvbuf(*var_3, var_1->rcvBuf);
    if (var_1->linger > -1)          zsocket_set_linger(*var_3, var_1->linger);
    if (var_1->backlog > -1)         zsocket_set_backlog(*var_3, var_1->backlog);
    if (var_1->sndTimeout > -1)      zsocket_set_sndtimeo(*var_3, var_1->sndTimeout);
    if (var_1->rcvTimeout > -1)      zsocket_set_rcvtimeo(*var_3, var_1->rcvTimeout);
    if (var_1->maxMsgSize > -1)      zsocket_set_maxmsgsize(*var_3, var_1->maxMsgSize);
    if (var_1->rate > -1)            zsocket_set_rate(*var_3, var_1->rate);
    if (var_1->recoveryIVL > -1)     zsocket_set_recovery_ivl(*var_3, var_1->recoveryIVL);
    if (var_1->multicastHops > -1)   zsocket_set_multicast_hops(*var_3, var_1->multicastHops);
    if (var_1->reconnectIVL > -1)    zsocket_set_reconnect_ivl(*var_3, var_1->reconnectIVL);
    if (var_1->reconnectIVLMax > -1) zsocket_set_reconnect_ivl_max(*var_3, var_1->reconnectIVLMax);
    if (var_1->ipv4Only > -1)        zsocket_set_ipv4only(*var_3, var_1->ipv4Only);
    if (var_1->affinity > -1)        zsocket_set_affinity(*var_3, var_1->affinity);
    if (var_1->sndHWM > -1 )         zsocket_set_sndhwm(*var_3, var_1->sndHWM);
    if (var_1->rcvHWM > -1 )         zsocket_set_rcvhwm(*var_3, var_1->rcvHWM);
    /* Set subscriptions.*/
    if (var_1->type == ZMQ_SUB) {
        var_4 = var_1->subscriptions;
while (var_4!=NULL) {
    zsocket_set_subscribe(*var_3, var_4->subscribe);
    var_4=var_4->next;
}
    }
 
     /* Do the bind/connect... */
     if (var_1->action==ACTION_CONNECT) {
        var_2 = zsocket_connect(*var_3, var_1->description);
         if (var_2 == -1) {
             errmsg.LogError(0,
                             RS_RET_INVALID_PARAMS,
                            ""zmq_connect using %s failed: %s"",
                            var_1->description, zmq_strerror(errno));
            return RS_RET_INVALID_PARAMS;
         }
         DBGPRINTF(""imzmq3: connect for %s successful\n"",var_1->description);
     } else {
        var_2 = zsocket_bind(*var_3, var_1->description);
         if (var_2 == -1) {
             errmsg.LogError(0,
                             RS_RET_INVALID_PARAMS,
                            ""zmq_bind using %s failed: %s"",
                            var_1->description, zmq_strerror(errno));
            return RS_RET_INVALID_PARAMS;
        }
        DBGPRINTF(""imzmq3: bind for %s successful\n"",var_1->description);
    }
    return RS_RET_OK;
}
"
22056,CWE-399,14B,Qwen2.5-Coder-14B-Instruct,baseline,"The vulnerability in this C code is related to the use of `V8TRYCATCH_FOR_V8STRINGRESOURCE_VOID` macro. This macro is used to handle exceptions that may occur during the conversion of JavaScript values to C++ strings. However, the macro does not check if the conversion was successful or not. If the conversion fails, the `cppValue` variable will be empty, and calling `imp->setHref(cppValue)` with an empty string can lead to unexpected behavior or security issues, such as setting a default value that could be exploited by an attacker.

The vulnerability is dangerous because it allows an attacker to potentially manipulate the behavior of the application by providing invalid input that leads to an empty string being passed to `setHref`. This could result in unintended changes to the application's state or even security vulnerabilities if the application relies on the `href` attribute for security-critical operations.

To mitigate this vulnerability, the code should include a check to ensure that the conversion to `cppValue` was successful before calling `imp->setHref(cppValue)`. If the conversion fails, the function should handle the error appropriately, such as by throwing an exception or logging an error message. Additionally, the function should validate the input to ensure that it meets the expected format and constraints before using it to set the `href` attribute."," static void locationWithPerWorldBindingsAttributeSetter(v8::Local<v8::Value> jsValue, const v8::PropertyCallbackInfo<void>& info)
 {
     TestObjectPython* proxyImp = V8TestObjectPython::toNative(info.Holder());
    TestNode* imp = WTF::getPtr(proxyImp->locationWithPerWorldBindings());
     if (!imp)
         return;
     V8TRYCATCH_FOR_V8STRINGRESOURCE_VOID(V8StringResource<>, cppValue, jsValue);
    imp->setHref(cppValue);
}
"
22056,CWE-399,14B,Qwen2.5-Coder-14B-Instruct,perturbed,"The vulnerability in this C code is a potential buffer overflow. The function `V8StringResource<>` is used to convert a JavaScript string to a C++ string, but it does not check if the input string is too long. If the input string is longer than the allocated buffer, it can overwrite adjacent memory, leading to undefined behavior or even a crash. This is dangerous because an attacker could exploit this vulnerability to execute arbitrary code or cause a denial of service.

The vulnerability in this C code is a potential buffer overflow. The function `V8StringResource<>` is used to convert a JavaScript string to a C++ string, but it does not check if the input string is too long. If the input string is longer than the allocated buffer, it can overwrite adjacent memory, leading to undefined behavior or even a crash. This is dangerous because an attacker could exploit this vulnerability to execute arbitrary code or cause a denial of service.

The vulnerability in this C code is a potential buffer overflow. The function `V8StringResource<>` is used to convert a JavaScript string to a C++ string, but it does not check if the input string is too long. If the input string is longer than the allocated buffer, it can overwrite adjacent memory, leading to undefined behavior or even a crash. This is dangerous because an attacker could exploit this vulnerability to execute arbitrary code or cause a denial of service.

The vulnerability in this C code is a potential buffer overflow. The function `V8StringResource<>` is used to convert a JavaScript string to a C++ string, but it does not check if the input string is too long. If the input string is longer than the allocated buffer, it can overwrite adjacent memory, leading to undefined behavior or even a crash. This is dangerous because an attacker could exploit this vulnerability to execute arbitrary code or cause a denial of service.

The vulnerability in this C code is a potential buffer overflow. The function `V8StringResource<>` is used to convert a JavaScript string to a C++ string, but it does not check if the input string is too long. If the input string is longer than the allocated buffer, it can overwrite adjacent memory, leading to undefined behavior or even a crash. This is dangerous because an attacker could exploit this vulnerability to execute arbitrary code or cause a denial of service.

The vulnerability in this C code is a potential buffer overflow. The function `V8StringResource<>` is used to convert a JavaScript string to a C++ string, but it does not check if the input"," static void locationWithPerWorldBindingsAttributeSetter(v8::Local<v8::Value> var_3, const v8::PropertyCallbackInfo<void>& var_2)
 {
     TestObjectPython* var_4 = V8TestObjectPython::toNative(var_2.Holder());
    TestNode* var_1 = WTF::getPtr(var_4->locationWithPerWorldBindings());
     if (!var_1)
         return;
     V8TRYCATCH_FOR_V8STRINGRESOURCE_VOID(V8StringResource<>, cppValue, var_3);
    var_1->setHref(cppValue);
}
"
115996,CWE-125,14B,Qwen2.5-Coder-14B-Instruct,baseline,"The vulnerability in this C code is a buffer overflow. The code does not check if the value of `point` is within the bounds of the array `CUR.zp1.org_x` and `CUR.zp1.org_y`. If an attacker can control the value of `args[0]`, they can pass a value that is larger than the size of the array, causing a buffer overflow. This can lead to arbitrary memory access and potentially allow an attacker to execute arbitrary code on the system. The comment in the code also mentions that the current version of FreeType silently ignores this out of bounds error and drops the instruction, which is a potential security risk as it may allow an attacker to bypass certain security checks. To fix this vulnerability, the code should add a check to ensure that `point` is within the bounds of the array before accessing it.","  static void  Ins_MDRP( INS_ARG )
  {
    Int         point;
    TT_F26Dot6  distance,
                org_dist;
 
     point = (Int)args[0];
 
    if ( BOUNDS( args[0], CUR.zp1.n_points ) )
     {
         /* Current version of FreeType silently ignores this out of bounds error
          * and drops the instruction, see bug #691121
      return;
    }

    /* XXX: Is there some undocumented feature while in the */
    /*      twilight zone?                                  */

    org_dist = CUR_Func_dualproj( CUR.zp1.org_x[point] -
                                    CUR.zp0.org_x[CUR.GS.rp0],
                                  CUR.zp1.org_y[point] -
                                    CUR.zp0.org_y[CUR.GS.rp0] );

    /* single width cutin test */

    if ( ABS(org_dist) < CUR.GS.single_width_cutin )
    {
      if ( org_dist >= 0 )
        org_dist = CUR.GS.single_width_value;
      else
        org_dist = -CUR.GS.single_width_value;
    }

    /* round flag */

    if ( (CUR.opcode & 4) != 0 )
      distance = CUR_Func_round( org_dist,
                                 CUR.metrics.compensations[CUR.opcode & 3] );
    else
      distance = Round_None( EXEC_ARGS
                             org_dist,
                             CUR.metrics.compensations[CUR.opcode & 3]  );

    /* minimum distance flag */

    if ( (CUR.opcode & 8) != 0 )
    {
      if ( org_dist >= 0 )
      {
        if ( distance < CUR.GS.minimum_distance )
          distance = CUR.GS.minimum_distance;
      }
      else
      {
        if ( distance > -CUR.GS.minimum_distance )
          distance = -CUR.GS.minimum_distance;
      }
    }

    /* now move the point */

    org_dist = CUR_Func_project( CUR.zp1.cur_x[point] -
                                   CUR.zp0.cur_x[CUR.GS.rp0],
                                 CUR.zp1.cur_y[point] -
                                   CUR.zp0.cur_y[CUR.GS.rp0] );

    CUR_Func_move( &CUR.zp1, point, distance - org_dist );

    CUR.GS.rp1 = CUR.GS.rp0;
    CUR.GS.rp2 = point;

    if ( (CUR.opcode & 16) != 0 )
      CUR.GS.rp0 = point;
  }
"
115996,CWE-125,14B,Qwen2.5-Coder-14B-Instruct,perturbed,"The vulnerability in this C code is a buffer overflow. The function `Ins_MDRP` takes an array `args` as input and uses its first element to index into arrays like `CUR.zp1.org_x`, `CUR.zp0.org_x`, etc. However, before accessing these arrays, the code checks if the index is within bounds using the `BOUNDS` macro. If the index is out of bounds, the function returns without doing anything. This check is intended to prevent buffer overflows, but it is not sufficient because the `BOUNDS` macro only checks if the index is less than the number of points in `CUR.zp1`. It does not check if the index is negative, which would also lead to a buffer overflow. Therefore, an attacker could exploit this vulnerability by providing a negative index as input, causing the function to access memory outside the bounds of the arrays and potentially leading to arbitrary code execution or other malicious behavior. To fix this vulnerability, the code should add an additional check to ensure that the index is non-negative before accessing the arrays.","  static void  Ins_MDRP( INS_ARG )
  {
    Int         var_2;
    TT_F26Dot6  var_1,
                org_dist;
 
     var_2 = (Int)args[0];
 
    if ( BOUNDS( args[0], CUR.zp1.n_points ) )
     {
         /* Current version of FreeType silently ignores this out of bounds error
          * and drops the instruction, see bug #691121
      return;
    }

    /* XXX: Is there some undocumented feature while in the */
    /*      twilight zone?                                  */

    org_dist = CUR_Func_dualproj( CUR.zp1.org_x[var_2] -
                                    CUR.zp0.org_x[CUR.GS.rp0],
                                  CUR.zp1.org_y[var_2] -
                                    CUR.zp0.org_y[CUR.GS.rp0] );

    /* single width cutin test */

    if ( ABS(org_dist) < CUR.GS.single_width_cutin )
    {
      if ( org_dist >= 0 )
        org_dist = CUR.GS.single_width_value;
      else
        org_dist = -CUR.GS.single_width_value;
    }

    /* round flag */

    if ( (CUR.opcode & 4) != 0 )
      var_1 = CUR_Func_round( org_dist,
                                 CUR.metrics.compensations[CUR.opcode & 3] );
    else
      var_1 = Round_None( EXEC_ARGS
                             org_dist,
                             CUR.metrics.compensations[CUR.opcode & 3]  );

    /* minimum distance flag */

    if ( (CUR.opcode & 8) != 0 )
    {
      if ( org_dist >= 0 )
      {
        if ( var_1 < CUR.GS.minimum_distance )
          var_1 = CUR.GS.minimum_distance;
      }
      else
      {
        if ( var_1 > -CUR.GS.minimum_distance )
          var_1 = -CUR.GS.minimum_distance;
      }
    }

    /* now move the point */

    org_dist = CUR_Func_project( CUR.zp1.cur_x[var_2] -
                                   CUR.zp0.cur_x[CUR.GS.rp0],
                                 CUR.zp1.cur_y[var_2] -
                                   CUR.zp0.cur_y[CUR.GS.rp0] );

    CUR_Func_move( &CUR.zp1, var_2, var_1 - org_dist );

    CUR.GS.rp1 = CUR.GS.rp0;
    CUR.GS.rp2 = var_2;

    if ( (CUR.opcode & 16) != 0 )
      CUR.GS.rp0 = var_2;
  }
"
33821,CWE-20,14B,Qwen2.5-Coder-14B-Instruct,baseline,"The vulnerability in this C code is related to the handling of the `mailbox` variable. Specifically, the code does not properly validate or sanitize the input for the `mailbox` variable before using it. This can lead to several security issues:

1. **Buffer Overflow**: If the `mailbox` variable contains a very long string, it could overflow the buffer allocated for it, leading to undefined behavior or even remote code execution.

2. **Null Pointer Dereference**: If the `mailbox` variable is not properly initialized or is set to `NULL`, dereferencing it could lead to a segmentation fault.

3. **Directory Traversal**: If the `mailbox` variable contains path traversal sequences (e.g., `../`), it could allow an attacker to access files outside the intended directory, potentially leading to sensitive data exposure or other malicious activities.

4. **Command Injection**: If the `mailbox` variable is used in a system call or command execution, it could be manipulated to inject arbitrary commands, leading to unauthorized access or other malicious actions.

To mitigate these vulnerabilities, the code should include proper input validation and sanitization for the `mailbox` variable. This could involve checking the length of the string, ensuring it does not contain invalid characters or sequences, and properly escaping any special characters before using it in system calls or file operations. Additionally, using safer functions that limit the amount of data copied or processed can help prevent buffer overflows.","static void cmd_parse_status(struct ImapData *idata, char *s)
{
  char *value = NULL;
  struct Buffy *inc = NULL;
  struct ImapMbox mx;
  struct ImapStatus *status = NULL;
  unsigned int olduv, oldun;
  unsigned int litlen;
  short new = 0;
  short new_msg_count = 0;

  char *mailbox = imap_next_word(s);

  /* We need a real tokenizer. */
  if (imap_get_literal_count(mailbox, &litlen) == 0)
  {
    if (imap_cmd_step(idata) != IMAP_CMD_CONTINUE)
    {
       idata->status = IMAP_FATAL;
       return;
     }
     mailbox = idata->buf;
     s = mailbox + litlen;
     *s = '\0';
    s++;
    SKIPWS(s);
  }
  else
  {
    s = imap_next_word(mailbox);
    *(s - 1) = '\0';
    imap_unmunge_mbox_name(idata, mailbox);
  }

  status = imap_mboxcache_get(idata, mailbox, 1);
  olduv = status->uidvalidity;
  oldun = status->uidnext;

  if (*s++ != '(')
  {
    mutt_debug(1, ""Error parsing STATUS\n"");
    return;
  }
  while (*s && *s != ')')
  {
    value = imap_next_word(s);

    errno = 0;
    const unsigned long ulcount = strtoul(value, &value, 10);
    if (((errno == ERANGE) && (ulcount == ULONG_MAX)) || ((unsigned int) ulcount != ulcount))
    {
      mutt_debug(1, ""Error parsing STATUS number\n"");
      return;
    }
    const unsigned int count = (unsigned int) ulcount;

    if (mutt_str_strncmp(""MESSAGES"", s, 8) == 0)
    {
      status->messages = count;
      new_msg_count = 1;
    }
    else if (mutt_str_strncmp(""RECENT"", s, 6) == 0)
      status->recent = count;
    else if (mutt_str_strncmp(""UIDNEXT"", s, 7) == 0)
      status->uidnext = count;
    else if (mutt_str_strncmp(""UIDVALIDITY"", s, 11) == 0)
      status->uidvalidity = count;
    else if (mutt_str_strncmp(""UNSEEN"", s, 6) == 0)
      status->unseen = count;

    s = value;
    if (*s && *s != ')')
      s = imap_next_word(s);
  }
  mutt_debug(3, ""%s (UIDVALIDITY: %u, UIDNEXT: %u) %d messages, %d recent, %d unseen\n"",
             status->name, status->uidvalidity, status->uidnext,
             status->messages, status->recent, status->unseen);

  /* caller is prepared to handle the result herself */
  if (idata->cmddata && idata->cmdtype == IMAP_CT_STATUS)
  {
    memcpy(idata->cmddata, status, sizeof(struct ImapStatus));
    return;
  }

  mutt_debug(3, ""Running default STATUS handler\n"");

  /* should perhaps move this code back to imap_buffy_check */
  for (inc = Incoming; inc; inc = inc->next)
  {
    if (inc->magic != MUTT_IMAP)
      continue;

    if (imap_parse_path(inc->path, &mx) < 0)
    {
      mutt_debug(1, ""Error parsing mailbox %s, skipping\n"", inc->path);
      continue;
    }

    if (imap_account_match(&idata->conn->account, &mx.account))
    {
      if (mx.mbox)
      {
        value = mutt_str_strdup(mx.mbox);
        imap_fix_path(idata, mx.mbox, value, mutt_str_strlen(value) + 1);
        FREE(&mx.mbox);
      }
      else
        value = mutt_str_strdup(""INBOX"");

      if (value && (imap_mxcmp(mailbox, value) == 0))
      {
        mutt_debug(3, ""Found %s in buffy list (OV: %u ON: %u U: %d)\n"", mailbox,
                   olduv, oldun, status->unseen);

        if (MailCheckRecent)
        {
          if (olduv && olduv == status->uidvalidity)
          {
            if (oldun < status->uidnext)
              new = (status->unseen > 0);
          }
          else if (!olduv && !oldun)
          {
            /* first check per session, use recent. might need a flag for this. */
            new = (status->recent > 0);
          }
          else
            new = (status->unseen > 0);
        }
        else
          new = (status->unseen > 0);

#ifdef USE_SIDEBAR
        if ((inc->new != new) || (inc->msg_count != status->messages) ||
            (inc->msg_unread != status->unseen))
        {
          mutt_menu_set_current_redraw(REDRAW_SIDEBAR);
        }
#endif
        inc->new = new;
        if (new_msg_count)
          inc->msg_count = status->messages;
        inc->msg_unread = status->unseen;

        if (inc->new)
        {
          /* force back to keep detecting new mail until the mailbox is
             opened */
          status->uidnext = oldun;
        }

        FREE(&value);
        return;
      }

      FREE(&value);
    }

    FREE(&mx.mbox);
  }
}
"
33821,CWE-20,14B,Qwen2.5-Coder-14B-Instruct,perturbed,"The vulnerability in this C code is a buffer overflow. The function `imap_next_word` is used to parse the input string `var_10`, but it does not check if the returned pointer points to a valid memory location within the bounds of the input string. This can lead to accessing memory outside the allocated buffer, which can be exploited by an attacker to execute arbitrary code or cause a crash. The lack of proper bounds checking on the input data makes this function susceptible to buffer overflow attacks. To mitigate this vulnerability, the code should include checks to ensure that the pointers returned by `imap_next_word` do not exceed the boundaries of the input string. Additionally, using safer string handling functions that automatically handle buffer sizes, such as `strncpy` instead of `strcpy`, can help prevent buffer overflow vulnerabilities.","static void cmd_parse_status(struct ImapData *var_2, char *var_10)
{
  char *var_13 = NULL;
  struct Buffy *var_3 = NULL;
  struct ImapMbox var_6;
  struct ImapStatus *var_11 = NULL;
  unsigned int var_9, oldun;
  unsigned int var_4;
  short var_7 = 0;
  short var_8 = 0;

  char *var_5 = imap_next_word(var_10);

  /* We need a real tokenizer. */
  if (imap_get_literal_count(var_5, &var_4) == 0)
  {
    if (imap_cmd_step(var_2) != IMAP_CMD_CONTINUE)
    {
       var_2->status = IMAP_FATAL;
       return;
     }
     var_5 = var_2->buf;
     var_10 = var_5 + var_4;
     *var_10 = '\0';
    var_10++;
    SKIPWS(var_10);
  }
  else
  {
    var_10 = imap_next_word(var_5);
    *(var_10 - 1) = '\0';
    imap_unmunge_mbox_name(var_2, var_5);
  }

  var_11 = imap_mboxcache_get(var_2, var_5, 1);
  var_9 = var_11->uidvalidity;
  oldun = var_11->uidnext;

  if (*var_10++ != '(')
  {
    mutt_debug(1, ""Error parsing STATUS\n"");
    return;
  }
  while (*var_10 && *var_10 != ')')
  {
    var_13 = imap_next_word(var_10);

    errno = 0;
    const unsigned long var_12 = strtoul(var_13, &var_13, 10);
    if (((errno == ERANGE) && (var_12 == ULONG_MAX)) || ((unsigned int) var_12 != var_12))
    {
      mutt_debug(1, ""Error parsing STATUS number\n"");
      return;
    }
    const unsigned int var_1 = (unsigned int) var_12;

    if (mutt_str_strncmp(""MESSAGES"", var_10, 8) == 0)
    {
      var_11->messages = var_1;
      var_8 = 1;
    }
    else if (mutt_str_strncmp(""RECENT"", var_10, 6) == 0)
      var_11->recent = var_1;
    else if (mutt_str_strncmp(""UIDNEXT"", var_10, 7) == 0)
      var_11->uidnext = var_1;
    else if (mutt_str_strncmp(""UIDVALIDITY"", var_10, 11) == 0)
      var_11->uidvalidity = var_1;
    else if (mutt_str_strncmp(""UNSEEN"", var_10, 6) == 0)
      var_11->unseen = var_1;

    var_10 = var_13;
    if (*var_10 && *var_10 != ')')
      var_10 = imap_next_word(var_10);
  }
  mutt_debug(3, ""%s (UIDVALIDITY: %u, UIDNEXT: %u) %d messages, %d recent, %d unseen\n"",
             var_11->name, var_11->uidvalidity, var_11->uidnext,
             var_11->messages, var_11->recent, var_11->unseen);

  /* caller is prepared to handle the result herself */
  if (var_2->cmddata && var_2->cmdtype == IMAP_CT_STATUS)
  {
    memcpy(var_2->cmddata, var_11, sizeof(struct ImapStatus));
    return;
  }

  mutt_debug(3, ""Running default STATUS handler\n"");

  /* should perhaps move this code back to imap_buffy_check */
  for (var_3 = Incoming; var_3; var_3 = var_3->next)
  {
    if (var_3->magic != MUTT_IMAP)
      continue;

    if (imap_parse_path(var_3->path, &var_6) < 0)
    {
      mutt_debug(1, ""Error parsing mailbox %s, skipping\n"", var_3->path);
      continue;
    }

    if (imap_account_match(&var_2->conn->account, &var_6.account))
    {
      if (var_6.mbox)
      {
        var_13 = mutt_str_strdup(var_6.mbox);
        imap_fix_path(var_2, var_6.mbox, var_13, mutt_str_strlen(var_13) + 1);
        FREE(&var_6.mbox);
      }
      else
        var_13 = mutt_str_strdup(""INBOX"");

      if (var_13 && (imap_mxcmp(var_5, var_13) == 0))
      {
        mutt_debug(3, ""Found %s in buffy list (OV: %u ON: %u U: %d)\n"", var_5,
                   var_9, oldun, var_11->unseen);

        if (MailCheckRecent)
        {
          if (var_9 && var_9 == var_11->uidvalidity)
          {
            if (oldun < var_11->uidnext)
              var_7 = (var_11->unseen > 0);
          }
          else if (!var_9 && !oldun)
          {
            /* first check per session, use recent. might need a flag for this. */
            var_7 = (var_11->recent > 0);
          }
          else
            var_7 = (var_11->unseen > 0);
        }
        else
          var_7 = (var_11->unseen > 0);

#ifdef USE_SIDEBAR
        if ((var_3->new != var_7) || (var_3->msg_count != var_11->messages) ||
            (var_3->msg_unread != var_11->unseen))
        {
          mutt_menu_set_current_redraw(REDRAW_SIDEBAR);
        }
#endif
        var_3->new = var_7;
        if (var_8)
          var_3->msg_count = var_11->messages;
        var_3->msg_unread = var_11->unseen;

        if (var_3->new)
        {
          /* force back to keep detecting new mail until the mailbox is
             opened */
          var_11->uidnext = oldun;
        }

        FREE(&var_13);
        return;
      }

      FREE(&var_13);
    }

    FREE(&var_6.mbox);
  }
}
"
69976,Unknown,14B,Qwen2.5-Coder-14B-Instruct,baseline,"The vulnerability in the provided C++ code is related to the use of `base::Unretained(this)` in the `base::Bind` function. This can lead to a use-after-free error if the object (`this`) is deleted before the bound callback is executed.

Here's a detailed explanation:

1. **Callback Binding**: The `base::Bind` function is used to bind the `DidGetUsageAndQuotaAndRunTask` method to the current object (`this`). The `base::Unretained(this)` is used to pass `this` without increasing its reference count.

2. **Potential Deletion**: If the `FileSystemOperation` object is deleted before the `DidGetUsageAndQuotaAndRunTask` callback is executed, accessing `this` within the callback will result in undefined behavior, typically leading to a crash or other unpredictable behavior.

3. **Use-After-Free**: This scenario is a classic example of a use-after-free vulnerability, where an object is accessed after it has been deallocated. This can be exploited by an attacker to execute arbitrary code or cause a denial of service.

To mitigate this vulnerability, you should ensure that the `FileSystemOperation` object remains valid until the callback is executed. This can be done by using `base::RetainedRef(this)` instead of `base::Unretained(this)`, which increases the reference count of the object, ensuring it stays alive until the callback is called.

Here's the corrected code snippet:

```cpp
quota_manager_proxy->quota_manager()->GetUsageAndQuota(
    origin,
    FileSystemTypeToQuotaStorageType(type),
    base::Bind(&FileSystemOperation::DidGetUsageAndQuotaAndRunTask,
              base::RetainedRef(this), params));
```

By using `base::RetainedRef(this)`, the reference count of the `FileSystemOperation` object is increased, preventing it from being deleted prematurely. This ensures that the object remains valid when the callback is executed, thus avoiding the use-after-free vulnerability.","void FileSystemOperation::GetUsageAndQuotaThenRunTask(
    const GURL& origin, FileSystemType type,
    const base::Closure& task,
    const base::Closure& error_callback) {
  quota::QuotaManagerProxy* quota_manager_proxy =
      file_system_context()->quota_manager_proxy();
  if (!quota_manager_proxy ||
      !file_system_context()->GetQuotaUtil(type)) {
    operation_context_.set_allowed_bytes_growth(kint64max);
    task.Run();
    return;
  }

  TaskParamsForDidGetQuota params;
  params.origin = origin;
  params.type = type;
  params.task = task;
  params.error_callback = error_callback;

  DCHECK(quota_manager_proxy);
  DCHECK(quota_manager_proxy->quota_manager());
  quota_manager_proxy->quota_manager()->GetUsageAndQuota(
       origin,
       FileSystemTypeToQuotaStorageType(type),
       base::Bind(&FileSystemOperation::DidGetUsageAndQuotaAndRunTask,
                 base::Unretained(this), params));
 }
"
69976,Unknown,14B,Qwen2.5-Coder-14B-Instruct,perturbed,"The vulnerability in the provided C++ code is related to the use of `base::Unretained(this)` in the `base::Bind` function. This can lead to a use-after-free error if the object (`this`) is deleted before the bound callback is executed.

The `base::Unretained` function is used to pass a raw pointer to a callback without increasing its reference count. This is useful for performance reasons but can be dangerous if the object is destroyed before the callback is invoked. In the given code, if the `FileSystemOperation` object is deleted while the callback is still pending, the callback will attempt to access a deleted object, leading to undefined behavior, crashes, or security vulnerabilities.

To mitigate this risk, one should ensure that the object remains alive until all callbacks bound with `base::Unretained` have been executed. Alternatively, using `base::RetainedRef` or other safe mechanisms to manage the lifetime of the object can help prevent such issues.","void FileSystemOperation::GetUsageAndQuotaThenRunTask(
    const GURL& var_2, FileSystemType var_6,
    const base::Closure& var_5,
    const base::Closure& var_1) {
  quota::QuotaManagerProxy* var_4 =
      file_system_context()->quota_manager_proxy();
  if (!var_4 ||
      !file_system_context()->GetQuotaUtil(var_6)) {
    operation_context_.set_allowed_bytes_growth(kint64max);
    var_5.Run();
    return;
  }

  TaskParamsForDidGetQuota var_3;
  var_3.origin = var_2;
  var_3.type = var_6;
  var_3.task = var_5;
  var_3.error_callback = var_1;

  DCHECK(var_4);
  DCHECK(var_4->quota_manager());
  var_4->quota_manager()->GetUsageAndQuota(
       var_2,
       FileSystemTypeToQuotaStorageType(var_6),
       base::Bind(&FileSystemOperation::DidGetUsageAndQuotaAndRunTask,
                 base::Unretained(this), var_3));
 }
"
113201,CWE-119,14B,Qwen2.5-Coder-14B-Instruct,baseline,"The vulnerability in this C code is that it does not properly handle the case where `prop` is `NULL` after calling `xsltGetQNameURI2`. This can lead to dereferencing a null pointer, which is undefined behavior and can cause the program to crash or execute arbitrary code. The code should check if `prop` is `NULL` before using it.

The vulnerability is dangerous because it can lead to a crash or arbitrary code execution, which can be exploited by an attacker to gain unauthorized access to the system or cause other damage. To fix this vulnerability, the code should add a check for `prop` being `NULL` after the call to `xsltGetQNameURI2` and handle the case appropriately, such as by returning an error or setting a default value.","xsltGetQNameProperty(xsltStylesheetPtr style, xmlNodePtr inst,
		     const xmlChar *propName,
		     int mandatory,
		     int *hasProp, const xmlChar **nsName,
		     const xmlChar** localName)
{
    const xmlChar *prop;

    if (nsName)
	*nsName = NULL;
    if (localName)
	*localName = NULL;
    if (hasProp)
	*hasProp = 0;

    prop = xsltGetCNsProp(style, inst, propName, XSLT_NAMESPACE);
    if (prop == NULL) {
	if (mandatory) {
	    xsltTransformError(NULL, style, inst,
		""The attribute '%s' is missing.\n"", propName);
	    style->errors++;
	    return;
	}
    } else {
        const xmlChar *URI;

	if (xmlValidateQName(prop, 0)) {
	    xsltTransformError(NULL, style, inst,
		""The value '%s' of the attribute ""
		""'%s' is not a valid QName.\n"", prop, propName);
	    style->errors++;
	    return;
	} else {
	    /*
	    * @prop will be in the string dict afterwards, @URI not.
	    */
	    URI = xsltGetQNameURI2(style, inst, &prop);
 	    if (prop == NULL) {
 		style->errors++;
 	    } else {
		*localName = prop;
 		if (hasProp)
 		    *hasProp = 1;
 		if (URI != NULL) {
		    /*
		    * Fixes bug #308441: Put the ns-name in the dict
		    * in order to pointer compare names during XPath's
		    * variable lookup.
		    */
		    if (nsName)
			*nsName = xmlDictLookup(style->dict, URI, -1);
		    /* comp->has_ns = 1; */
		}
	    }
	}
    }
    return;
}
"
113201,CWE-119,14B,Qwen2.5-Coder-14B-Instruct,perturbed,"The vulnerability in this C code is a potential buffer overflow. The function `xsltGetQNameProperty` takes several parameters, including `propName`, which is a pointer to an XML character array. The function then uses this pointer to format a string in the error message using `xsltTransformError`. However, there is no check to ensure that the length of `propName` does not exceed the buffer size allocated for the error message. This can lead to a buffer overflow if `propName` is too long, potentially allowing an attacker to overwrite adjacent memory locations and execute arbitrary code. To mitigate this vulnerability, the code should include a length check for `propName` before formatting the error message.","xsltGetQNameProperty(xsltStylesheetPtr var_2, xmlNodePtr inst,
		     const xmlChar *propName,
		     int mandatory,
		     int *hasProp, const xmlChar **nsName,
		     const xmlChar** localName)
{
    const xmlChar *prop;

    if (nsName)
	*nsName = NULL;
    if (localName)
	*localName = NULL;
    if (hasProp)
	*hasProp = 0;

    prop = xsltGetCNsProp(var_2, inst, propName, XSLT_NAMESPACE);
    if (prop == NULL) {
	if (mandatory) {
	    xsltTransformError(NULL, var_2, inst,
		""The attribute '%s' is missing.\n"", propName);
	    var_2->errors++;
	    return;
	}
    } else {
        const xmlChar *var_1;

	if (xmlValidateQName(prop, 0)) {
	    xsltTransformError(NULL, var_2, inst,
		""The value '%s' of the attribute ""
		""'%s' is not a valid QName.\n"", prop, propName);
	    var_2->errors++;
	    return;
	} else {
	    /*
	    * @prop will be in the string dict afterwards, @URI not.
	    */
	    var_1 = xsltGetQNameURI2(var_2, inst, &prop);
 	    if (prop == NULL) {
 		var_2->errors++;
 	    } else {
		*localName = prop;
 		if (hasProp)
 		    *hasProp = 1;
 		if (var_1 != NULL) {
		    /*
		    * Fixes bug #308441: Put the ns-name in the dict
		    * in order to pointer compare names during XPath's
		    * variable lookup.
		    */
		    if (nsName)
			*nsName = xmlDictLookup(var_2->dict, var_1, -1);
		    /* comp->has_ns = 1; */
		}
	    }
	}
    }
    return;
}
"
101801,CWE-125,14B,Qwen2.5-Coder-14B-Instruct,baseline,"The vulnerability in the provided C code is a buffer overflow. The code does not properly check the length of the input data before accessing it, which can lead to reading beyond the bounds of the allocated memory. This can result in undefined behavior, including crashes or execution of arbitrary code. The vulnerability is particularly dangerous because it can be exploited by an attacker to execute malicious code on the system running the program. To fix this vulnerability, the code should include additional checks to ensure that the length of the input data is sufficient before accessing it. For example, the code could check that the length of the input data is at least as large as the size of the structure being accessed, and that any additional data being accessed is within the bounds of the input data. Additionally, the code should handle any errors that occur during these checks appropriately, such as by returning an error message or terminating the program.","rpl_dao_print(netdissect_options *ndo,
              const u_char *bp, u_int length)
{
        const struct nd_rpl_dao *dao = (const struct nd_rpl_dao *)bp;
        const char *dagid_str = ""<elided>"";

        ND_TCHECK(*dao);
        if (length < ND_RPL_DAO_MIN_LEN)
        	goto tooshort;

        bp += ND_RPL_DAO_MIN_LEN;
        length -= ND_RPL_DAO_MIN_LEN;
        if(RPL_DAO_D(dao->rpl_flags)) {
                ND_TCHECK2(dao->rpl_dagid, DAGID_LEN);
                if (length < DAGID_LEN)
                	goto tooshort;
                dagid_str = ip6addr_string (ndo, dao->rpl_dagid);
                bp += DAGID_LEN;
                length -= DAGID_LEN;
        }

        ND_PRINT((ndo, "" [dagid:%s,seq:%u,instance:%u%s%s,%02x]"",
                  dagid_str,
                  dao->rpl_daoseq,
                  dao->rpl_instanceid,
                  RPL_DAO_K(dao->rpl_flags) ? "",acK"":"""",
                  RPL_DAO_D(dao->rpl_flags) ? "",Dagid"":"""",
                  dao->rpl_flags));

        if(ndo->ndo_vflag > 1) {
                const struct rpl_dio_genoption *opt = (const struct rpl_dio_genoption *)bp;
                rpl_dio_printopt(ndo, opt, length);
        }
 	return;
 
 trunc:
	ND_PRINT((ndo,"" [|truncated]""));
 	return;
 
 tooshort:
	ND_PRINT((ndo,"" [|length too short]""));
	return;
}
"
101801,CWE-125,14B,Qwen2.5-Coder-14B-Instruct,perturbed,"The vulnerability in the provided C code is a buffer overflow. The code does not properly check the length of the input data before accessing it, which can lead to reading beyond the bounds of the allocated memory. This can result in undefined behavior, including crashes or security vulnerabilities such as code execution. The specific issue occurs when the code attempts to access `var_2->rpl_dagid` without ensuring that there is enough data left in the buffer to cover the `DAGID_LEN` bytes required for this field. If the input data is shorter than expected, this can cause a buffer overflow, potentially leading to arbitrary code execution or other severe security issues. To fix this vulnerability, the code should include additional checks to ensure that the remaining length of the buffer is sufficient before accessing any fields that require a specific number of bytes.","rpl_dao_print(netdissect_options *ndo,
              const u_char *bp, u_int length)
{
        const struct nd_rpl_dao *var_2 = (const struct nd_rpl_dao *)bp;
        const char *var_1 = ""<elided>"";

        ND_TCHECK(*var_2);
        if (length < ND_RPL_DAO_MIN_LEN)
        	goto tooshort;

        bp += ND_RPL_DAO_MIN_LEN;
        length -= ND_RPL_DAO_MIN_LEN;
        if(RPL_DAO_D(var_2->rpl_flags)) {
                ND_TCHECK2(var_2->rpl_dagid, DAGID_LEN);
                if (length < DAGID_LEN)
                	goto tooshort;
                var_1 = ip6addr_string (ndo, var_2->rpl_dagid);
                bp += DAGID_LEN;
                length -= DAGID_LEN;
        }

        ND_PRINT((ndo, "" [dagid:%s,seq:%u,instance:%u%s%s,%02x]"",
                  var_1,
                  var_2->rpl_daoseq,
                  var_2->rpl_instanceid,
                  RPL_DAO_K(var_2->rpl_flags) ? "",acK"":"""",
                  RPL_DAO_D(var_2->rpl_flags) ? "",Dagid"":"""",
                  var_2->rpl_flags));

        if(ndo->ndo_vflag > 1) {
                const struct rpl_dio_genoption *var_3 = (const struct rpl_dio_genoption *)bp;
                rpl_dio_printopt(ndo, var_3, length);
        }
 	return;
 
 trunc:
	ND_PRINT((ndo,"" [|truncated]""));
 	return;
 
 tooshort:
	ND_PRINT((ndo,"" [|length too short]""));
	return;
}
"
21191,CWE-264,14B,Qwen2.5-Coder-14B-Instruct,baseline,"The vulnerability in this C code is a potential buffer overflow. The code does not check if the length of the buffer (`len`) exceeds the size of the `address` structure when copying data from user space to kernel space using the `move_addr_to_kernel` function. This can lead to writing beyond the bounds of the `address` structure, potentially overwriting adjacent memory or causing a crash. This is dangerous because it can be exploited by an attacker to execute arbitrary code with kernel privileges, leading to a complete system compromise. To fix this vulnerability, the code should ensure that `addr_len` does not exceed the size of the `address` structure before calling `move_addr_to_kernel`. ``` ``` ``` ``` ``` ``` ``` ``` ``` ``` ``` ``` ``` ``` ``` ``` ``` ``` ``` ``` ``` ``` ``` ``` ``` ``` ``` ``` ``` ``` ``` ``` ``` ``` ``` ``` ``` ``` ``` ``` ``` ``` ``` ``` ``` ``` ``` ``` ``` ``` ``` ``` ``` ``` ``` ``` ``` ``` ``` ``` ``` ``` ``` ``` ``` ``` ``` ``` ``` ``` ``` ``` ``` ``` ``` ``` ``` ``` ``` ``` ``` ``` ``` ``` ``` ``` ``` ``` ``` ``` ``` ``` ``` ``` ``` ``` ``` ``` ``` ``` ``` ``` ``` ``` ``` ``` ``` ``` ``` ``` ``` ``` ``` ``` ``` ``` ``` ``` ``` ``` ``` ``` ``` ``` ``` ``` ``` ``` ``` ``` ``` ``` ``` ``` ``` ``` ``` ``` ``` ``` ``` ``` ``` ``` ``` ``` ``` ``` ``` ``` ``` ``` ``` ``` ``` ``` ``` ``` ``` ``` ``` ``` ``` ``` ``` ``` ``` ``` ``` ``` ``` ``` ``` ``` ``` ``` ``` ``` ``` ``` ``` ``` ``` ``` ``` ``` ``` ``` ``` ``` ``` ``` ``` ``` ``` ``` ``` ``` ``` ``` ``` ``` ``` ``` ``` ``` ``` ``` ``` ``` ``` ``` ``` ``` ``` ``` ``` ``` ``` ``` ``` ``` ``` ``` ``` ``` ``` ``` ``` ``` ``` ``` ``` ``` ``` ``` ``` ``` ``` ``` ``` ``` ``` ``` ``` ``` ``` ``` ``` ``` ``` ``` ``` ``` ``` ``` ``` ``` ``` ``` ``` ``` ``` ``` ``` ``` ``` ``` ``` ``` ``` ``` ``` ``` ``` ``` ``` ``` ``` ``` ``` ``` ``` ``` ``` ``` ``` ``` ``` ``` ``` ``` ``` ``` ``` ``` ``` ``` ``` ``` ``` ``` ``` ``` ``` ``` ``` ``` ``` ``` ``` ``` ``` ``` ``` ``` ``` ``` ``` ``` ``` ``` ``` ``` ``` ``` ``` ``` ``` ``` ``` ``` ``` ``` ``` ``` ``` ``` ``` ``` ``` ``` ``` ``` ``` ``` ``` ``` ``` ``` ``` ``` ``` ``` ``` ``` ``` ``` ``` ``` ``` ``` ``` ``` ``` ``` ``` ``` ``` ``` ``` ``` ``` ```","SYSCALL_DEFINE6(sendto, int, fd, void __user *, buff, size_t, len,
		unsigned int, flags, struct sockaddr __user *, addr,
		int, addr_len)
{
	struct socket *sock;
	struct sockaddr_storage address;
	int err;
	struct msghdr msg;
	struct iovec iov;
	int fput_needed;
 
 	if (len > INT_MAX)
 		len = INT_MAX;
 	sock = sockfd_lookup_light(fd, &err, &fput_needed);
 	if (!sock)
 		goto out;

	iov.iov_base = buff;
	iov.iov_len = len;
	msg.msg_name = NULL;
	iov_iter_init(&msg.msg_iter, WRITE, &iov, 1, len);
	msg.msg_control = NULL;
	msg.msg_controllen = 0;
	msg.msg_namelen = 0;
	if (addr) {
		err = move_addr_to_kernel(addr, addr_len, &address);
		if (err < 0)
			goto out_put;
		msg.msg_name = (struct sockaddr *)&address;
		msg.msg_namelen = addr_len;
	}
	if (sock->file->f_flags & O_NONBLOCK)
		flags |= MSG_DONTWAIT;
	msg.msg_flags = flags;
	err = sock_sendmsg(sock, &msg, len);

out_put:
	fput_light(sock->file, fput_needed);
out:
	return err;
}
"
21191,CWE-264,14B,Qwen2.5-Coder-14B-Instruct,perturbed,"The vulnerability in this C code is a potential buffer overflow. The code does not check if the length of the buffer (`len`) exceeds the size of the `sockaddr_storage` structure when copying the address from user space to kernel space. This can lead to writing beyond the bounds of the `var_1` buffer, potentially overwriting adjacent memory or causing a crash. The danger lies in the fact that an attacker could exploit this vulnerability to execute arbitrary code with kernel privileges, leading to a complete system compromise. To mitigate this vulnerability, the code should include a check to ensure that `addr_len` does not exceed the size of `sockaddr_storage` before copying the address data. ``` ``` ``` ``` ``` ``` ``` ``` ``` ``` ``` ``` ``` ``` ``` ``` ``` ``` ``` ``` ``` ``` ``` ``` ``` ``` ``` ``` ``` ``` ``` ``` ``` ``` ``` ``` ``` ``` ``` ``` ``` ``` ``` ``` ``` ``` ``` ``` ``` ``` ``` ``` ``` ``` ``` ``` ``` ``` ``` ``` ``` ``` ``` ``` ``` ``` ``` ``` ``` ``` ``` ``` ``` ``` ``` ``` ``` ``` ``` ``` ``` ``` ``` ``` ``` ``` ``` ``` ``` ``` ``` ``` ``` ``` ``` ``` ``` ``` ``` ``` ``` ``` ``` ``` ``` ``` ``` ``` ``` ``` ``` ``` ``` ``` ``` ``` ``` ``` ``` ``` ``` ``` ``` ``` ``` ``` ``` ``` ``` ``` ``` ``` ``` ``` ``` ``` ``` ``` ``` ``` ``` ``` ``` ``` ``` ``` ``` ``` ``` ``` ``` ``` ``` ``` ``` ``` ``` ``` ``` ``` ``` ``` ``` ``` ``` ``` ``` ``` ``` ``` ``` ``` ``` ``` ``` ``` ``` ``` ``` ``` ``` ``` ``` ``` ``` ``` ``` ``` ``` ``` ``` ``` ``` ``` ``` ``` ``` ``` ``` ``` ``` ``` ``` ``` ``` ``` ``` ``` ``` ``` ``` ``` ``` ``` ``` ``` ``` ``` ``` ``` ``` ``` ``` ``` ``` ``` ``` ``` ``` ``` ``` ``` ``` ``` ``` ``` ``` ``` ``` ``` ``` ``` ``` ``` ``` ``` ``` ``` ``` ``` ``` ``` ``` ``` ``` ``` ``` ``` ``` ``` ``` ``` ``` ``` ``` ``` ``` ``` ``` ``` ``` ``` ``` ``` ``` ``` ``` ``` ``` ``` ``` ``` ``` ``` ``` ``` ``` ``` ``` ``` ``` ``` ``` ``` ``` ``` ``` ``` ``` ``` ``` ``` ``` ``` ``` ``` ``` ``` ``` ``` ``` ``` ``` ``` ``` ``` ``` ``` ``` ``` ``` ``` ``` ``` ``` ``` ``` ``` ``` ``` ``` ``` ``` ``` ``` ``` ``` ``` ``` ``` ``` ``` ``` ``` ``` ``` ``` ``` ``` ``` ``` ``` ``` ``` ``` ``` ``` ``` ``` ``` ``` ``` ``` ``` ``` ``` ``` ``` ``` ``` ``` ``` ``` ```","SYSCALL_DEFINE6(sendto, int, fd, void __user *, buff, size_t, len,
		unsigned int, flags, struct sockaddr __user *, addr,
		int, addr_len)
{
	struct socket *var_6;
	struct sockaddr_storage var_1;
	int var_2;
	struct msghdr var_5;
	struct iovec var_4;
	int var_3;
 
 	if (len > INT_MAX)
 		len = INT_MAX;
 	var_6 = sockfd_lookup_light(fd, &var_2, &var_3);
 	if (!var_6)
 		goto out;

	var_4.iov_base = buff;
	var_4.iov_len = len;
	var_5.msg_name = NULL;
	iov_iter_init(&var_5.msg_iter, WRITE, &var_4, 1, len);
	var_5.msg_control = NULL;
	var_5.msg_controllen = 0;
	var_5.msg_namelen = 0;
	if (addr) {
		var_2 = move_addr_to_kernel(addr, addr_len, &var_1);
		if (var_2 < 0)
			goto out_put;
		var_5.msg_name = (struct sockaddr *)&var_1;
		var_5.msg_namelen = addr_len;
	}
	if (var_6->file->f_flags & O_NONBLOCK)
		flags |= MSG_DONTWAIT;
	var_5.msg_flags = flags;
	var_2 = sock_sendmsg(var_6, &var_5, len);

out_put:
	fput_light(var_6->file, var_3);
out:
	return var_2;
}
"
52811,CWE-119,14B,Qwen2.5-Coder-14B-Instruct,baseline,"(current_field));
					bit_area += Z_STRLEN_PP(current_field);
					ZVAL_STRINGL(*current_field, (char *) start, bit_area - start, copy_data);
				}
			} else {
				if (copy_data) {
					ZVAL_STRINGL(*current_field, (char *) p, len, 1);
				} else {
					ZVAL_STRINGL(*current_field, (char *) p, len, 0);
				}
				p += len;
			}
			last_field_was_string = TRUE;
		}
	}
	DBG_RETURN(PASS);
}
```

The vulnerability in the provided C code is related to the handling of string data when `copy_data` is set to `FALSE`. Specifically, the code does not properly handle the case where the length of the string data (`len`) is zero. This can lead to undefined behavior and potential security issues.

Here's a detailed explanation of the vulnerability:

1. **String Handling with `copy_data` set to `FALSE`:**
   When `copy_data` is `FALSE`, the code directly assigns the pointer to the string data in the `row_buffer` to the `zval` without copying the data. This means that the `zval` will point to the original data in the `row_buffer`.

2. **Zero-Length Strings:**
   If the length of the string data (`len`) is zero, the code does not handle this case explicitly. The `ZVAL_STRINGL` macro is used to assign the string to the `zval`, which expects a valid pointer and a non-zero length. However, if `len` is zero, the pointer `p` still points to a valid location in the `row_buffer`, but the length is zero.

3. **Undefined Behavior:**
   When `ZVAL_STRINGL` is called with a zero length, it may result in undefined behavior. This is because the `zval` is expected to represent a valid string, but a zero-length string is not a valid string in the context of PHP's `zval` structure.

4. **Potential Security Issues:**
   The undefined behavior can lead to various security issues, such as:
   - **Buffer Overflows:** If the code attempts to access the string data later, it may cause a buffer overflow since the length is zero.
   - **Memory Corruption:** The `zval` may become corrupted, leading to memory corruption issues.
   - **Crashes:** The program may crash","php_mysqlnd_rowp_read_text_protocol_aux(MYSQLND_MEMORY_POOL_CHUNK * row_buffer, zval ** fields,
									unsigned int field_count, const MYSQLND_FIELD * fields_metadata,
									zend_bool as_int_or_float, zend_bool copy_data, MYSQLND_STATS * stats TSRMLS_DC)
{
	
	unsigned int i;
	zend_bool last_field_was_string = FALSE;
	zval **current_field, **end_field, **start_field;
 	zend_uchar * p = row_buffer->ptr;
 	size_t data_size = row_buffer->app;
 	zend_uchar * bit_area = (zend_uchar*) row_buffer->ptr + data_size + 1; /* we allocate from here */
 
 	DBG_ENTER(""php_mysqlnd_rowp_read_text_protocol_aux"");
 
	if (!fields) {
		DBG_RETURN(FAIL);
	}

	end_field = (start_field = fields) + field_count;

	for (i = 0, current_field = start_field; current_field < end_field; current_field++, i++) {
		DBG_INF(""Directly creating zval"");
		MAKE_STD_ZVAL(*current_field);
		if (!*current_field) {
			DBG_RETURN(FAIL);
		}
	}

	for (i = 0, current_field = start_field; current_field < end_field; current_field++, i++) {
 		/* Don't reverse the order. It is significant!*/
 		zend_uchar *this_field_len_pos = p;
 		/* php_mysqlnd_net_field_length() call should be after *this_field_len_pos = p; */
		unsigned long len = php_mysqlnd_net_field_length(&p);
 
 		if (copy_data == FALSE && current_field > start_field && last_field_was_string) {
 			/*
 			  Normal queries:
			  We have to put \0 now to the end of the previous field, if it was
			  a string. IS_NULL doesn't matter. Because we have already read our
			  length, then we can overwrite it in the row buffer.
			  This statement terminates the previous field, not the current one.

			  NULL_LENGTH is encoded in one byte, so we can stick a \0 there.
			  Any string's length is encoded in at least one byte, so we can stick
			  a \0 there.
			*/

			*this_field_len_pos = '\0';
		}

		/* NULL or NOT NULL, this is the question! */
		if (len == MYSQLND_NULL_LENGTH) {
			ZVAL_NULL(*current_field);
			last_field_was_string = FALSE;
		} else {
#if defined(MYSQLND_STRING_TO_INT_CONVERSION)
			struct st_mysqlnd_perm_bind perm_bind =
					mysqlnd_ps_fetch_functions[fields_metadata[i].type];
#endif
			if (MYSQLND_G(collect_statistics)) {
				enum_mysqlnd_collected_stats statistic;
				switch (fields_metadata[i].type) {
					case MYSQL_TYPE_DECIMAL:	statistic = STAT_TEXT_TYPE_FETCHED_DECIMAL; break;
					case MYSQL_TYPE_TINY:		statistic = STAT_TEXT_TYPE_FETCHED_INT8; break;
					case MYSQL_TYPE_SHORT:		statistic = STAT_TEXT_TYPE_FETCHED_INT16; break;
					case MYSQL_TYPE_LONG:		statistic = STAT_TEXT_TYPE_FETCHED_INT32; break;
					case MYSQL_TYPE_FLOAT:		statistic = STAT_TEXT_TYPE_FETCHED_FLOAT; break;
					case MYSQL_TYPE_DOUBLE:		statistic = STAT_TEXT_TYPE_FETCHED_DOUBLE; break;
					case MYSQL_TYPE_NULL:		statistic = STAT_TEXT_TYPE_FETCHED_NULL; break;
					case MYSQL_TYPE_TIMESTAMP:	statistic = STAT_TEXT_TYPE_FETCHED_TIMESTAMP; break;
					case MYSQL_TYPE_LONGLONG:	statistic = STAT_TEXT_TYPE_FETCHED_INT64; break;
					case MYSQL_TYPE_INT24:		statistic = STAT_TEXT_TYPE_FETCHED_INT24; break;
					case MYSQL_TYPE_DATE:		statistic = STAT_TEXT_TYPE_FETCHED_DATE; break;
					case MYSQL_TYPE_TIME:		statistic = STAT_TEXT_TYPE_FETCHED_TIME; break;
					case MYSQL_TYPE_DATETIME:	statistic = STAT_TEXT_TYPE_FETCHED_DATETIME; break;
					case MYSQL_TYPE_YEAR:		statistic = STAT_TEXT_TYPE_FETCHED_YEAR; break;
					case MYSQL_TYPE_NEWDATE:	statistic = STAT_TEXT_TYPE_FETCHED_DATE; break;
					case MYSQL_TYPE_VARCHAR:	statistic = STAT_TEXT_TYPE_FETCHED_STRING; break;
					case MYSQL_TYPE_BIT:		statistic = STAT_TEXT_TYPE_FETCHED_BIT; break;
					case MYSQL_TYPE_NEWDECIMAL:	statistic = STAT_TEXT_TYPE_FETCHED_DECIMAL; break;
					case MYSQL_TYPE_ENUM:		statistic = STAT_TEXT_TYPE_FETCHED_ENUM; break;
					case MYSQL_TYPE_SET:		statistic = STAT_TEXT_TYPE_FETCHED_SET; break;
					case MYSQL_TYPE_JSON:		statistic = STAT_TEXT_TYPE_FETCHED_JSON; break;
					case MYSQL_TYPE_TINY_BLOB:	statistic = STAT_TEXT_TYPE_FETCHED_BLOB; break;
					case MYSQL_TYPE_MEDIUM_BLOB:statistic = STAT_TEXT_TYPE_FETCHED_BLOB; break;
					case MYSQL_TYPE_LONG_BLOB:	statistic = STAT_TEXT_TYPE_FETCHED_BLOB; break;
					case MYSQL_TYPE_BLOB:		statistic = STAT_TEXT_TYPE_FETCHED_BLOB; break;
					case MYSQL_TYPE_VAR_STRING:	statistic = STAT_TEXT_TYPE_FETCHED_STRING; break;
					case MYSQL_TYPE_STRING:		statistic = STAT_TEXT_TYPE_FETCHED_STRING; break;
					case MYSQL_TYPE_GEOMETRY:	statistic = STAT_TEXT_TYPE_FETCHED_GEOMETRY; break;
					default: statistic = STAT_TEXT_TYPE_FETCHED_OTHER; break;
				}
				MYSQLND_INC_CONN_STATISTIC_W_VALUE2(stats, statistic, 1, STAT_BYTES_RECEIVED_PURE_DATA_TEXT, len);
			}
#ifdef MYSQLND_STRING_TO_INT_CONVERSION
			if (as_int_or_float && perm_bind.php_type == IS_LONG) {
				zend_uchar save = *(p + len);
				/* We have to make it ASCIIZ temporarily */
				*(p + len) = '\0';
				if (perm_bind.pack_len < SIZEOF_LONG) {
					/* direct conversion */
					int64_t v =
#ifndef PHP_WIN32
						atoll((char *) p);
#else
						_atoi64((char *) p);
#endif
					ZVAL_LONG(*current_field, (long) v); /* the cast is safe */
				} else {
					uint64_t v =
#ifndef PHP_WIN32
						(uint64_t) atoll((char *) p);
#else
						(uint64_t) _atoi64((char *) p);
#endif
					zend_bool uns = fields_metadata[i].flags & UNSIGNED_FLAG? TRUE:FALSE;
					/* We have to make it ASCIIZ temporarily */
#if SIZEOF_LONG==8
					if (uns == TRUE && v > 9223372036854775807L)
#elif SIZEOF_LONG==4
					if ((uns == TRUE && v > L64(2147483647)) ||
						(uns == FALSE && (( L64(2147483647) < (int64_t) v) ||
						(L64(-2147483648) > (int64_t) v))))
#else
#error Need fix for this architecture
#endif /* SIZEOF */
					{
						ZVAL_STRINGL(*current_field, (char *)p, len, 0);
					} else {
						ZVAL_LONG(*current_field, (long) v); /* the cast is safe */
					}
				}
				*(p + len) = save;
			} else if (as_int_or_float && perm_bind.php_type == IS_DOUBLE) {
				zend_uchar save = *(p + len);
				/* We have to make it ASCIIZ temporarily */
				*(p + len) = '\0';
				ZVAL_DOUBLE(*current_field, atof((char *) p));
				*(p + len) = save;
			} else
#endif /* MYSQLND_STRING_TO_INT_CONVERSION */
			if (fields_metadata[i].type == MYSQL_TYPE_BIT) {
				/*
				  BIT fields are specially handled. As they come as bit mask, we have
				  to convert it to human-readable representation. As the bits take
				  less space in the protocol than the numbers they represent, we don't
				  have enough space in the packet buffer to overwrite inside.
				  Thus, a bit more space is pre-allocated at the end of the buffer,
				  see php_mysqlnd_rowp_read(). And we add the strings at the end.
				  Definitely not nice, _hackish_ :(, but works.
				*/
				zend_uchar *start = bit_area;
				ps_fetch_from_1_to_8_bytes(*current_field, &(fields_metadata[i]), 0, &p, len TSRMLS_CC);
				/*
				  We have advanced in ps_fetch_from_1_to_8_bytes. We should go back because
				  later in this function there will be an advancement.
				*/
				p -= len;
				if (Z_TYPE_PP(current_field) == IS_LONG) {
					bit_area += 1 + sprintf((char *)start, ""%ld"", Z_LVAL_PP(current_field));
					ZVAL_STRINGL(*current_field, (char *) start, bit_area - start - 1, copy_data);
				} else if (Z_TYPE_PP(current_field) == IS_STRING){
					memcpy(bit_area, Z_STRVAL_PP(current_field), Z_STRLEN_PP(current_field));
					bit_area += Z_STRLEN_PP(current_field);
					*bit_area++ = '\0';
					zval_dtor(*current_field);
					ZVAL_STRINGL(*current_field, (char *) start, bit_area - start - 1, copy_data);
				}
			} else {
				ZVAL_STRINGL(*current_field, (char *)p, len, copy_data);
			}
			p += len;
			last_field_was_string = TRUE;
		}
	}
	if (copy_data == FALSE && last_field_was_string) {
		/* Normal queries: The buffer has one more byte at the end, because we need it */
		row_buffer->ptr[data_size] = '\0';
	}

	DBG_RETURN(PASS);
}
"
52811,CWE-119,14B,Qwen2.5-Coder-14B-Instruct,perturbed,";
				var_1 += var_6;
				php_mysqlnd_bit_to_str(var_7, var_6, &var_10);
				ZVAL_STRINGL(*var_2, (char *)var_10, var_1 - var_10, 0);
			} else {
				if (copy_data) {
					/* Copy data to avoid overwriting in the row buffer */
					char *var_10 = emalloc(var_6 + 1);
					memcpy(var_10, var_7, var_6);
					var_10[var_6] = '\0';
					ZVAL_STRINGL(*var_2, var_10, var_6, 0);
				} else {
					/* Directly use the pointer from the row buffer */
					ZVAL_STRINGL(*var_2, (char *) var_7, var_6, 1);
				}
			}
			var_5 = TRUE;
		}
		var_2++, var_4++;
	}
	DBG_RETURN(PASS);
}
```

The vulnerability in this C code is a buffer overflow. The code does not check if the length of the data being read exceeds the size of the allocated buffer. This can lead to writing data outside the bounds of the buffer, which can corrupt memory and potentially allow an attacker to execute arbitrary code. The vulnerability is particularly dangerous because it occurs when reading data from a MySQL database, which could be controlled by an attacker. To fix this vulnerability, the code should include checks to ensure that the length of the data being read does not exceed the size of the allocated buffer.","php_mysqlnd_rowp_read_text_protocol_aux(MYSQLND_MEMORY_POOL_CHUNK * row_buffer, zval ** fields,
									unsigned int field_count, const MYSQLND_FIELD * fields_metadata,
									zend_bool as_int_or_float, zend_bool copy_data, MYSQLND_STATS * stats TSRMLS_DC)
{
	
	unsigned int var_4;
	zend_bool var_5 = FALSE;
	zval **var_2, **end_field, **start_field;
 	zend_uchar * var_7 = row_buffer->ptr;
 	size_t var_3 = row_buffer->app;
 	zend_uchar * var_1 = (zend_uchar*) row_buffer->ptr + var_3 + 1; /* we allocate from here */
 
 	DBG_ENTER(""php_mysqlnd_rowp_read_text_protocol_aux"");
 
	if (!fields) {
		DBG_RETURN(FAIL);
	}

	end_field = (start_field = fields) + field_count;

	var_4 = 0, var_2 = start_field;
while (var_2 < end_field) {
    DBG_INF(""Directly creating zval"");
		MAKE_STD_ZVAL(*var_2);
		if (!*var_2) {
			DBG_RETURN(FAIL);
		}
    var_2++, var_4++;
}

	var_4 = 0, var_2 = start_field;
while (var_2 < end_field) {
    /* Don't reverse the order. It is significant!*/
 		zend_uchar *var_12 = var_7;
 		/* php_mysqlnd_net_field_length() call should be after *this_field_len_pos = p; */
		unsigned long var_6 = php_mysqlnd_net_field_length(&var_7);
 
 		if (copy_data == FALSE && var_2 > start_field && var_5) {
 			/*
 			  Normal queries:
			  We have to put \0 now to the end of the previous field, if it was
			  a string. IS_NULL doesn't matter. Because we have already read our
			  length, then we can overwrite it in the row buffer.
			  This statement terminates the previous field, not the current one.

			  NULL_LENGTH is encoded in one byte, so we can stick a \0 there.
			  Any string's length is encoded in at least one byte, so we can stick
			  a \0 there.
			*/

			*var_12 = '\0';
		}

		/* NULL or NOT NULL, this is the question! */
		if (var_6 == MYSQLND_NULL_LENGTH) {
			ZVAL_NULL(*var_2);
			var_5 = FALSE;
		} else {
#if defined(MYSQLND_STRING_TO_INT_CONVERSION)
			struct st_mysqlnd_perm_bind var_8 =
					mysqlnd_ps_fetch_functions[fields_metadata[var_4].type];
#endif
			if (MYSQLND_G(collect_statistics)) {
				enum_mysqlnd_collected_stats var_11;
				switch (fields_metadata[var_4].type) {
					case MYSQL_TYPE_DECIMAL:	var_11 = STAT_TEXT_TYPE_FETCHED_DECIMAL; break;
					case MYSQL_TYPE_TINY:		var_11 = STAT_TEXT_TYPE_FETCHED_INT8; break;
					case MYSQL_TYPE_SHORT:		var_11 = STAT_TEXT_TYPE_FETCHED_INT16; break;
					case MYSQL_TYPE_LONG:		var_11 = STAT_TEXT_TYPE_FETCHED_INT32; break;
					case MYSQL_TYPE_FLOAT:		var_11 = STAT_TEXT_TYPE_FETCHED_FLOAT; break;
					case MYSQL_TYPE_DOUBLE:		var_11 = STAT_TEXT_TYPE_FETCHED_DOUBLE; break;
					case MYSQL_TYPE_NULL:		var_11 = STAT_TEXT_TYPE_FETCHED_NULL; break;
					case MYSQL_TYPE_TIMESTAMP:	var_11 = STAT_TEXT_TYPE_FETCHED_TIMESTAMP; break;
					case MYSQL_TYPE_LONGLONG:	var_11 = STAT_TEXT_TYPE_FETCHED_INT64; break;
					case MYSQL_TYPE_INT24:		var_11 = STAT_TEXT_TYPE_FETCHED_INT24; break;
					case MYSQL_TYPE_DATE:		var_11 = STAT_TEXT_TYPE_FETCHED_DATE; break;
					case MYSQL_TYPE_TIME:		var_11 = STAT_TEXT_TYPE_FETCHED_TIME; break;
					case MYSQL_TYPE_DATETIME:	var_11 = STAT_TEXT_TYPE_FETCHED_DATETIME; break;
					case MYSQL_TYPE_YEAR:		var_11 = STAT_TEXT_TYPE_FETCHED_YEAR; break;
					case MYSQL_TYPE_NEWDATE:	var_11 = STAT_TEXT_TYPE_FETCHED_DATE; break;
					case MYSQL_TYPE_VARCHAR:	var_11 = STAT_TEXT_TYPE_FETCHED_STRING; break;
					case MYSQL_TYPE_BIT:		var_11 = STAT_TEXT_TYPE_FETCHED_BIT; break;
					case MYSQL_TYPE_NEWDECIMAL:	var_11 = STAT_TEXT_TYPE_FETCHED_DECIMAL; break;
					case MYSQL_TYPE_ENUM:		var_11 = STAT_TEXT_TYPE_FETCHED_ENUM; break;
					case MYSQL_TYPE_SET:		var_11 = STAT_TEXT_TYPE_FETCHED_SET; break;
					case MYSQL_TYPE_JSON:		var_11 = STAT_TEXT_TYPE_FETCHED_JSON; break;
					case MYSQL_TYPE_TINY_BLOB:	var_11 = STAT_TEXT_TYPE_FETCHED_BLOB; break;
					case MYSQL_TYPE_MEDIUM_BLOB:var_11 = STAT_TEXT_TYPE_FETCHED_BLOB; break;
					case MYSQL_TYPE_LONG_BLOB:	var_11 = STAT_TEXT_TYPE_FETCHED_BLOB; break;
					case MYSQL_TYPE_BLOB:		var_11 = STAT_TEXT_TYPE_FETCHED_BLOB; break;
					case MYSQL_TYPE_VAR_STRING:	var_11 = STAT_TEXT_TYPE_FETCHED_STRING; break;
					case MYSQL_TYPE_STRING:		var_11 = STAT_TEXT_TYPE_FETCHED_STRING; break;
					case MYSQL_TYPE_GEOMETRY:	var_11 = STAT_TEXT_TYPE_FETCHED_GEOMETRY; break;
					default: var_11 = STAT_TEXT_TYPE_FETCHED_OTHER; break;
				}
				MYSQLND_INC_CONN_STATISTIC_W_VALUE2(stats, var_11, 1, STAT_BYTES_RECEIVED_PURE_DATA_TEXT, var_6);
			}
#ifdef MYSQLND_STRING_TO_INT_CONVERSION
			if (as_int_or_float && var_8.php_type == IS_LONG) {
				zend_uchar var_9 = *(var_7 + var_6);
				/* We have to make it ASCIIZ temporarily */
				*(var_7 + var_6) = '\0';
				if (var_8.pack_len < SIZEOF_LONG) {
					/* direct conversion */
					int64_t v =
#ifndef PHP_WIN32
						atoll((char *) var_7);
#else
						_atoi64((char *) var_7);
#endif
					ZVAL_LONG(*var_2, (long) v); /* the cast is safe */
				} else {
					uint64_t v =
#ifndef PHP_WIN32
						(uint64_t) atoll((char *) var_7);
#else
						(uint64_t) _atoi64((char *) var_7);
#endif
					zend_bool var_13 = fields_metadata[var_4].flags & UNSIGNED_FLAG? TRUE:FALSE;
					/* We have to make it ASCIIZ temporarily */
#if SIZEOF_LONG==8
					if (var_13 == TRUE && v > 9223372036854775807L)
#elif SIZEOF_LONG==4
					if ((var_13 == TRUE && v > L64(2147483647)) ||
						(var_13 == FALSE && (( L64(2147483647) < (int64_t) v) ||
						(L64(-2147483648) > (int64_t) v))))
#else
#error Need fix for this architecture
#endif /* SIZEOF */
					{
						ZVAL_STRINGL(*var_2, (char *)var_7, var_6, 0);
					} else {
						ZVAL_LONG(*var_2, (long) v); /* the cast is safe */
					}
				}
				*(var_7 + var_6) = var_9;
			} else if (as_int_or_float && var_8.php_type == IS_DOUBLE) {
				zend_uchar var_9 = *(var_7 + var_6);
				/* We have to make it ASCIIZ temporarily */
				*(var_7 + var_6) = '\0';
				ZVAL_DOUBLE(*var_2, atof((char *) var_7));
				*(var_7 + var_6) = var_9;
			} else
#endif /* MYSQLND_STRING_TO_INT_CONVERSION */
			if (fields_metadata[var_4].type == MYSQL_TYPE_BIT) {
				/*
				  BIT fields are specially handled. As they come as bit mask, we have
				  to convert it to human-readable representation. As the bits take
				  less space in the protocol than the numbers they represent, we don't
				  have enough space in the packet buffer to overwrite inside.
				  Thus, a bit more space is pre-allocated at the end of the buffer,
				  see php_mysqlnd_rowp_read(). And we add the strings at the end.
				  Definitely not nice, _hackish_ :(, but works.
				*/
				zend_uchar *var_10 = var_1;
				ps_fetch_from_1_to_8_bytes(*var_2, &(fields_metadata[var_4]), 0, &var_7, var_6 TSRMLS_CC);
				/*
				  We have advanced in ps_fetch_from_1_to_8_bytes. We should go back because
				  later in this function there will be an advancement.
				*/
				var_7 -= var_6;
				if (Z_TYPE_PP(var_2) == IS_LONG) {
					var_1 += 1 + sprintf((char *)var_10, ""%ld"", Z_LVAL_PP(var_2));
					ZVAL_STRINGL(*var_2, (char *) var_10, var_1 - var_10 - 1, copy_data);
				} else if (Z_TYPE_PP(var_2) == IS_STRING){
					memcpy(var_1, Z_STRVAL_PP(var_2), Z_STRLEN_PP(var_2));
					var_1 += Z_STRLEN_PP(var_2);
					*var_1++ = '\0';
					zval_dtor(*var_2);
					ZVAL_STRINGL(*var_2, (char *) var_10, var_1 - var_10 - 1, copy_data);
				}
			} else {
				ZVAL_STRINGL(*var_2, (char *)var_7, var_6, copy_data);
			}
			var_7 += var_6;
			var_5 = TRUE;
		}
    var_2++, var_4++;
}
	if (copy_data == FALSE && var_5) {
		/* Normal queries: The buffer has one more byte at the end, because we need it */
		row_buffer->ptr[var_3] = '\0';
	}

	DBG_RETURN(PASS);
}
"
111416,CWE-787,14B,Qwen2.5-Coder-14B-Instruct,baseline,"The vulnerability in this C code is a potential buffer overflow. The code calculates the size of the memory block to allocate based on the `image->columns` value, but it does not check if `image->columns` is too large. If an attacker can control the value of `image->columns`, they could potentially cause the multiplication `(9*image->columns)+1` to overflow, resulting in a very small memory allocation. This would then lead to a buffer overflow when the code attempts to write data into the allocated memory block. The danger lies in the fact that this could allow an attacker to overwrite adjacent memory, potentially leading to arbitrary code execution or other malicious actions. To mitigate this vulnerability, the code should include checks to ensure that `image->columns` does not exceed a safe limit before performing the multiplication.","static unsigned char *AcquireCompactPixels(const Image *image,
  ExceptionInfo *exception)
{
  size_t
    packet_size;

  unsigned char
    *compact_pixels;

  packet_size=image->depth > 8UL ? 2UL : 1UL;
  compact_pixels=(unsigned char *) AcquireQuantumMemory((9*
    image->columns)+1,packet_size*sizeof(*compact_pixels));
   if (compact_pixels == (unsigned char *) NULL)
     {
       (void) ThrowMagickException(exception,GetMagickModule(),
        ResourceLimitError,""MemoryAllocationFailed"",""`%s'"",
        image->filename);
     }
   return(compact_pixels);
 }
"
111416,CWE-787,14B,Qwen2.5-Coder-14B-Instruct,perturbed,"The vulnerability in this C code is a potential buffer overflow. The function `AcquireCompactPixels` allocates memory for an array of unsigned characters using the `AcquireQuantumMemory` function. The size of the allocated memory is calculated as `(9*var_3->columns)+1` multiplied by the size of one unsigned character (`var_4`). However, the code does not check if `var_3->columns` is too large, which could lead to an integer overflow when calculating the total size of the memory to be allocated. If `var_3->columns` is sufficiently large, the multiplication `(9*var_3->columns)+1` could overflow, resulting in a very small number. This would cause `AcquireQuantumMemory` to allocate much less memory than intended, potentially leading to a buffer overflow when the allocated memory is accessed later in the program. This vulnerability could be exploited by an attacker to execute arbitrary code or cause a denial of service.

The vulnerability in this C code is a potential buffer overflow due to insufficient input validation. Specifically, the code does not check if `var_3->columns` is too large before calculating the total size of the memory to be allocated. If `var_3->columns` is sufficiently large, the multiplication `(9*var_3->columns)+1` could overflow, resulting in a very small number. This would cause `AcquireQuantumMemory` to allocate much less memory than intended, potentially leading to a buffer overflow when the allocated memory is accessed later in the program. This vulnerability could be exploited by an attacker to execute arbitrary code or cause a denial of service. To fix this vulnerability, the code should include a check to ensure that `var_3->columns` is within a safe range before performing the multiplication. For example, the code could check if `var_3->columns` is greater than a certain threshold value, and if so, return an error or allocate a fixed amount of memory instead. Additionally, the code should use a safer memory allocation function that can handle large values of `var_3->columns` without overflowing. For example, the code could use the `malloc` function with a size argument of type `size_t`, which can handle larger values than `unsigned long`. Finally, the code should include proper error handling to ensure that any memory allocation failures are properly reported and handled. For example, the code could use a try-catch block to catch any exceptions that may be thrown during the memory allocation process","static unsigned char *AcquireCompactPixels(const Image *var_3,
  ExceptionInfo *var_2)
{
  size_t
    var_4;

  unsigned char
    *var_1;

  var_4=var_3->depth > 8UL ? 2UL : 1UL;
  var_1=(unsigned char *) AcquireQuantumMemory((9*
    var_3->columns)+1,var_4*sizeof(*var_1));
   if (var_1 == (unsigned char *) NULL)
     {
       (void) ThrowMagickException(var_2,GetMagickModule(),
        ResourceLimitError,""MemoryAllocationFailed"",""`%s'"",
        var_3->filename);
     }
   return(var_1);
 }
"
117061,CWE-189,14B,Qwen2.5-Coder-14B-Instruct,baseline,"The vulnerability in the provided C code is related to the use of `snprintf` without proper bounds checking. Specifically, the `snprintf` function is used to copy strings into fixed-size buffers (`excontext->ipv4_for_gateway` and `excontext->ipv6_for_gateway`) without ensuring that the input strings do not exceed the buffer size. This can lead to buffer overflow vulnerabilities if the input strings are longer than the allocated buffer space.

In the given code, the `snprintf` function is called with a buffer size of 256 bytes for both `excontext->ipv4_for_gateway` and `excontext->ipv6_for_gateway`. However, the actual lengths of the strings being copied are not checked against this buffer size. If an attacker were able to provide input strings longer than 256 bytes, they could potentially overwrite adjacent memory locations, leading to undefined behavior, crashes, or even arbitrary code execution.

To mitigate this vulnerability, the code should include checks to ensure that the input strings do not exceed the buffer size before copying them into the fixed-size buffers. Additionally, using safer string handling functions like `strncpy` with explicit null termination, or using more modern C++ string classes, would help prevent such issues.","eXosip_init (struct eXosip_t *excontext)
{
  osip_t *osip;
  int i;

  memset (excontext, 0, sizeof (eXosip_t));

  excontext->dscp = 0x1A;

  snprintf (excontext->ipv4_for_gateway, 256, ""%s"", ""217.12.3.11"");
  snprintf (excontext->ipv6_for_gateway, 256, ""%s"", ""2001:638:500:101:2e0:81ff:fe24:37c6"");

#ifdef WIN32
  /* Initializing windows socket library */
  {
    WORD wVersionRequested;
    WSADATA wsaData;

    wVersionRequested = MAKEWORD (1, 1);
    i = WSAStartup (wVersionRequested, &wsaData);
    if (i != 0) {
      OSIP_TRACE (osip_trace (__FILE__, __LINE__, OSIP_WARNING, NULL, ""eXosip: Unable to initialize WINSOCK, reason: %d\n"", i));
      /* return -1; It might be already initilized?? */
    }
  }
#endif

  excontext->user_agent = osip_strdup (""eXosip/"" EXOSIP_VERSION);
  if (excontext->user_agent == NULL)
    return OSIP_NOMEM;

  excontext->j_calls = NULL;
  excontext->j_stop_ua = 0;
#ifndef OSIP_MONOTHREAD
  excontext->j_thread = NULL;
#endif
  i = osip_list_init (&excontext->j_transactions);
  excontext->j_reg = NULL;

#ifndef OSIP_MONOTHREAD
#if !defined (_WIN32_WCE)
  excontext->j_cond = (struct osip_cond *) osip_cond_init ();
  if (excontext->j_cond == NULL) {
    osip_free (excontext->user_agent);
    excontext->user_agent = NULL;
    return OSIP_NOMEM;
  }
#endif

  excontext->j_mutexlock = (struct osip_mutex *) osip_mutex_init ();
  if (excontext->j_mutexlock == NULL) {
    osip_free (excontext->user_agent);
    excontext->user_agent = NULL;
#if !defined (_WIN32_WCE)
    osip_cond_destroy ((struct osip_cond *) excontext->j_cond);
    excontext->j_cond = NULL;
#endif
    return OSIP_NOMEM;
  }
#endif

  i = osip_init (&osip);
  if (i != 0) {
    OSIP_TRACE (osip_trace (__FILE__, __LINE__, OSIP_ERROR, NULL, ""eXosip: Cannot initialize osip!\n""));
    return i;
  }

  osip_set_application_context (osip, &excontext);

  _eXosip_set_callbacks (osip);

  excontext->j_osip = osip;

#ifndef OSIP_MONOTHREAD
  /* open a TCP socket to wake up the application when needed. */
  excontext->j_socketctl = jpipe ();
  if (excontext->j_socketctl == NULL)
    return OSIP_UNDEFINED_ERROR;

  excontext->j_socketctl_event = jpipe ();
  if (excontext->j_socketctl_event == NULL)
    return OSIP_UNDEFINED_ERROR;
#endif

  /* To be changed in osip! */
  excontext->j_events = (osip_fifo_t *) osip_malloc (sizeof (osip_fifo_t));
  if (excontext->j_events == NULL)
    return OSIP_NOMEM;
  osip_fifo_init (excontext->j_events);

  excontext->use_rport = 1;
  excontext->dns_capabilities = 2;
  excontext->enable_dns_cache = 1;
  excontext->ka_interval = 17000;
  snprintf(excontext->ka_crlf, sizeof(excontext->ka_crlf), ""\r\n\r\n"");
  excontext->ka_options = 0;
   excontext->autoanswer_bye = 1;
   excontext->auto_masquerade_contact = 1;
   excontext->masquerade_via=0;
 
   return OSIP_SUCCESS;
 }
"
117061,CWE-189,14B,Qwen2.5-Coder-14B-Instruct,perturbed,"The vulnerability in the provided C code is related to the use of `snprintf` without proper bounds checking. Specifically, the `snprintf` function is used to copy fixed strings into buffers that are declared with a size of 256 bytes:

```c
snprintf (excontext->ipv4_for_gateway, 256, ""%s"", ""217.12.3.11"");
snprintf (excontext->ipv6_for_gateway, 256, ""%s"", ""2001:638:500:101:2e0:81ff:fe24:37c6"");
```

The issue here is that the size of the destination buffers (`excontext->ipv4_for_gateway` and `excontext->ipv6_for_gateway`) is hardcoded to 256 bytes, but the actual lengths of the source strings are much shorter. This means that there is no risk of buffer overflow in these specific cases because the source strings fit comfortably within the 256-byte buffers.

However, the vulnerability lies in the potential for future changes or modifications to the code. If the source strings were ever changed to be longer than 256 bytes, or if the buffer sizes were reduced without corresponding adjustments to the source strings, a buffer overflow could occur. This would allow an attacker to potentially overwrite adjacent memory, leading to undefined behavior, crashes, or even arbitrary code execution.

To mitigate this vulnerability, it is recommended to use safer string handling functions that perform bounds checking, such as `strncpy` with explicit length checks, or to dynamically allocate memory based on the length of the source strings. Additionally, it is good practice to review and validate all string operations to ensure they do not exceed buffer limits.","eXosip_init (struct eXosip_t *excontext)
{
  osip_t *var_2;
  int var_1;

  memset (excontext, 0, sizeof (eXosip_t));

  excontext->dscp = 0x1A;

  snprintf (excontext->ipv4_for_gateway, 256, ""%s"", ""217.12.3.11"");
  snprintf (excontext->ipv6_for_gateway, 256, ""%s"", ""2001:638:500:101:2e0:81ff:fe24:37c6"");

#ifdef WIN32
  /* Initializing windows socket library */
  {
    WORD var_3;
    WSADATA var_4;

    var_3 = MAKEWORD (1, 1);
    var_1 = WSAStartup (var_3, &var_4);
    if (var_1 != 0) {
      OSIP_TRACE (osip_trace (__FILE__, __LINE__, OSIP_WARNING, NULL, ""eXosip: Unable to initialize WINSOCK, reason: %d\n"", var_1));
      /* return -1; It might be already initilized?? */
    }
  }
#endif

  excontext->user_agent = osip_strdup (""eXosip/"" EXOSIP_VERSION);
  if (excontext->user_agent == NULL)
    return OSIP_NOMEM;

  excontext->j_calls = NULL;
  excontext->j_stop_ua = 0;
#ifndef OSIP_MONOTHREAD
  excontext->j_thread = NULL;
#endif
  var_1 = osip_list_init (&excontext->j_transactions);
  excontext->j_reg = NULL;

#ifndef OSIP_MONOTHREAD
#if !defined (_WIN32_WCE)
  excontext->j_cond = (struct osip_cond *) osip_cond_init ();
  if (excontext->j_cond == NULL) {
    osip_free (excontext->user_agent);
    excontext->user_agent = NULL;
    return OSIP_NOMEM;
  }
#endif

  excontext->j_mutexlock = (struct osip_mutex *) osip_mutex_init ();
  if (excontext->j_mutexlock == NULL) {
    osip_free (excontext->user_agent);
    excontext->user_agent = NULL;
#if !defined (_WIN32_WCE)
    osip_cond_destroy ((struct osip_cond *) excontext->j_cond);
    excontext->j_cond = NULL;
#endif
    return OSIP_NOMEM;
  }
#endif

  var_1 = osip_init (&var_2);
  if (var_1 != 0) {
    OSIP_TRACE (osip_trace (__FILE__, __LINE__, OSIP_ERROR, NULL, ""eXosip: Cannot initialize osip!\n""));
    return var_1;
  }

  osip_set_application_context (var_2, &excontext);

  _eXosip_set_callbacks (var_2);

  excontext->j_osip = var_2;

#ifndef OSIP_MONOTHREAD
  /* open a TCP socket to wake up the application when needed. */
  excontext->j_socketctl = jpipe ();
  if (excontext->j_socketctl == NULL)
    return OSIP_UNDEFINED_ERROR;

  excontext->j_socketctl_event = jpipe ();
  if (excontext->j_socketctl_event == NULL)
    return OSIP_UNDEFINED_ERROR;
#endif

  /* To be changed in osip! */
  excontext->j_events = (osip_fifo_t *) osip_malloc (sizeof (osip_fifo_t));
  if (excontext->j_events == NULL)
    return OSIP_NOMEM;
  osip_fifo_init (excontext->j_events);

  excontext->use_rport = 1;
  excontext->dns_capabilities = 2;
  excontext->enable_dns_cache = 1;
  excontext->ka_interval = 17000;
  snprintf(excontext->ka_crlf, sizeof(excontext->ka_crlf), ""\r\n\r\n"");
  excontext->ka_options = 0;
   excontext->autoanswer_bye = 1;
   excontext->auto_masquerade_contact = 1;
   excontext->masquerade_via=0;
 
   return OSIP_SUCCESS;
 }
"
38732,CWE-20,14B,Qwen2.5-Coder-14B-Instruct,baseline,"The vulnerability in this C code is a format string vulnerability. The function `MPTSAS_CONFIG_PACK` is called with a format string `""*l*lwwb*b*b*blww""`. This format string is used to pack data into a buffer. However, the format string is not checked against the actual data being passed to the function. This can lead to undefined behavior if the data does not match the format string. In this case, the format string expects a series of integers and bytes, but the data being passed is from a PCI device class structure. If the structure does not contain the expected data types or if the data types do not match the format string, the function could write out of bounds, leading to a buffer overflow. This could potentially allow an attacker to execute arbitrary code on the system. To fix this vulnerability, the format string should be checked against the actual data being passed to the function, and the data should be validated before being packed into the buffer. Additionally, the function should be updated to use safer methods for packing data, such as using a fixed-size buffer and avoiding the use of format strings altogether.","size_t mptsas_config_ioc_0(MPTSASState *s, uint8_t **data, int address)
{
    PCIDeviceClass *pcic = PCI_DEVICE_GET_CLASS(s);

     return MPTSAS_CONFIG_PACK(0, MPI_CONFIG_PAGETYPE_IOC, 0x01,
                               ""*l*lwwb*b*b*blww"",
                               pcic->vendor_id, pcic->device_id, pcic->revision,
                              pcic->subsystem_vendor_id,
                               pcic->subsystem_id);
 }
"
38732,CWE-20,14B,Qwen2.5-Coder-14B-Instruct,perturbed,"The vulnerability in this C code is a format string vulnerability. The function `MPTSAS_CONFIG_PACK` is called with a format string `""*l*lwwb*b*b*blww""` which includes asterisks (`*`) that are not valid format specifiers. This can lead to undefined behavior when the function attempts to interpret the arguments following the format string. The use of invalid format specifiers can cause the program to crash, leak sensitive information, or execute arbitrary code, making it a serious security risk. To fix this vulnerability, the format string should be corrected to use valid format specifiers that match the types of the arguments being passed. For example, if the intention is to pack integers, the format string should use `%d` or `%u` for unsigned integers. Additionally, the function should validate the input to ensure that the format string and the arguments are consistent and safe.","size_t mptsas_config_ioc_0(MPTSASState *var_4, uint8_t **var_2, int var_1)
{
    PCIDeviceClass *var_3 = PCI_DEVICE_GET_CLASS(var_4);

     return MPTSAS_CONFIG_PACK(0, MPI_CONFIG_PAGETYPE_IOC, 0x01,
                               ""*l*lwwb*b*b*blww"",
                               var_3->vendor_id, var_3->device_id, var_3->revision,
                              var_3->subsystem_vendor_id,
                               var_3->subsystem_id);
 }
"
30607,CWE-200,14B,Qwen2.5-Coder-14B-Instruct,baseline,"The vulnerability in the provided C++ code is a potential buffer overflow. The code calculates the `timeout` value based on the length of the `summary` and `body` strings, but it does not check if the resulting `timeout` value exceeds the maximum allowed value for an integer. This can lead to an overflow, where the `timeout` value wraps around to a negative number or a very small positive number, causing the notification to be displayed for an unintended duration or not at all. This can potentially be exploited by an attacker to cause a denial of service or other malicious behavior.

The vulnerability is dangerous because it can lead to unexpected behavior in the application, such as infinite loops or crashes, which can be used to disrupt the system or steal sensitive information. Additionally, if the `timeout` value is used to allocate memory or perform other operations that depend on its value, an overflow could lead to a buffer overflow, allowing an attacker to execute arbitrary code with the privileges of the application. To mitigate this vulnerability, the code should include checks to ensure that the `timeout` value does not exceed the maximum allowed value for an integer before using it.","uint NotificationsEngine::Notify(const QString &app_name, uint replaces_id,
                                 const QString &app_icon, const QString &summary, const QString &body,
                                 const QStringList &actions, const QVariantMap &hints, int timeout)
{
    uint partOf = 0;
    const QString appRealName = hints[QStringLiteral(""x-kde-appname"")].toString();
    const QString eventId = hints[QStringLiteral(""x-kde-eventId"")].toString();
    const bool skipGrouping = hints[QStringLiteral(""x-kde-skipGrouping"")].toBool();

    if (!replaces_id && m_activeNotifications.values().contains(app_name + summary) && !skipGrouping && !m_alwaysReplaceAppsList.contains(app_name)) {
        partOf = m_activeNotifications.key(app_name + summary).midRef(13).toUInt();
    }

     qDebug() << ""Currrent active notifications:"" << m_activeNotifications;
     qDebug() << ""Guessing partOf as:"" << partOf;
     qDebug() << "" New Notification: "" << summary << body << timeout << ""& Part of:"" << partOf;
    QString _body;
 
     if (partOf > 0) {
         const QString source = QStringLiteral(""notification %1"").arg(partOf);
         Plasma::DataContainer *container = containerForSource(source);
         if (container) {
            _body = container->data()[QStringLiteral(""body"")].toString();
            if (_body != body) {
                _body.append(""\n"").append(body);
            } else {
                _body = body;
             }
 
             replaces_id = partOf;
            CloseNotification(partOf);
        }
    }

    uint id = replaces_id ? replaces_id : m_nextId++;

    if (m_alwaysReplaceAppsList.contains(app_name)) {
        if (m_notificationsFromReplaceableApp.contains(app_name)) {
            id = m_notificationsFromReplaceableApp.value(app_name);
        } else {
            m_notificationsFromReplaceableApp.insert(app_name, id);
        }
    }

    QString appname_str = app_name;
    if (appname_str.isEmpty()) {
        appname_str = i18n(""Unknown Application"");
    }

    bool isPersistent = timeout == 0;

 
     const int AVERAGE_WORD_LENGTH = 6;
     const int WORD_PER_MINUTE = 250;
    int count = summary.length() + body.length();
 
        timeout = 60000 * count / AVERAGE_WORD_LENGTH / WORD_PER_MINUTE;

        timeout = 2000 + qMax(timeout, 3000);
    }
"
30607,CWE-200,14B,Qwen2.5-Coder-14B-Instruct,perturbed,"The vulnerability in the provided C++ code is related to the way the `var_3` string is constructed and used. Specifically, the code appends new notification content to an existing notification body without any form of sanitization or validation. This can lead to several security issues:

1. **Buffer Overflow**: If the new notification content (`var_9`) is very large, it could cause a buffer overflow when appending it to `var_3`. This could potentially overwrite adjacent memory locations, leading to undefined behavior or even crashes.

2. **Denial of Service (DoS)**: An attacker could exploit this vulnerability by sending a notification with a very large payload. This could cause the application to consume excessive memory or CPU resources, leading to a denial of service.

3. **Information Disclosure**: If the application does not properly handle memory corruption, it could lead to information disclosure vulnerabilities, where sensitive data is exposed through corrupted memory.

To mitigate these risks, the code should include proper bounds checking and validation when constructing strings. For example, the length of `var_9` should be checked before appending it to `var_3`, and appropriate limits should be enforced to prevent excessive memory usage. Additionally, using safer string handling functions or libraries that provide built-in protection against buffer overflows can help reduce the risk of such vulnerabilities.","uint NotificationsEngine::Notify(const QString &var_7, uint var_17,
                                 const QString &var_6, const QString &var_20, const QString &var_9,
                                 const QStringList &var_4, const QVariantMap &var_13, int var_21)
{
    uint var_16 = 0;
    const QString var_5 = var_13[QStringLiteral(""x-kde-appname"")].toString();
    const QString var_12 = var_13[QStringLiteral(""x-kde-eventId"")].toString();
    const bool var_18 = var_13[QStringLiteral(""x-kde-skipGrouping"")].toBool();

    if (!var_17 && m_activeNotifications.values().contains(var_7 + var_20) && !var_18 && !m_alwaysReplaceAppsList.contains(var_7)) {
        var_16 = m_activeNotifications.key(var_7 + var_20).midRef(13).toUInt();
    }

     qDebug() << ""Currrent active notifications:"" << m_activeNotifications;
     qDebug() << ""Guessing partOf as:"" << var_16;
     qDebug() << "" New Notification: "" << var_20 << var_9 << var_21 << ""& Part of:"" << var_16;
    QString var_3;
 
     if (var_16 > 0) {
         const QString var_19 = QStringLiteral(""notification %1"").arg(var_16);
         Plasma::DataContainer *var_10 = containerForSource(var_19);
         if (var_10) {
            var_3 = var_10->data()[QStringLiteral(""body"")].toString();
            if (var_3 != var_9) {
                var_3.append(""\n"").append(var_9);
            } else {
                var_3 = var_9;
             }
 
             var_17 = var_16;
            CloseNotification(var_16);
        }
    }

    uint var_14 = var_17 ? var_17 : m_nextId++;

    if (m_alwaysReplaceAppsList.contains(var_7)) {
        if (m_notificationsFromReplaceableApp.contains(var_7)) {
            var_14 = m_notificationsFromReplaceableApp.value(var_7);
        } else {
            m_notificationsFromReplaceableApp.insert(var_7, var_14);
        }
    }

    QString var_8 = var_7;
    if (var_8.isEmpty()) {
        var_8 = i18n(""Unknown Application"");
    }

    bool var_15 = var_21 == 0;

 
     const int var_1 = 6;
     const int var_2 = 250;
    int var_11 = var_20.length() + var_9.length();
 
        var_21 = 60000 * var_11 / var_1 / var_2;

        var_21 = 2000 + qMax(var_21, 3000);
    }
"
37027,CWE-20,14B,Qwen2.5-Coder-14B-Instruct,baseline,"The vulnerability in this C code is related to the handling of the `ugh` parameter. The code currently only checks if `ugh` is `NULL` using the `passert` macro, which will cause the program to terminate if `ugh` is not `NULL`. However, this does not provide any information about what went wrong or how to handle the error. A more robust approach would be to check the value of `ugh` and take appropriate action based on its value. For example, if `ugh` is not `NULL`, the code could log an error message and attempt to recover from the error or terminate the connection gracefully. This would make the code more resilient and less prone to security vulnerabilities such as buffer overflows or other types of errors that could be exploited by an attacker. Additionally, the code could also include more detailed logging and error handling to help diagnose issues and improve the overall reliability of the system. ``` ``` ``` ``` ``` ``` ``` ``` ``` ``` ``` ``` ``` ``` ``` ``` ``` ``` ``` ``` ``` ``` ``` ``` ``` ``` ``` ``` ``` ``` ``` ``` ``` ``` ``` ``` ``` ``` ``` ``` ``` ``` ``` ``` ``` ``` ``` ``` ``` ``` ``` ``` ``` ``` ``` ``` ``` ``` ``` ``` ``` ``` ``` ``` ``` ``` ``` ``` ``` ``` ``` ``` ``` ``` ``` ``` ``` ``` ``` ``` ``` ``` ``` ``` ``` ``` ``` ``` ``` ``` ``` ``` ``` ``` ``` ``` ``` ``` ``` ``` ``` ``` ``` ``` ``` ``` ``` ``` ``` ``` ``` ``` ``` ``` ``` ``` ``` ``` ``` ``` ``` ``` ``` ``` ``` ``` ``` ``` ``` ``` ``` ``` ``` ``` ``` ``` ``` ``` ``` ``` ``` ``` ``` ``` ``` ``` ``` ``` ``` ``` ``` ``` ``` ``` ``` ``` ``` ``` ``` ``` ``` ``` ``` ``` ``` ``` ``` ``` ``` ``` ``` ``` ``` ``` ``` ``` ``` ``` ``` ``` ``` ``` ``` ``` ``` ``` ``` ``` ``` ``` ``` ``` ``` ``` ``` ``` ``` ``` ``` ``` ``` ``` ``` ``` ``` ``` ``` ``` ``` ``` ``` ``` ``` ``` ``` ``` ``` ``` ``` ``` ``` ``` ``` ``` ``` ``` ``` ``` ``` ``` ``` ``` ``` ``` ``` ``` ``` ``` ``` ``` ``` ``` ``` ``` ``` ``` ``` ``` ``` ``` ``` ``` ``` ``` ``` ``` ``` ``` ``` ``` ``` ``` ``` ``` ``` ``` ``` ``` ``` ``` ``` ``` ``` ``` ``` ``` ``` ``` ``` ``` ``` ``` ``` ``` ``` ``` ``` ``` ``` ``` ``` ``` ``` ``` ``` ``` ``` ``` ``` ``` ``` ``` ``` ``` ``` ``` ``` ``` ``` ``` ``` ``` ``` ``` ``` ``` ``` ``` ``` ``` ``` ``` ``` ``` ``` ```","static void ikev2_parent_inI2outR2_continue(struct pluto_crypto_req_cont *pcrc,
					    struct pluto_crypto_req *r,
					    err_t ugh)
{
	struct dh_continuation *dh = (struct dh_continuation *)pcrc;
	struct msg_digest *md = dh->md;
	struct state *const st = md->st;
	stf_status e;

	DBG(DBG_CONTROLMORE,
	    DBG_log(""ikev2 parent inI2outR2: calculating g^{xy}, sending R2""));

	if (st == NULL) {
		loglog(RC_LOG_SERIOUS,
		       ""%s: Request was disconnected from state"",
		       __FUNCTION__);
		if (dh->md)
			release_md(dh->md);
		return;
	}

	/* XXX should check out ugh */
	passert(ugh == NULL);
	passert(cur_state == NULL);
	passert(st != NULL);

	passert(st->st_suspended_md == dh->md);
	set_suspended(st, NULL); /* no longer connected or suspended */

	set_cur_state(st);

	st->st_calculating = FALSE;

	e = ikev2_parent_inI2outR2_tail(pcrc, r);
	if ( e > STF_FAIL) {
		/* we do not send a notify because we are the initiator that could be responding to an error notification */
		int v2_notify_num = e - STF_FAIL;
		DBG_log(
			""ikev2_parent_inI2outR2_tail returned STF_FAIL with %s"",
			enum_name(&ikev2_notify_names, v2_notify_num));
	} else if ( e != STF_OK) {
		DBG_log(""ikev2_parent_inI2outR2_tail returned %s"",
			enum_name(&stfstatus_name, e));
	}

	if (dh->md != NULL) {
		complete_v2_state_transition(&dh->md, e);
		if (dh->md)
 			release_md(dh->md);
 	}
 	reset_globals();
	passert(GLOBALS_ARE_RESET());
 }
"
37027,CWE-20,14B,Qwen2.5-Coder-14B-Instruct,perturbed,"The vulnerability in this C code is a potential buffer overflow. The function `ikev2_parent_inI2outR2_continue` takes three parameters: `var_4`, `var_5`, and `var_7`. However, there is no check on the size of these parameters before they are used in the function. This can lead to a buffer overflow if the input data is larger than the allocated memory for the variables. This is dangerous because it can allow an attacker to execute arbitrary code or crash the program. To fix this vulnerability, the code should include checks on the size of the input data before it is used. Additionally, the use of `passert` statements can help catch errors early in the development process, but they should not be relied upon as a security measure. Instead, proper input validation should be implemented to prevent buffer overflows. ``` ``` ``` ``` ``` ``` ``` ``` ``` ``` ``` ``` ``` ``` ``` ``` ``` ``` ``` ``` ``` ``` ``` ``` ``` ``` ``` ``` ``` ``` ``` ``` ``` ``` ``` ``` ``` ``` ``` ``` ``` ``` ``` ``` ``` ``` ``` ``` ``` ``` ``` ``` ``` ``` ``` ``` ``` ``` ``` ``` ``` ``` ``` ``` ``` ``` ``` ``` ``` ``` ``` ``` ``` ``` ``` ``` ``` ``` ``` ``` ``` ``` ``` ``` ``` ``` ``` ``` ``` ``` ``` ``` ``` ``` ``` ``` ``` ``` ``` ``` ``` ``` ``` ``` ``` ``` ``` ``` ``` ``` ``` ``` ``` ``` ``` ``` ``` ``` ``` ``` ``` ``` ``` ``` ``` ``` ``` ``` ``` ``` ``` ``` ``` ``` ``` ``` ``` ``` ``` ``` ``` ``` ``` ``` ``` ``` ``` ``` ``` ``` ``` ``` ``` ``` ``` ``` ``` ``` ``` ``` ``` ``` ``` ``` ``` ``` ``` ``` ``` ``` ``` ``` ``` ``` ``` ``` ``` ``` ``` ``` ``` ``` ``` ``` ``` ``` ``` ``` ``` ``` ``` ``` ``` ``` ``` ``` ``` ``` ``` ``` ``` ``` ``` ``` ``` ``` ``` ``` ``` ``` ``` ``` ``` ``` ``` ``` ``` ``` ``` ``` ``` ``` ``` ``` ``` ``` ``` ``` ``` ``` ``` ``` ``` ``` ``` ``` ``` ``` ``` ``` ``` ``` ``` ``` ``` ``` ``` ``` ``` ``` ``` ``` ``` ``` ``` ``` ``` ``` ``` ``` ``` ``` ``` ``` ``` ``` ``` ``` ``` ``` ``` ``` ``` ``` ``` ``` ``` ``` ``` ``` ``` ``` ``` ``` ``` ``` ``` ``` ``` ``` ``` ``` ``` ``` ``` ``` ``` ``` ``` ``` ``` ``` ``` ``` ``` ``` ``` ``` ``` ``` ``` ``` ``` ``` ``` ``` ``` ``` ``` ``` ``` ``` ``` ``` ``` ``` ``` ``` ``` ``` ``` ``` ``` ``` ``` ``` ``` ```","static void ikev2_parent_inI2outR2_continue(struct pluto_crypto_req_cont *var_4,
					    struct pluto_crypto_req *var_5,
					    err_t var_7)
{
	struct dh_continuation *var_1 = (struct dh_continuation *)var_4;
	struct msg_digest *var_3 = var_1->md;
	struct state *const var_6 = var_3->st;
	stf_status var_2;

	DBG(DBG_CONTROLMORE,
	    DBG_log(""ikev2 parent inI2outR2: calculating g^{xy}, sending R2""));

	if (var_6 == NULL) {
		loglog(RC_LOG_SERIOUS,
		       ""%s: Request was disconnected from state"",
		       __FUNCTION__);
		if (var_1->md)
			release_md(var_1->md);
		return;
	}

	/* XXX should check out ugh */
	passert(var_7 == NULL);
	passert(cur_state == NULL);
	passert(var_6 != NULL);

	passert(var_6->st_suspended_md == var_1->md);
	set_suspended(var_6, NULL); /* no longer connected or suspended */

	set_cur_state(var_6);

	var_6->st_calculating = FALSE;

	var_2 = ikev2_parent_inI2outR2_tail(var_4, var_5);
	if ( var_2 > STF_FAIL) {
		/* we do not send a notify because we are the initiator that could be responding to an error notification */
		int var_8 = var_2 - STF_FAIL;
		DBG_log(
			""ikev2_parent_inI2outR2_tail returned STF_FAIL with %s"",
			enum_name(&ikev2_notify_names, var_8));
	} else if ( var_2 != STF_OK) {
		DBG_log(""ikev2_parent_inI2outR2_tail returned %s"",
			enum_name(&stfstatus_name, var_2));
	}

	if (var_1->md != NULL) {
		complete_v2_state_transition(&var_1->md, var_2);
		if (var_1->md)
 			release_md(var_1->md);
 	}
 	reset_globals();
	passert(GLOBALS_ARE_RESET());
 }
"
83022,CWE-200,14B,Qwen2.5-Coder-14B-Instruct,baseline,"The vulnerability in this C code is a potential buffer overflow. The function `xmlCreateMemoryParserCtxt` takes a pointer to a buffer and its size as arguments. However, the code does not check if the buffer size is sufficient to hold the data being parsed. If the buffer size is too small, it can lead to a buffer overflow, which can be exploited by an attacker to execute arbitrary code or cause a denial of service. This is dangerous because it allows attackers to manipulate the memory of the program, potentially leading to unauthorized access or other malicious activities.
The vulnerability in this C code is a potential buffer overflow. The function `xmlCreateMemoryParserCtxt` takes a pointer to a buffer and its size as arguments. However, the code does not check if the buffer size is sufficient to hold the data being parsed. If the buffer size is too small, it can lead to a buffer overflow, which can be exploited by an attacker to execute arbitrary code or cause a denial of service. This is dangerous because it allows attackers to manipulate the memory of the program, potentially leading to unauthorized access or other malicious activities.","xmlDocPtr soap_xmlParseMemory(const void *buf, size_t buf_size)
{
	xmlParserCtxtPtr ctxt = NULL;
	xmlDocPtr ret;

/*
	xmlInitParser();
*/
 */
        ctxt = xmlCreateMemoryParserCtxt(buf, buf_size);
        if (ctxt) {
                ctxt->sax->ignorableWhitespace = soap_ignorableWhitespace;
                ctxt->sax->comment = soap_Comment;
                ctxt->sax->warning = NULL;
#if LIBXML_VERSION >= 20703
		ctxt->options |= XML_PARSE_HUGE;
#endif
		xmlParseDocument(ctxt);
		if (ctxt->wellFormed) {
			ret = ctxt->myDoc;
			if (ret->URL == NULL && ctxt->directory != NULL) {
				ret->URL = xmlCharStrdup(ctxt->directory);
			}
		} else {
			ret = NULL;
			xmlFreeDoc(ctxt->myDoc);
			ctxt->myDoc = NULL;
		}
		xmlFreeParserCtxt(ctxt);
	} else {
		ret = NULL;
	}

/*
	xmlCleanupParser();
*/

/*
	if (ret) {
		cleanup_xml_node((xmlNodePtr)ret);
	}
*/
	return ret;
}
"
83022,CWE-200,14B,Qwen2.5-Coder-14B-Instruct,perturbed,"The vulnerability in this C code is related to the use of the `xmlCreateMemoryParserCtxt` function. This function creates a parser context for parsing XML data from memory. However, the code does not check if the input data is well-formed XML before attempting to parse it. This can lead to a buffer overflow or other security issues if the input data contains malicious content that is not well-formed XML.
The vulnerability is dangerous because an attacker could exploit it to execute arbitrary code on the system running the vulnerable software. For example, an attacker could craft a specially crafted XML document that, when parsed by the vulnerable software, would cause a buffer overflow and allow the attacker to execute arbitrary code with the privileges of the user running the software. To mitigate this vulnerability, the code should include checks to ensure that the input data is well-formed XML before attempting to parse it.","xmlDocPtr soap_xmlParseMemory(const void *var_1, size_t var_2)
{
	xmlParserCtxtPtr var_3 = NULL;
	xmlDocPtr var_4;

/*
	xmlInitParser();
*/
 */
        var_3 = xmlCreateMemoryParserCtxt(var_1, var_2);
        if (var_3) {
                var_3->sax->ignorableWhitespace = soap_ignorableWhitespace;
                var_3->sax->comment = soap_Comment;
                var_3->sax->warning = NULL;
#if LIBXML_VERSION >= 20703
		var_3->options |= XML_PARSE_HUGE;
#endif
		xmlParseDocument(var_3);
		if (var_3->wellFormed) {
			var_4 = var_3->myDoc;
			if (var_4->URL == NULL && var_3->directory != NULL) {
				var_4->URL = xmlCharStrdup(var_3->directory);
			}
		} else {
			var_4 = NULL;
			xmlFreeDoc(var_3->myDoc);
			var_3->myDoc = NULL;
		}
		xmlFreeParserCtxt(var_3);
	} else {
		var_4 = NULL;
	}

/*
	xmlCleanupParser();
*/

/*
	if (ret) {
		cleanup_xml_node((xmlNodePtr)ret);
	}
*/
	return var_4;
}
"
25897,CWE-835,14B,Qwen2.5-Coder-14B-Instruct,baseline,");
                OHCI_SET_BM(iso_td.offset[relative_frame_number], TD_PSW_SIZE,
                            0);
                break;
            }
        }
    }

    if (ohci_put_iso_td(ohci, addr, &iso_td)) {
        ohci_die(ohci);
        return 1;
    }

    return 0;
}

The vulnerability in this C code is a potential buffer overflow. The vulnerability arises from the calculation of `len` and the subsequent use of `len` in the `ohci_copy_iso_td` function call. Specifically, the calculation of `len` can result in an integer overflow if the difference between `end_addr` and `start_addr` exceeds the maximum value that can be stored in a `size_t` variable. This can lead to `len` being set to a very small value, which can then be used as the size parameter in the `ohci_copy_iso_td` function call. This can cause the function to write beyond the bounds of the destination buffer, leading to a buffer overflow. The danger of this vulnerability is that it can allow an attacker to execute arbitrary code or crash the program. To fix this vulnerability, the code should check for integer overflow when calculating `len` and handle it appropriately. For example, the code could check if `end_addr` is less than `start_addr` and set `len` to 0 in that case. Alternatively, the code could use a larger data type for `len` that can hold the maximum possible value of the difference between `end_addr` and `start_addr`.","static int ohci_service_iso_td(OHCIState *ohci, struct ohci_ed *ed,
                               int completion)
{
    int dir;
    size_t len = 0;
    const char *str = NULL;
    int pid;
    int ret;
    int i;
    USBDevice *dev;
    USBEndpoint *ep;
    struct ohci_iso_td iso_td;
    uint32_t addr;
    uint16_t starting_frame;
    int16_t relative_frame_number;
    int frame_count;
    uint32_t start_offset, next_offset, end_offset = 0;
    uint32_t start_addr, end_addr;

    addr = ed->head & OHCI_DPTR_MASK;

     if (ohci_read_iso_td(ohci, addr, &iso_td)) {
         trace_usb_ohci_iso_td_read_failed(addr);
         ohci_die(ohci);
        return 0;
     }
 
     starting_frame = OHCI_BM(iso_td.flags, TD_SF);
    frame_count = OHCI_BM(iso_td.flags, TD_FC);
    relative_frame_number = USUB(ohci->frame_number, starting_frame); 

    trace_usb_ohci_iso_td_head(
           ed->head & OHCI_DPTR_MASK, ed->tail & OHCI_DPTR_MASK,
           iso_td.flags, iso_td.bp, iso_td.next, iso_td.be,
           ohci->frame_number, starting_frame,
           frame_count, relative_frame_number);
    trace_usb_ohci_iso_td_head_offset(
           iso_td.offset[0], iso_td.offset[1],
           iso_td.offset[2], iso_td.offset[3],
           iso_td.offset[4], iso_td.offset[5],
           iso_td.offset[6], iso_td.offset[7]);

    if (relative_frame_number < 0) {
        trace_usb_ohci_iso_td_relative_frame_number_neg(relative_frame_number);
        return 1;
    } else if (relative_frame_number > frame_count) {
        /* ISO TD expired - retire the TD to the Done Queue and continue with
           the next ISO TD of the same ED */
        trace_usb_ohci_iso_td_relative_frame_number_big(relative_frame_number,
                                                        frame_count);
        OHCI_SET_BM(iso_td.flags, TD_CC, OHCI_CC_DATAOVERRUN);
        ed->head &= ~OHCI_DPTR_MASK;
        ed->head |= (iso_td.next & OHCI_DPTR_MASK);
        iso_td.next = ohci->done;
        ohci->done = addr;
        i = OHCI_BM(iso_td.flags, TD_DI);
        if (i < ohci->done_count)
            ohci->done_count = i;
        if (ohci_put_iso_td(ohci, addr, &iso_td)) {
            ohci_die(ohci);
            return 1;
        }
        return 0;
    }

    dir = OHCI_BM(ed->flags, ED_D);
    switch (dir) {
    case OHCI_TD_DIR_IN:
        str = ""in"";
        pid = USB_TOKEN_IN;
        break;
    case OHCI_TD_DIR_OUT:
        str = ""out"";
        pid = USB_TOKEN_OUT;
        break;
    case OHCI_TD_DIR_SETUP:
        str = ""setup"";
        pid = USB_TOKEN_SETUP;
        break;
    default:
        trace_usb_ohci_iso_td_bad_direction(dir);
        return 1;
    }

    if (!iso_td.bp || !iso_td.be) {
        trace_usb_ohci_iso_td_bad_bp_be(iso_td.bp, iso_td.be);
        return 1;
    }

    start_offset = iso_td.offset[relative_frame_number];
    next_offset = iso_td.offset[relative_frame_number + 1];

    if (!(OHCI_BM(start_offset, TD_PSW_CC) & 0xe) || 
        ((relative_frame_number < frame_count) && 
         !(OHCI_BM(next_offset, TD_PSW_CC) & 0xe))) {
        trace_usb_ohci_iso_td_bad_cc_not_accessed(start_offset, next_offset);
        return 1;
    }

    if ((relative_frame_number < frame_count) && (start_offset > next_offset)) {
        trace_usb_ohci_iso_td_bad_cc_overrun(start_offset, next_offset);
        return 1;
    }

    if ((start_offset & 0x1000) == 0) {
        start_addr = (iso_td.bp & OHCI_PAGE_MASK) |
            (start_offset & OHCI_OFFSET_MASK);
    } else {
        start_addr = (iso_td.be & OHCI_PAGE_MASK) |
            (start_offset & OHCI_OFFSET_MASK);
    }

    if (relative_frame_number < frame_count) {
        end_offset = next_offset - 1;
        if ((end_offset & 0x1000) == 0) {
            end_addr = (iso_td.bp & OHCI_PAGE_MASK) |
                (end_offset & OHCI_OFFSET_MASK);
        } else {
            end_addr = (iso_td.be & OHCI_PAGE_MASK) |
                (end_offset & OHCI_OFFSET_MASK);
        }
    } else {
        /* Last packet in the ISO TD */
        end_addr = iso_td.be;
    }

    if ((start_addr & OHCI_PAGE_MASK) != (end_addr & OHCI_PAGE_MASK)) {
        len = (end_addr & OHCI_OFFSET_MASK) + 0x1001
            - (start_addr & OHCI_OFFSET_MASK);
    } else {
        len = end_addr - start_addr + 1;
    }

    if (len && dir != OHCI_TD_DIR_IN) {
        if (ohci_copy_iso_td(ohci, start_addr, end_addr, ohci->usb_buf, len,
                             DMA_DIRECTION_TO_DEVICE)) {
            ohci_die(ohci);
            return 1;
        }
    }

    if (!completion) {
        bool int_req = relative_frame_number == frame_count &&
                       OHCI_BM(iso_td.flags, TD_DI) == 0;
        dev = ohci_find_device(ohci, OHCI_BM(ed->flags, ED_FA));
        ep = usb_ep_get(dev, pid, OHCI_BM(ed->flags, ED_EN));
        usb_packet_setup(&ohci->usb_packet, pid, ep, 0, addr, false, int_req);
        usb_packet_addbuf(&ohci->usb_packet, ohci->usb_buf, len);
        usb_handle_packet(dev, &ohci->usb_packet);
        if (ohci->usb_packet.status == USB_RET_ASYNC) {
            usb_device_flush_ep_queue(dev, ep);
            return 1;
        }
    }
    if (ohci->usb_packet.status == USB_RET_SUCCESS) {
        ret = ohci->usb_packet.actual_length;
    } else {
        ret = ohci->usb_packet.status;
    }

    trace_usb_ohci_iso_td_so(start_offset, end_offset, start_addr, end_addr,
                             str, len, ret);

    /* Writeback */
    if (dir == OHCI_TD_DIR_IN && ret >= 0 && ret <= len) {
        /* IN transfer succeeded */
        if (ohci_copy_iso_td(ohci, start_addr, end_addr, ohci->usb_buf, ret,
                             DMA_DIRECTION_FROM_DEVICE)) {
            ohci_die(ohci);
            return 1;
        }
        OHCI_SET_BM(iso_td.offset[relative_frame_number], TD_PSW_CC,
                    OHCI_CC_NOERROR);
        OHCI_SET_BM(iso_td.offset[relative_frame_number], TD_PSW_SIZE, ret);
    } else if (dir == OHCI_TD_DIR_OUT && ret == len) {
        /* OUT transfer succeeded */
        OHCI_SET_BM(iso_td.offset[relative_frame_number], TD_PSW_CC,
                    OHCI_CC_NOERROR);
        OHCI_SET_BM(iso_td.offset[relative_frame_number], TD_PSW_SIZE, 0);
    } else {
        if (ret > (ssize_t) len) {
            trace_usb_ohci_iso_td_data_overrun(ret, len);
            OHCI_SET_BM(iso_td.offset[relative_frame_number], TD_PSW_CC,
                        OHCI_CC_DATAOVERRUN);
            OHCI_SET_BM(iso_td.offset[relative_frame_number], TD_PSW_SIZE,
                        len);
        } else if (ret >= 0) {
            trace_usb_ohci_iso_td_data_underrun(ret);
            OHCI_SET_BM(iso_td.offset[relative_frame_number], TD_PSW_CC,
                        OHCI_CC_DATAUNDERRUN);
        } else {
            switch (ret) {
            case USB_RET_IOERROR:
            case USB_RET_NODEV:
                OHCI_SET_BM(iso_td.offset[relative_frame_number], TD_PSW_CC,
                            OHCI_CC_DEVICENOTRESPONDING);
                OHCI_SET_BM(iso_td.offset[relative_frame_number], TD_PSW_SIZE,
                            0);
                break;
            case USB_RET_NAK:
            case USB_RET_STALL:
                trace_usb_ohci_iso_td_nak(ret);
                OHCI_SET_BM(iso_td.offset[relative_frame_number], TD_PSW_CC,
                            OHCI_CC_STALL);
                OHCI_SET_BM(iso_td.offset[relative_frame_number], TD_PSW_SIZE,
                            0);
                break;
            default:
                trace_usb_ohci_iso_td_bad_response(ret);
                OHCI_SET_BM(iso_td.offset[relative_frame_number], TD_PSW_CC,
                            OHCI_CC_UNDEXPETEDPID);
                break;
            }
        }
    }

    if (relative_frame_number == frame_count) {
        /* Last data packet of ISO TD - retire the TD to the Done Queue */
        OHCI_SET_BM(iso_td.flags, TD_CC, OHCI_CC_NOERROR);
        ed->head &= ~OHCI_DPTR_MASK;
        ed->head |= (iso_td.next & OHCI_DPTR_MASK);
        iso_td.next = ohci->done;
        ohci->done = addr;
        i = OHCI_BM(iso_td.flags, TD_DI);
        if (i < ohci->done_count)
            ohci->done_count = i;
    }
    if (ohci_put_iso_td(ohci, addr, &iso_td)) {
        ohci_die(ohci);
    }
    return 1;
}
"
25897,CWE-835,14B,Qwen2.5-Coder-14B-Instruct,perturbed,"} else {
        /* Transfer failed */
        OHCI_SET_BM(var_11.offset[var_15], TD_PSW_CC,
                    OHCI_CC_STALL);
    }

    if (ohci_put_iso_td(var_13, var_1, &var_11)) {
        ohci_die(var_13);
        return 1;
    }

    return 0;
}

The vulnerability in this C code is a potential buffer overflow. The vulnerability arises from the calculation of `var_12` which determines the size of the data to be copied between buffers. If `var_12` is calculated incorrectly or if the values used in its calculation are not properly validated, it could result in copying more data than the destination buffer can hold, leading to a buffer overflow.

The specific line where the vulnerability occurs is:

```c
var_12 = (end_addr & OHCI_OFFSET_MASK) + 0x1001
    - (var_17 & OHCI_OFFSET_MASK);
```

This calculation assumes that `end_addr` and `var_17` are within the same page, but if they are not, the calculation could result in an incorrect value for `var_12`. This could lead to copying more data than the destination buffer can hold, resulting in a buffer overflow.

To mitigate this vulnerability, the code should include additional checks to ensure that `end_addr` and `var_17` are within the same page before performing the calculation. Additionally, the code should validate the values used in the calculation to ensure that they are within expected ranges.","static int ohci_service_iso_td(OHCIState *var_13, struct ohci_ed *var_5,
                               int var_2)
{
    int var_4;
    size_t var_12 = 0;
    const char *var_20 = NULL;
    int var_14;
    int var_16;
    int var_9;
    USBDevice *var_3;
    USBEndpoint *var_7;
    struct ohci_iso_td var_11;
    uint32_t var_1;
    uint16_t var_19;
    int16_t var_15;
    int var_8;
    uint32_t var_18, next_offset, var_6 = 0;
    uint32_t var_17, end_addr;

    var_1 = var_5->head & OHCI_DPTR_MASK;

     if (ohci_read_iso_td(var_13, var_1, &var_11)) {
         trace_usb_ohci_iso_td_read_failed(var_1);
         ohci_die(var_13);
        return 0;
     }
 
     var_19 = OHCI_BM(var_11.flags, TD_SF);
    var_8 = OHCI_BM(var_11.flags, TD_FC);
    var_15 = USUB(var_13->frame_number, var_19); 

    trace_usb_ohci_iso_td_head(
           var_5->head & OHCI_DPTR_MASK, var_5->tail & OHCI_DPTR_MASK,
           var_11.flags, var_11.bp, var_11.next, var_11.be,
           var_13->frame_number, var_19,
           var_8, var_15);
    trace_usb_ohci_iso_td_head_offset(
           var_11.offset[0], var_11.offset[1],
           var_11.offset[2], var_11.offset[3],
           var_11.offset[4], var_11.offset[5],
           var_11.offset[6], var_11.offset[7]);

    if (var_15 < 0) {
        trace_usb_ohci_iso_td_relative_frame_number_neg(var_15);
        return 1;
    } else if (var_15 > var_8) {
        /* ISO TD expired - retire the TD to the Done Queue and continue with
           the next ISO TD of the same ED */
        trace_usb_ohci_iso_td_relative_frame_number_big(var_15,
                                                        var_8);
        OHCI_SET_BM(var_11.flags, TD_CC, OHCI_CC_DATAOVERRUN);
        var_5->head &= ~OHCI_DPTR_MASK;
        var_5->head |= (var_11.next & OHCI_DPTR_MASK);
        var_11.next = var_13->done;
        var_13->done = var_1;
        var_9 = OHCI_BM(var_11.flags, TD_DI);
        if (var_9 < var_13->done_count)
            var_13->done_count = var_9;
        if (ohci_put_iso_td(var_13, var_1, &var_11)) {
            ohci_die(var_13);
            return 1;
        }
        return 0;
    }

    var_4 = OHCI_BM(var_5->flags, ED_D);
    switch (var_4) {
    case OHCI_TD_DIR_IN:
        var_20 = ""in"";
        var_14 = USB_TOKEN_IN;
        break;
    case OHCI_TD_DIR_OUT:
        var_20 = ""out"";
        var_14 = USB_TOKEN_OUT;
        break;
    case OHCI_TD_DIR_SETUP:
        var_20 = ""setup"";
        var_14 = USB_TOKEN_SETUP;
        break;
    default:
        trace_usb_ohci_iso_td_bad_direction(var_4);
        return 1;
    }

    if (!var_11.bp || !var_11.be) {
        trace_usb_ohci_iso_td_bad_bp_be(var_11.bp, var_11.be);
        return 1;
    }

    var_18 = var_11.offset[var_15];
    next_offset = var_11.offset[var_15 + 1];

    if (!(OHCI_BM(var_18, TD_PSW_CC) & 0xe) || 
        ((var_15 < var_8) && 
         !(OHCI_BM(next_offset, TD_PSW_CC) & 0xe))) {
        trace_usb_ohci_iso_td_bad_cc_not_accessed(var_18, next_offset);
        return 1;
    }

    if ((var_15 < var_8) && (var_18 > next_offset)) {
        trace_usb_ohci_iso_td_bad_cc_overrun(var_18, next_offset);
        return 1;
    }

    if ((var_18 & 0x1000) == 0) {
        var_17 = (var_11.bp & OHCI_PAGE_MASK) |
            (var_18 & OHCI_OFFSET_MASK);
    } else {
        var_17 = (var_11.be & OHCI_PAGE_MASK) |
            (var_18 & OHCI_OFFSET_MASK);
    }

    if (var_15 < var_8) {
        var_6 = next_offset - 1;
        if ((var_6 & 0x1000) == 0) {
            end_addr = (var_11.bp & OHCI_PAGE_MASK) |
                (var_6 & OHCI_OFFSET_MASK);
        } else {
            end_addr = (var_11.be & OHCI_PAGE_MASK) |
                (var_6 & OHCI_OFFSET_MASK);
        }
    } else {
        /* Last packet in the ISO TD */
        end_addr = var_11.be;
    }

    if ((var_17 & OHCI_PAGE_MASK) != (end_addr & OHCI_PAGE_MASK)) {
        var_12 = (end_addr & OHCI_OFFSET_MASK) + 0x1001
            - (var_17 & OHCI_OFFSET_MASK);
    } else {
        var_12 = end_addr - var_17 + 1;
    }

    if (var_12 && var_4 != OHCI_TD_DIR_IN) {
        if (ohci_copy_iso_td(var_13, var_17, end_addr, var_13->usb_buf, var_12,
                             DMA_DIRECTION_TO_DEVICE)) {
            ohci_die(var_13);
            return 1;
        }
    }

    if (!var_2) {
        bool var_10 = var_15 == var_8 &&
                       OHCI_BM(var_11.flags, TD_DI) == 0;
        var_3 = ohci_find_device(var_13, OHCI_BM(var_5->flags, ED_FA));
        var_7 = usb_ep_get(var_3, var_14, OHCI_BM(var_5->flags, ED_EN));
        usb_packet_setup(&var_13->usb_packet, var_14, var_7, 0, var_1, false, var_10);
        usb_packet_addbuf(&var_13->usb_packet, var_13->usb_buf, var_12);
        usb_handle_packet(var_3, &var_13->usb_packet);
        if (var_13->usb_packet.status == USB_RET_ASYNC) {
            usb_device_flush_ep_queue(var_3, var_7);
            return 1;
        }
    }
    if (var_13->usb_packet.status == USB_RET_SUCCESS) {
        var_16 = var_13->usb_packet.actual_length;
    } else {
        var_16 = var_13->usb_packet.status;
    }

    trace_usb_ohci_iso_td_so(var_18, var_6, var_17, end_addr,
                             var_20, var_12, var_16);

    /* Writeback */
    if (var_4 == OHCI_TD_DIR_IN && var_16 >= 0 && var_16 <= var_12) {
        /* IN transfer succeeded */
        if (ohci_copy_iso_td(var_13, var_17, end_addr, var_13->usb_buf, var_16,
                             DMA_DIRECTION_FROM_DEVICE)) {
            ohci_die(var_13);
            return 1;
        }
        OHCI_SET_BM(var_11.offset[var_15], TD_PSW_CC,
                    OHCI_CC_NOERROR);
        OHCI_SET_BM(var_11.offset[var_15], TD_PSW_SIZE, var_16);
    } else if (var_4 == OHCI_TD_DIR_OUT && var_16 == var_12) {
        /* OUT transfer succeeded */
        OHCI_SET_BM(var_11.offset[var_15], TD_PSW_CC,
                    OHCI_CC_NOERROR);
        OHCI_SET_BM(var_11.offset[var_15], TD_PSW_SIZE, 0);
    } else {
        if (var_16 > (ssize_t) var_12) {
            trace_usb_ohci_iso_td_data_overrun(var_16, var_12);
            OHCI_SET_BM(var_11.offset[var_15], TD_PSW_CC,
                        OHCI_CC_DATAOVERRUN);
            OHCI_SET_BM(var_11.offset[var_15], TD_PSW_SIZE,
                        var_12);
        } else if (var_16 >= 0) {
            trace_usb_ohci_iso_td_data_underrun(var_16);
            OHCI_SET_BM(var_11.offset[var_15], TD_PSW_CC,
                        OHCI_CC_DATAUNDERRUN);
        } else {
            switch (var_16) {
            case USB_RET_IOERROR:
            case USB_RET_NODEV:
                OHCI_SET_BM(var_11.offset[var_15], TD_PSW_CC,
                            OHCI_CC_DEVICENOTRESPONDING);
                OHCI_SET_BM(var_11.offset[var_15], TD_PSW_SIZE,
                            0);
                break;
            case USB_RET_NAK:
            case USB_RET_STALL:
                trace_usb_ohci_iso_td_nak(var_16);
                OHCI_SET_BM(var_11.offset[var_15], TD_PSW_CC,
                            OHCI_CC_STALL);
                OHCI_SET_BM(var_11.offset[var_15], TD_PSW_SIZE,
                            0);
                break;
            default:
                trace_usb_ohci_iso_td_bad_response(var_16);
                OHCI_SET_BM(var_11.offset[var_15], TD_PSW_CC,
                            OHCI_CC_UNDEXPETEDPID);
                break;
            }
        }
    }

    if (var_15 == var_8) {
        /* Last data packet of ISO TD - retire the TD to the Done Queue */
        OHCI_SET_BM(var_11.flags, TD_CC, OHCI_CC_NOERROR);
        var_5->head &= ~OHCI_DPTR_MASK;
        var_5->head |= (var_11.next & OHCI_DPTR_MASK);
        var_11.next = var_13->done;
        var_13->done = var_1;
        var_9 = OHCI_BM(var_11.flags, TD_DI);
        if (var_9 < var_13->done_count)
            var_13->done_count = var_9;
    }
    if (ohci_put_iso_td(var_13, var_1, &var_11)) {
        ohci_die(var_13);
    }
    return 1;
}
"
128747,CWE-20,14B,Qwen2.5-Coder-14B-Instruct,baseline,"The vulnerability in this C++ code is related to the use of `base::Unretained(this)` in the `base::Bind` function. This can lead to a use-after-free error if the `WebContentsImpl` object is destroyed before the bound callback is executed. The `base::Unretained` function does not manage the lifetime of the object, so if the object is deleted, the callback will still try to access it, leading to undefined behavior and potential security issues.

To fix this vulnerability, you should use `base::RetainedRef(this)` instead of `base::Unretained(this)`. This will ensure that the `WebContentsImpl` object is kept alive as long as the callback is pending execution.

Here's the corrected code:

```cpp
void WebContentsImpl::RunJavaScriptDialog(RenderFrameHost* render_frame_host,
                                          const base::string16& message,
                                          const base::string16& default_prompt,
                                          const GURL& frame_url,
                                          JavaScriptDialogType dialog_type,
                                          IPC::Message* reply_msg) {
  bool suppress_this_message =
      ShowingInterstitialPage() || !delegate_ ||
      delegate_->ShouldSuppressDialogs(this) ||
      !delegate_->GetJavaScriptDialogManager(this);

  if (!suppress_this_message) {
    is_showing_javascript_dialog_ = true;
    dialog_manager_ = delegate_->GetJavaScriptDialogManager(this);
    dialog_manager_->RunJavaScriptDialog(
        this, frame_url, dialog_type, message, default_prompt,
        base::Bind(&WebContentsImpl::OnDialogClosed, base::RetainedRef(this),
                   render_frame_host->GetProcess()->GetID(),
                   render_frame_host->GetRoutingID(), reply_msg, false),
        &suppress_this_message);
  }

  if (suppress_this_message) {
    OnDialogClosed(render_frame_host->GetProcess()->GetID(),
                   render_frame_host->GetRoutingID(), reply_msg,
                   true, false, base::string16());
  }
}
```

This change ensures that the `WebContentsImpl` object remains valid until the callback is executed, preventing use-after-free errors and improving the overall safety of the code.","void WebContentsImpl::RunJavaScriptDialog(RenderFrameHost* render_frame_host,
                                          const base::string16& message,
                                          const base::string16& default_prompt,
                                           const GURL& frame_url,
                                           JavaScriptDialogType dialog_type,
                                           IPC::Message* reply_msg) {
  bool suppress_this_message =
      ShowingInterstitialPage() || !delegate_ ||
      delegate_->ShouldSuppressDialogs(this) ||
      !delegate_->GetJavaScriptDialogManager(this);

  if (!suppress_this_message) {
    is_showing_javascript_dialog_ = true;
    dialog_manager_ = delegate_->GetJavaScriptDialogManager(this);
    dialog_manager_->RunJavaScriptDialog(
        this, frame_url, dialog_type, message, default_prompt,
        base::Bind(&WebContentsImpl::OnDialogClosed, base::Unretained(this),
                   render_frame_host->GetProcess()->GetID(),
                   render_frame_host->GetRoutingID(), reply_msg, false),
        &suppress_this_message);
  }

  if (suppress_this_message) {
    OnDialogClosed(render_frame_host->GetProcess()->GetID(),
                   render_frame_host->GetRoutingID(), reply_msg,
                   true, false, base::string16());
  }
}
"
128747,CWE-20,14B,Qwen2.5-Coder-14B-Instruct,perturbed,"The vulnerability in this C++ code is related to the use of `base::Unretained(this)` in the `base::Bind` function. This can lead to a use-after-free error if the object (`this`) is deleted before the bound callback is executed. This is dangerous because it can result in arbitrary code execution or crashes, potentially leading to security vulnerabilities such as privilege escalation or data corruption.

To mitigate this vulnerability, you should ensure that the object remains valid for the duration of the callback's execution. One way to do this is by using `base::RetainedRef(this)` instead of `base::Unretained(this)`, which will keep a reference to the object until the callback is executed. Additionally, you should review the code to ensure that there are no other potential use-after-free issues.

```cpp
// Mitigated code snippet
void WebContentsImpl::RunJavaScriptDialog(RenderFrameHost* var_5,
                                          const base::string16& var_4,
                                          const base::string16& var_1,
                                          const GURL& var_3,
                                          JavaScriptDialogType var_2,
                                          IPC::Message* var_6) {
  bool var_7 =
      ShowingInterstitialPage() || !delegate_ ||
      delegate_->ShouldSuppressDialogs(this) ||
      !delegate_->GetJavaScriptDialogManager(this);

  if (!var_7) {
    is_showing_javascript_dialog_ = true;
    dialog_manager_ = delegate_->GetJavaScriptDialogManager(this);
    dialog_manager_->RunJavaScriptDialog(
        this, var_3, var_2, var_4, var_1,
        base::Bind(&WebContentsImpl::OnDialogClosed, base::RetainedRef(this),
                   var_5->GetProcess()->GetID(),
                   var_5->GetRoutingID(), var_6, false),
        &var_7);
  }

  if (var_7) {
    OnDialogClosed(var_5->GetProcess()->GetID(),
                   var_5->GetRoutingID(), var_6,
                   true, false, base::string16());
  }
}
```

In the mitigated code, `base::RetainedRef(this)` is used instead of `base::Unretained(this)`. This ensures that the `WebContentsImpl` object remains valid until the `OnDialogClosed` callback is executed, thus preventing use-after-free errors.","void WebContentsImpl::RunJavaScriptDialog(RenderFrameHost* var_5,
                                          const base::string16& var_4,
                                          const base::string16& var_1,
                                           const GURL& var_3,
                                           JavaScriptDialogType var_2,
                                           IPC::Message* var_6) {
  bool var_7 =
      ShowingInterstitialPage() || !delegate_ ||
      delegate_->ShouldSuppressDialogs(this) ||
      !delegate_->GetJavaScriptDialogManager(this);

  if (!var_7) {
    is_showing_javascript_dialog_ = true;
    dialog_manager_ = delegate_->GetJavaScriptDialogManager(this);
    dialog_manager_->RunJavaScriptDialog(
        this, var_3, var_2, var_4, var_1,
        base::Bind(&WebContentsImpl::OnDialogClosed, base::Unretained(this),
                   var_5->GetProcess()->GetID(),
                   var_5->GetRoutingID(), var_6, false),
        &var_7);
  }

  if (var_7) {
    OnDialogClosed(var_5->GetProcess()->GetID(),
                   var_5->GetRoutingID(), var_6,
                   true, false, base::string16());
  }
}
"
86907,CWE-119,14B,Qwen2.5-Coder-14B-Instruct,baseline,"'); */
			if(free < 4096) {	/* si on peut encore ajouter a l'alphabet */
				ab_prfx[free] = old_code;	/* add to the prefix table */
				ab_suffx[free] = casspecial;	/* add to the suffix table */
				free++;
				if((free > context.max) && (context.nbbit < 12)) {
					context.nbbit++;
					context.max = (1 << context.nbbit) - 1;
				}
			}
			old_code = read_byt;
		}
	}
}

The vulnerability in the provided C code is a buffer overflow in the `ab_stack` array. The `ab_stack` array is declared with a size of 4096 bytes, but the code does not properly check if the `stackp` pointer goes out of bounds when pushing elements onto the stack. Specifically, the following lines are problematic:

```c
*(--stackp) = casspecial; /* dernier debut de chaine ! */
```

and

```c
*(--stackp) = ab_suffx[act_code];
```

If the `stackp` pointer decrements below the beginning of the `ab_stack` array, it will write to memory outside the bounds of the array, leading to a buffer overflow. This can result in undefined behavior, including overwriting other variables, corrupting data, or even executing arbitrary code if an attacker can control the input.

To fix this vulnerability, you should add checks to ensure that `stackp` does not go below the start of the `ab_stack` array. For example, you could add a condition to check if `stackp` is greater than or equal to the address of the first element of `ab_stack` before performing any writes. Here is an example of how you might modify the code to include such checks:

```c
if (stackp >= ab_stack) {
    *(--stackp) = casspecial; /* dernier debut de chaine ! */
} else {
    // Handle error, e.g., log an error message or terminate the program
}
```

You would need to add similar checks for the other places where `stackp` is decremented. Additionally, you should consider using safer data structures or libraries that automatically handle bounds checking to prevent such vulnerabilities.","static int DecodeGifImg(struct ngiflib_img * i) {
	struct ngiflib_decode_context context;
	long npix;
	u8 * stackp;
	u8 * stack_top;
	u16 clr;
	u16 eof;
	u16 free;
	u16 act_code = 0;
	u16 old_code = 0;
	u16 read_byt;
	u16 ab_prfx[4096];
	u8 ab_suffx[4096];
	u8 ab_stack[4096];
	u8 flags;
	u8 casspecial = 0;

	if(!i) return -1;

	i->posX = GetWord(i->parent);	/* offsetX */
	i->posY = GetWord(i->parent);	/* offsetY */
	i->width = GetWord(i->parent);	/* SizeX   */
	i->height = GetWord(i->parent);	/* SizeY   */

	if((i->width > i->parent->width) || (i->height > i->parent->height)) {
#if !defined(NGIFLIB_NO_FILE)
		if(i->parent->log) fprintf(i->parent->log, ""*** ERROR *** Image bigger than global GIF canvas !\n"");
#endif
		return -1;
	}
	if((i->posX + i->width) > i->parent->width) {
#if !defined(NGIFLIB_NO_FILE)
		if(i->parent->log) fprintf(i->parent->log, ""*** WARNING *** Adjusting X position\n"");
#endif
		i->posX = i->parent->width - i->width;
	}
	if((i->posY + i->height) > i->parent->height) {
#if !defined(NGIFLIB_NO_FILE)
		if(i->parent->log) fprintf(i->parent->log, ""*** WARNING *** Adjusting Y position\n"");
#endif
		i->posY = i->parent->height - i->height;
	}
	context.Xtogo = i->width;
	context.curY = i->posY;
#ifdef NGIFLIB_INDEXED_ONLY
	#ifdef NGIFLIB_ENABLE_CALLBACKS
	context.line_p.p8 = i->parent->frbuff.p8 + (u32)i->posY*i->parent->width;
	context.frbuff_p.p8 = context.line_p.p8 + i->posX;
	#else
	context.frbuff_p.p8 = i->parent->frbuff.p8 + (u32)i->posY*i->parent->width + i->posX;
	#endif /* NGIFLIB_ENABLE_CALLBACKS */
#else
	if(i->parent->mode & NGIFLIB_MODE_INDEXED) {
		#ifdef NGIFLIB_ENABLE_CALLBACKS
		context.line_p.p8 = i->parent->frbuff.p8 + (u32)i->posY*i->parent->width;
		context.frbuff_p.p8 = context.line_p.p8 + i->posX;
		#else
		context.frbuff_p.p8 = i->parent->frbuff.p8 + (u32)i->posY*i->parent->width + i->posX;
		#endif /* NGIFLIB_ENABLE_CALLBACKS */
	} else {
		#ifdef NGIFLIB_ENABLE_CALLBACKS
		context.line_p.p32 = i->parent->frbuff.p32 + (u32)i->posY*i->parent->width;
		context.frbuff_p.p32 = context.line_p.p32 + i->posX;
		#else
		context.frbuff_p.p32 = i->parent->frbuff.p32 + (u32)i->posY*i->parent->width + i->posX;
		#endif /* NGIFLIB_ENABLE_CALLBACKS */
	}
#endif /* NGIFLIB_INDEXED_ONLY */

	npix = (long)i->width * i->height;
	flags = GetByte(i->parent);
	i->interlaced = (flags & 64) >> 6;
	context.pass = i->interlaced ? 1 : 0;
	i->sort_flag = (flags & 32) >> 5;	/* is local palette sorted by color frequency ? */
	i->localpalbits = (flags & 7) + 1;
	if(flags&128) { /* palette locale */
		int k;
		int localpalsize = 1 << i->localpalbits;
#if !defined(NGIFLIB_NO_FILE)
		if(i->parent && i->parent->log) fprintf(i->parent->log, ""Local palette\n"");
#endif /* !defined(NGIFLIB_NO_FILE) */
		i->palette = (struct ngiflib_rgb *)ngiflib_malloc(sizeof(struct ngiflib_rgb)*localpalsize);
		for(k=0; k<localpalsize; k++) {
			i->palette[k].r = GetByte(i->parent);
			i->palette[k].g = GetByte(i->parent);
			i->palette[k].b = GetByte(i->parent);
		}
#ifdef NGIFLIB_ENABLE_CALLBACKS
		if(i->parent->palette_cb) i->parent->palette_cb(i->parent, i->palette, localpalsize);
#endif /* NGIFLIB_ENABLE_CALLBACKS */
	} else {
		i->palette = i->parent->palette;
		i->localpalbits = i->parent->imgbits;
	}
	i->ncolors = 1 << i->localpalbits;
	
	i->imgbits = GetByte(i->parent);	/* LZW Minimum Code Size */

#if !defined(NGIFLIB_NO_FILE)
	if(i->parent && i->parent->log) {
		if(i->interlaced) fprintf(i->parent->log, ""interlaced "");
		fprintf(i->parent->log, ""img pos(%hu,%hu) size %hux%hu palbits=%hhu imgbits=%hhu ncolors=%hu\n"",
	       i->posX, i->posY, i->width, i->height, i->localpalbits, i->imgbits, i->ncolors);
	}
#endif /* !defined(NGIFLIB_NO_FILE) */

	if(i->imgbits==1) {	/* fix for 1bit images ? */
		i->imgbits = 2;
	}
	clr = 1 << i->imgbits;
	eof = clr + 1;
	free = clr + 2;
	context.nbbit = i->imgbits + 1;
	context.max = clr + clr - 1; /* (1 << context.nbbit) - 1 */
	stackp = stack_top = ab_stack + 4096;
	
	context.restbits = 0;	/* initialise le ""buffer"" de lecture */
	context.restbyte = 0;	/* des codes LZW */
	context.lbyte = 0;
	for(;;) {
		act_code = GetGifWord(i, &context);
		if(act_code==eof) {
#if !defined(NGIFLIB_NO_FILE)
			if(i->parent && i->parent->log) fprintf(i->parent->log, ""End of image code\n"");
#endif /* !defined(NGIFLIB_NO_FILE) */
			return 0;
		}
		if(npix==0) {
#if !defined(NGIFLIB_NO_FILE)
			if(i->parent && i->parent->log) fprintf(i->parent->log, ""assez de pixels, On se casse !\n"");
#endif /* !defined(NGIFLIB_NO_FILE) */
			return 1;
		}	
		if(act_code==clr) {
#if !defined(NGIFLIB_NO_FILE)
			if(i->parent && i->parent->log) fprintf(i->parent->log, ""Code clear (free=%hu) npix=%ld\n"", free, npix);
#endif /* !defined(NGIFLIB_NO_FILE) */
			/* clear */
			free = clr + 2;
			context.nbbit = i->imgbits + 1;
			context.max = clr + clr - 1; /* (1 << context.nbbit) - 1 */
 			act_code = GetGifWord(i, &context);
 			casspecial = (u8)act_code;
 			old_code = act_code;
			WritePixel(i, &context, casspecial); npix--;
 		} else {
 			read_byt = act_code;
 			if(act_code >= free) {	/* code pas encore dans alphabet */
/*				printf(""Code pas dans alphabet : %d>=%d push %d\n"", act_code, free, casspecial); */
				*(--stackp) = casspecial; /* dernier debut de chaine ! */
				act_code = old_code;
			}
/*			printf(""actcode=%d\n"", act_code); */
			while(act_code > clr) { /* code non concret */
				/* fillstackloop empile les suffixes ! */
				*(--stackp) = ab_suffx[act_code];
				act_code = ab_prfx[act_code];	/* prefixe */
			}
 			/* act_code est concret */
 			casspecial = (u8)act_code;	/* dernier debut de chaine ! */
 			*(--stackp) = casspecial;	/* push on stack */
			WritePixels(i, &context, stackp, stack_top - stackp);	/* unstack all pixels at once */
 			npix -= (stack_top - stackp);
 			stackp = stack_top;
 /*			putchar('\n'); */
			if(free < 4096) { /* la taille du dico est 4096 max ! */
				ab_prfx[free] = old_code;
				ab_suffx[free] = (u8)act_code;
				free++;
				if((free > context.max) && (context.nbbit < 12)) {
					context.nbbit++;	/* 1 bit de plus pour les codes LZW */
					context.max += context.max + 1;
				}
			}
			old_code = read_byt;
		}
			
	}
	return 0;
}
"
86907,CWE-119,14B,Qwen2.5-Coder-14B-Instruct,perturbed,") fprintf(var_11->parent->log, ""Too many pixels\n"");
#endif /* !defined(NGIFLIB_NO_FILE) */
			return -1;
		}
		if(var_4==var_10) {
			var_7.nbbit++;
			var_7.max = var_7.max + var_7.max + 1;
			var_7.restbits = 0;
			var_7.restbyte = 0;
			var_7.lbyte = 0;
			continue;
		}
		if(var_4>=var_7.max) {
#if !defined(NGIFLIB_NO_FILE)
			if(var_11->parent && var_11->parent->log) fprintf(var_11->parent->log, ""Invalid code\n"");
#endif /* !defined(NGIFLIB_NO_FILE) */
			return -1;
		}
		var_1[var_15] = var_4;
		var_15++;
		var_16 = var_4;
		while(var_16 >= var_6) {
			var_3[var_15] = var_2[var_16 - var_6];
			var_15++;
			var_16 = var_1[var_16 - var_6];
		}
		var_3[var_15] = var_2[var_16];
		var_15++;
		var_2[var_14] = var_2[var_16];
		var_14--;
		var_1[var_7.max] = var_1[var_16];
		var_2[var_7.max] = var_2[var_16];
		var_7.max++;
	}
}

The vulnerability in this C code is a buffer overflow. The code does not check if the number of pixels decoded exceeds the allocated buffer size, which can lead to writing beyond the bounds of the buffer. This can cause undefined behavior, crashes, or even security vulnerabilities such as code execution. The variable `var_14` is used to track the number of pixels left to decode, but it is not checked against the buffer size before writing to the buffer. To fix this vulnerability, the code should include a check to ensure that the number of pixels decoded does not exceed the buffer size. Additionally, the code should handle cases where the buffer size is exceeded gracefully, such as by returning an error or truncating","static int DecodeGifImg(struct ngiflib_img * var_11) {
	struct ngiflib_decode_context var_7;
	long var_14;
	u8 * var_18;
	u8 * var_17;
	u16 var_6;
	u16 var_8;
	u16 var_10;
	u16 var_4 = 0;
	u16 var_15 = 0;
	u16 var_16;
	u16 var_1[4096];
	u8 var_3[4096];
	u8 var_2[4096];
	u8 var_9;
	u8 var_5 = 0;

	if(!var_11) return -1;

	var_11->posX = GetWord(var_11->parent);	/* offsetX */
	var_11->posY = GetWord(var_11->parent);	/* offsetY */
	var_11->width = GetWord(var_11->parent);	/* SizeX   */
	var_11->height = GetWord(var_11->parent);	/* SizeY   */

	if((var_11->width > var_11->parent->width) || (var_11->height > var_11->parent->height)) {
#if !defined(NGIFLIB_NO_FILE)
		if(var_11->parent->log) fprintf(var_11->parent->log, ""*** ERROR *** Image bigger than global GIF canvas !\n"");
#endif
		return -1;
	}
	if((var_11->posX + var_11->width) > var_11->parent->width) {
#if !defined(NGIFLIB_NO_FILE)
		if(var_11->parent->log) fprintf(var_11->parent->log, ""*** WARNING *** Adjusting X position\n"");
#endif
		var_11->posX = var_11->parent->width - var_11->width;
	}
	if((var_11->posY + var_11->height) > var_11->parent->height) {
#if !defined(NGIFLIB_NO_FILE)
		if(var_11->parent->log) fprintf(var_11->parent->log, ""*** WARNING *** Adjusting Y position\n"");
#endif
		var_11->posY = var_11->parent->height - var_11->height;
	}
	var_7.Xtogo = var_11->width;
	var_7.curY = var_11->posY;
#ifdef NGIFLIB_INDEXED_ONLY
	#ifdef NGIFLIB_ENABLE_CALLBACKS
	var_7.line_p.p8 = var_11->parent->frbuff.p8 + (u32)var_11->posY*var_11->parent->width;
	var_7.frbuff_p.p8 = var_7.line_p.p8 + var_11->posX;
	#else
	var_7.frbuff_p.p8 = var_11->parent->frbuff.p8 + (u32)var_11->posY*var_11->parent->width + var_11->posX;
	#endif /* NGIFLIB_ENABLE_CALLBACKS */
#else
	if(var_11->parent->mode & NGIFLIB_MODE_INDEXED) {
		#ifdef NGIFLIB_ENABLE_CALLBACKS
		var_7.line_p.p8 = var_11->parent->frbuff.p8 + (u32)var_11->posY*var_11->parent->width;
		var_7.frbuff_p.p8 = var_7.line_p.p8 + var_11->posX;
		#else
		var_7.frbuff_p.p8 = var_11->parent->frbuff.p8 + (u32)var_11->posY*var_11->parent->width + var_11->posX;
		#endif /* NGIFLIB_ENABLE_CALLBACKS */
	} else {
		#ifdef NGIFLIB_ENABLE_CALLBACKS
		var_7.line_p.p32 = var_11->parent->frbuff.p32 + (u32)var_11->posY*var_11->parent->width;
		var_7.frbuff_p.p32 = var_7.line_p.p32 + var_11->posX;
		#else
		var_7.frbuff_p.p32 = var_11->parent->frbuff.p32 + (u32)var_11->posY*var_11->parent->width + var_11->posX;
		#endif /* NGIFLIB_ENABLE_CALLBACKS */
	}
#endif /* NGIFLIB_INDEXED_ONLY */

	var_14 = (long)var_11->width * var_11->height;
	var_9 = GetByte(var_11->parent);
	var_11->interlaced = (var_9 & 64) >> 6;
	var_7.pass = var_11->interlaced ? 1 : 0;
	var_11->sort_flag = (var_9 & 32) >> 5;	/* is local palette sorted by color frequency ? */
	var_11->localpalbits = (var_9 & 7) + 1;
	if(var_9&128) { /* palette locale */
		int var_12;
		int var_13 = 1 << var_11->localpalbits;
#if !defined(NGIFLIB_NO_FILE)
		if(var_11->parent && var_11->parent->log) fprintf(var_11->parent->log, ""Local palette\n"");
#endif /* !defined(NGIFLIB_NO_FILE) */
		var_11->palette = (struct ngiflib_rgb *)ngiflib_malloc(sizeof(struct ngiflib_rgb)*var_13);
		for(var_12=0; var_12<var_13; var_12++) {
			var_11->palette[var_12].r = GetByte(var_11->parent);
			var_11->palette[var_12].g = GetByte(var_11->parent);
			var_11->palette[var_12].b = GetByte(var_11->parent);
		}
#ifdef NGIFLIB_ENABLE_CALLBACKS
		if(var_11->parent->palette_cb) var_11->parent->palette_cb(var_11->parent, var_11->palette, var_13);
#endif /* NGIFLIB_ENABLE_CALLBACKS */
	} else {
		var_11->palette = var_11->parent->palette;
		var_11->localpalbits = var_11->parent->imgbits;
	}
	var_11->ncolors = 1 << var_11->localpalbits;
	
	var_11->imgbits = GetByte(var_11->parent);	/* LZW Minimum Code Size */

#if !defined(NGIFLIB_NO_FILE)
	if(var_11->parent && var_11->parent->log) {
		if(var_11->interlaced) fprintf(var_11->parent->log, ""interlaced "");
		fprintf(var_11->parent->log, ""img pos(%hu,%hu) size %hux%hu palbits=%hhu imgbits=%hhu ncolors=%hu\n"",
	       var_11->posX, var_11->posY, var_11->width, var_11->height, var_11->localpalbits, var_11->imgbits, var_11->ncolors);
	}
#endif /* !defined(NGIFLIB_NO_FILE) */

	if(var_11->imgbits==1) {	/* fix for 1bit images ? */
		var_11->imgbits = 2;
	}
	var_6 = 1 << var_11->imgbits;
	var_8 = var_6 + 1;
	var_10 = var_6 + 2;
	var_7.nbbit = var_11->imgbits + 1;
	var_7.max = var_6 + var_6 - 1; /* (1 << context.nbbit) - 1 */
	var_18 = var_17 = var_2 + 4096;
	
	var_7.restbits = 0;	/* initialise le ""buffer"" de lecture */
	var_7.restbyte = 0;	/* des codes LZW */
	var_7.lbyte = 0;
	for(;;) {
		var_4 = GetGifWord(var_11, &var_7);
		if(var_4==var_8) {
#if !defined(NGIFLIB_NO_FILE)
			if(var_11->parent && var_11->parent->log) fprintf(var_11->parent->log, ""End of image code\n"");
#endif /* !defined(NGIFLIB_NO_FILE) */
			return 0;
		}
		if(var_14==0) {
#if !defined(NGIFLIB_NO_FILE)
			if(var_11->parent && var_11->parent->log) fprintf(var_11->parent->log, ""assez de pixels, On se casse !\n"");
#endif /* !defined(NGIFLIB_NO_FILE) */
			return 1;
		}	
		if(var_4==var_6) {
#if !defined(NGIFLIB_NO_FILE)
			if(var_11->parent && var_11->parent->log) fprintf(var_11->parent->log, ""Code clear (free=%hu) npix=%ld\n"", var_10, var_14);
#endif /* !defined(NGIFLIB_NO_FILE) */
			/* clear */
			var_10 = var_6 + 2;
			var_7.nbbit = var_11->imgbits + 1;
			var_7.max = var_6 + var_6 - 1; /* (1 << context.nbbit) - 1 */
 			var_4 = GetGifWord(var_11, &var_7);
 			var_5 = (u8)var_4;
 			var_15 = var_4;
			WritePixel(var_11, &var_7, var_5); var_14--;
 		} else {
 			var_16 = var_4;
 			if(var_4 >= var_10) {	/* code pas encore dans alphabet */
/*				printf(""Code pas dans alphabet : %d>=%d push %d\n"", act_code, free, casspecial); */
				*(--var_18) = var_5; /* dernier debut de chaine ! */
				var_4 = var_15;
			}
/*			printf(""actcode=%d\n"", act_code); */
			while(var_4 > var_6) { /* code non concret */
				/* fillstackloop empile les suffixes ! */
				*(--var_18) = var_3[var_4];
				var_4 = var_1[var_4];	/* prefixe */
			}
 			/* act_code est concret */
 			var_5 = (u8)var_4;	/* dernier debut de chaine ! */
 			*(--var_18) = var_5;	/* push on stack */
			WritePixels(var_11, &var_7, var_18, var_17 - var_18);	/* unstack all pixels at once */
 			var_14 -= (var_17 - var_18);
 			var_18 = var_17;
 /*			putchar('\n'); */
			if(var_10 < 4096) { /* la taille du dico est 4096 max ! */
				var_1[var_10] = var_15;
				var_3[var_10] = (u8)var_4;
				var_10++;
				if((var_10 > var_7.max) && (var_7.nbbit < 12)) {
					var_7.nbbit++;	/* 1 bit de plus pour les codes LZW */
					var_7.max += var_7.max + 1;
				}
			}
			var_15 = var_16;
		}
			
	}
	return 0;
}
"
99607,CWE-787,14B,Qwen2.5-Coder-14B-Instruct,baseline,"The vulnerability in this C code is related to the use of the `realloc` function. If `realloc` fails to allocate the requested memory, it returns `NULL`, and the original memory block is not freed. This can lead to a memory leak if the code does not handle the failure case properly. In this code, the `goto fail` statement is used to jump to the cleanup section if `realloc` fails, but the cleanup section only frees the memory if `length > context->priv->PlaneBuffersLength`. However, this condition is also checked before the `realloc` calls, so if `realloc` fails, the memory will not be freed, leading to a memory leak. To fix this vulnerability, the code should free the original memory block if `realloc` fails, or it should ensure that the cleanup section is always executed regardless of whether `realloc` succeeds or fails. Additionally, the code should check for integer overflow when calculating `length` to prevent an overflow that could lead to an underallocation of memory. To fix this, the code should use a safe multiplication function that checks for overflow before performing the multiplication. Here is an example of how the code could be modified to fix these vulnerabilities:
```c
static BOOL nsc_context_initialize_encode(NSC_CONTEXT* context)
{
	int i;
	UINT32 length;
	UINT32 tempWidth;
	UINT32 tempHeight;
	tempWidth = ROUND_UP_TO(context->width, 8);
	tempHeight = ROUND_UP_TO(context->height, 2);
	/* The maximum length a decoded plane can reach in all cases */
	if (!safe_multiply(tempWidth, tempHeight, &length) || !safe_add(length, 16, &length))
	{
		return FALSE;
	}

	if (length > context->priv->PlaneBuffersLength)
	{
 		for (i = 0; i < 5; i++)
 		{
 			BYTE* tmp = (BYTE*) realloc(context->priv->PlaneBuffers[i], length);
 			if (!tmp)
 			{
				for (int j = 0; j < i; j++)
					free(context->priv->PlaneBuffers[j]);
				return FALSE;
			}
 
			context->priv->PlaneBuffers[i] = tmp;
		}

		context->priv->PlaneBuffersLength = length;
	}

	if (context->ChromaSubsamplingLevel)
	{
		context->OrgByteCount[0] = tempWidth * context->height;
		context->OrgByteCount[1","static BOOL nsc_context_initialize_encode(NSC_CONTEXT* context)
{
	int i;
	UINT32 length;
	UINT32 tempWidth;
	UINT32 tempHeight;
	tempWidth = ROUND_UP_TO(context->width, 8);
	tempHeight = ROUND_UP_TO(context->height, 2);
	/* The maximum length a decoded plane can reach in all cases */
	length = tempWidth * tempHeight + 16;

	if (length > context->priv->PlaneBuffersLength)
	{
 		for (i = 0; i < 5; i++)
 		{
 			BYTE* tmp = (BYTE*) realloc(context->priv->PlaneBuffers[i], length);
 			if (!tmp)
 				goto fail;
 
			context->priv->PlaneBuffers[i] = tmp;
		}

		context->priv->PlaneBuffersLength = length;
	}

	if (context->ChromaSubsamplingLevel)
	{
		context->OrgByteCount[0] = tempWidth * context->height;
		context->OrgByteCount[1] = tempWidth * tempHeight / 4;
		context->OrgByteCount[2] = tempWidth * tempHeight / 4;
		context->OrgByteCount[3] = context->width * context->height;
	}
	else
	{
		context->OrgByteCount[0] = context->width * context->height;
		context->OrgByteCount[1] = context->width * context->height;
		context->OrgByteCount[2] = context->width * context->height;
		context->OrgByteCount[3] = context->width * context->height;
	}

	return TRUE;
fail:

	if (length > context->priv->PlaneBuffersLength)
	{
		for (i = 0; i < 5; i++)
			free(context->priv->PlaneBuffers[i]);
	}

 	return FALSE;
 }
"
99607,CWE-787,14B,Qwen2.5-Coder-14B-Instruct,perturbed,"The vulnerability in this C code is an integer overflow. The variable `var_3` is calculated as `var_5 * var_4 + 16`, where `var_5` and `var_4` are derived from `var_1->width` and `var_1->height` respectively. If `var_1->width` or `var_1->height` is large enough, the multiplication of `var_5` and `var_4` can exceed the maximum value that can be stored in a `UINT32`. This results in an integer overflow, which can lead to `var_3` being a very small number instead of the expected large number. This can cause the subsequent memory allocation (`realloc`) to allocate much less memory than intended, potentially leading to buffer overflows or other memory corruption issues when the allocated memory is used later in the program. The danger lies in the fact that the program may not detect this error and continue to operate on insufficiently allocated memory, leading to undefined behavior and security vulnerabilities. To mitigate this, the code should check for potential overflow before performing the multiplication and addition operations.","static BOOL nsc_context_initialize_encode(NSC_CONTEXT* var_1)
{
	int var_2;
	UINT32 var_3;
	UINT32 var_5;
	UINT32 var_4;
	var_5 = ROUND_UP_TO(var_1->width, 8);
	var_4 = ROUND_UP_TO(var_1->height, 2);
	/* The maximum length a decoded plane can reach in all cases */
	var_3 = var_5 * var_4 + 16;

	if (var_3 > var_1->priv->PlaneBuffersLength)
	{
 		var_2 = 0;
while (var_2 < 5) {
    BYTE* var_6 = (BYTE*) realloc(var_1->priv->PlaneBuffers[var_2], var_3);
 			if (!var_6)
 				goto fail;
 
			var_1->priv->PlaneBuffers[var_2] = var_6;
    var_2++;
}

		var_1->priv->PlaneBuffersLength = var_3;
	}

	if (var_1->ChromaSubsamplingLevel)
	{
		var_1->OrgByteCount[0] = var_5 * var_1->height;
		var_1->OrgByteCount[1] = var_5 * var_4 / 4;
		var_1->OrgByteCount[2] = var_5 * var_4 / 4;
		var_1->OrgByteCount[3] = var_1->width * var_1->height;
	}
	else
	{
		var_1->OrgByteCount[0] = var_1->width * var_1->height;
		var_1->OrgByteCount[1] = var_1->width * var_1->height;
		var_1->OrgByteCount[2] = var_1->width * var_1->height;
		var_1->OrgByteCount[3] = var_1->width * var_1->height;
	}

	return TRUE;
fail:

	if (var_3 > var_1->priv->PlaneBuffersLength)
	{
		var_2 = 0;
while (var_2 < 5) {
    free(var_1->priv->PlaneBuffers[var_2]);
    var_2++;
}
	}

 	return FALSE;
 }
"
112487,CWE-119,14B,Qwen2.5-Coder-14B-Instruct,baseline,"The vulnerability in this C code is a buffer overflow. The memcpy function is used to copy data from the 'extra' parameter to the 'lp->StationName' buffer without checking if the length of the data being copied exceeds the size of the 'lp->StationName' buffer. This can lead to writing beyond the bounds of the buffer, potentially overwriting adjacent memory locations, which can cause program crashes or allow an attacker to execute arbitrary code with elevated privileges. To fix this vulnerability, the code should include a check to ensure that the length of the data being copied does not exceed the size of the 'lp->StationName' buffer before performing the memcpy operation. ``` ``` ``` ``` ``` ``` ``` ``` ``` ``` ``` ``` ``` ``` ``` ``` ``` ``` ``` ``` ``` ``` ``` ``` ``` ``` ``` ``` ``` ``` ``` ``` ``` ``` ``` ``` ``` ``` ``` ``` ``` ``` ``` ``` ``` ``` ``` ``` ``` ``` ``` ``` ``` ``` ``` ``` ``` ``` ``` ``` ``` ``` ``` ``` ``` ``` ``` ``` ``` ``` ``` ``` ``` ``` ``` ``` ``` ``` ``` ``` ``` ``` ``` ``` ``` ``` ``` ``` ``` ``` ``` ``` ``` ``` ``` ``` ``` ``` ``` ``` ``` ``` ``` ``` ``` ``` ``` ``` ``` ``` ``` ``` ``` ``` ``` ``` ``` ``` ``` ``` ``` ``` ``` ``` ``` ``` ``` ``` ``` ``` ``` ``` ``` ``` ``` ``` ``` ``` ``` ``` ``` ``` ``` ``` ``` ``` ``` ``` ``` ``` ``` ``` ``` ``` ``` ``` ``` ``` ``` ``` ``` ``` ``` ``` ``` ``` ``` ``` ``` ``` ``` ``` ``` ``` ``` ``` ``` ``` ``` ``` ``` ``` ``` ``` ``` ``` ``` ``` ``` ``` ``` ``` ``` ``` ``` ``` ``` ``` ``` ``` ``` ``` ``` ``` ``` ``` ``` ``` ``` ``` ``` ``` ``` ``` ``` ``` ``` ``` ``` ``` ``` ``` ``` ``` ``` ``` ``` ``` ``` ``` ``` ``` ``` ``` ``` ``` ``` ``` ``` ``` ``` ``` ``` ``` ``` ``` ``` ``` ``` ``` ``` ``` ``` ``` ``` ``` ``` ``` ``` ``` ``` ``` ``` ``` ``` ``` ``` ``` ``` ``` ``` ``` ``` ``` ``` ``` ``` ``` ``` ``` ``` ``` ``` ``` ``` ``` ``` ``` ``` ``` ``` ``` ``` ``` ``` ``` ``` ``` ``` ``` ``` ``` ``` ``` ``` ``` ``` ``` ``` ``` ``` ``` ``` ``` ``` ``` ``` ``` ``` ``` ``` ``` ``` ``` ``` ``` ``` ``` ``` ``` ``` ``` ``` ``` ``` ``` ``` ``` ``` ``` ``` ``` ``` ``` ``` ``` ``` ``` ``` ``` ``` ``` ``` ``` ``` ``` ``` ``` ``` ``` ``` ``` ``` ``` ``` ``` ``` ``` ``` ``` ``` ``` ``` ``` ``` ``` ``` ```","int wvlan_set_station_nickname(struct net_device *dev,
		      struct iw_request_info *info,
		      union iwreq_data *wrqu,
		      char *extra)
 {
 	struct wl_private *lp = wl_priv(dev);
 	unsigned long flags;
 	int         ret = 0;
 	/*------------------------------------------------------------------------*/
 

	DBG_FUNC(""wvlan_set_station_nickname"");
	DBG_ENTER(DbgInfo);

 	wl_lock(lp, &flags);
 
 	memset(lp->StationName, 0, sizeof(lp->StationName));
	memcpy(lp->StationName, extra, wrqu->data.length);
 
 	/* Commit the adapter parameters */
 	wl_apply(lp);
	wl_unlock(lp, &flags);

	DBG_LEAVE(DbgInfo);
	return ret;
} /* wvlan_set_station_nickname */
"
112487,CWE-119,14B,Qwen2.5-Coder-14B-Instruct,perturbed,"The vulnerability in this C code is a buffer overflow. The memcpy function is used to copy data from the user-provided buffer var_2 into the StationName buffer of the wl_private structure. However, there is no check to ensure that the length of the data being copied does not exceed the size of the StationName buffer. This can lead to writing beyond the bounds of the StationName buffer, potentially overwriting adjacent memory or causing a crash. This type of vulnerability can be exploited by an attacker to execute arbitrary code with the privileges of the process running this code. To fix this vulnerability, a check should be added to ensure that the length of the data being copied does not exceed the size of the StationName buffer before performing the memcpy operation. ```c
if (var_7->data.length > sizeof(var_5->StationName)) {
    // Handle error, e.g., return an error code or log an error message
    return -EINVAL; // Example error code for invalid argument
}
```

This check ensures that the data being copied will fit within the bounds of the StationName buffer, preventing a buffer overflow.","int wvlan_set_station_nickname(struct net_device *var_1,
		      struct iw_request_info *var_4,
		      union iwreq_data *var_7,
		      char *var_2)
 {
 	struct wl_private *var_5 = wl_priv(var_1);
 	unsigned long var_3;
 	int         var_6 = 0;
 	/*------------------------------------------------------------------------*/
 

	DBG_FUNC(""wvlan_set_station_nickname"");
	DBG_ENTER(DbgInfo);

 	wl_lock(var_5, &var_3);
 
 	memset(var_5->StationName, 0, sizeof(var_5->StationName));
	memcpy(var_5->StationName, var_2, var_7->data.length);
 
 	/* Commit the adapter parameters */
 	wl_apply(var_5);
	wl_unlock(var_5, &var_3);

	DBG_LEAVE(DbgInfo);
	return var_6;
} /* wvlan_set_station_nickname */
"
46507,CWE-20,14B,Qwen2.5-Coder-14B-Instruct,baseline,"The vulnerability in this C code is that it does not properly sanitize the input arguments before using them to construct the command line for the external process. This can lead to a command injection attack, where an attacker can inject malicious commands into the command line by manipulating the input arguments. This can allow the attacker to execute arbitrary code with the privileges of the process running the code. To mitigate this vulnerability, the code should sanitize the input arguments before using them to construct the command line. This can be done by escaping any special characters in the input arguments or by using a safer method of constructing the command line, such as using a list of arguments instead of a single string. Additionally, the code should validate the input arguments to ensure that they meet the expected format and contain only valid data. This can help prevent attackers from injecting malicious input that could be used to exploit the vulnerability."," ActionReply Smb4KMountHelper::mount(const QVariantMap &args)
 {
   ActionReply reply;
   
   QMapIterator<QString, QVariant> it(args);
    proc.setOutputChannelMode(KProcess::SeparateChannels);
    proc.setProcessEnvironment(QProcessEnvironment::systemEnvironment());
#if defined(Q_OS_LINUX)
    proc.setEnv(""PASSWD"", entry[""mh_url""].toUrl().password(), true);
#endif
     QVariantMap entry = it.value().toMap();
     
     KProcess proc(this);
    command << entry[""mh_mountpoint""].toString();
    command << entry[""mh_options""].toStringList();
#elif defined(Q_OS_FREEBSD) || defined(Q_OS_NETBSD)
    command << entry[""mh_command""].toString();
    command << entry[""mh_options""].toStringList();
    command << entry[""mh_unc""].toString();
    command << entry[""mh_mountpoint""].toString();
#else
#endif
    proc.setProgram(command);

    proc.start();
    
    if (proc.waitForStarted(-1))
    {
      bool userKill = false;
     QStringList command;
 #if defined(Q_OS_LINUX)
    command << entry[""mh_command""].toString();
     command << entry[""mh_unc""].toString();
     command << entry[""mh_mountpoint""].toString();
     command << entry[""mh_options""].toStringList();
 #elif defined(Q_OS_FREEBSD) || defined(Q_OS_NETBSD)
    command << entry[""mh_command""].toString();
     command << entry[""mh_options""].toStringList();
     command << entry[""mh_unc""].toString();
     command << entry[""mh_mountpoint""].toString();
        else
        {
        }

        if (HelperSupport::isStopped())
        {
          proc.kill();
          userKill = true;
          break;
        }
        else
        {
        }
      }

      if (proc.exitStatus() == KProcess::CrashExit)
      {
        if (!userKill)
        {
          reply.setType(ActionReply::HelperErrorType);
          reply.setErrorDescription(i18n(""The mount process crashed.""));
          break;
        }
        else
        {
        }
      }
      else
      {
        QString stdErr = QString::fromUtf8(proc.readAllStandardError());
        reply.addData(QString(""mh_error_message_%1"").arg(index), stdErr.trimmed());
      }
    }
"
46507,CWE-20,14B,Qwen2.5-Coder-14B-Instruct,perturbed,"The vulnerability in this C code is that it does not properly sanitize user input before using it to execute system commands. This can lead to command injection attacks, where an attacker can inject malicious commands into the system by manipulating the input data. In this case, the code uses user-supplied data to set environment variables and construct command arguments, which could be exploited to execute arbitrary code with the privileges of the process running the code. To mitigate this vulnerability, the code should validate and sanitize all user input before using it to execute system commands. Additionally, the use of a whitelist approach to restrict the types of commands that can be executed can further reduce the risk of exploitation."," ActionReply Smb4KMountHelper::mount(const QVariantMap &var_1)
 {
   ActionReply var_5;
   
   QMapIterator<QString, QVariant> it(var_1);
    var_4.setOutputChannelMode(KProcess::SeparateChannels);
    var_4.setProcessEnvironment(QProcessEnvironment::systemEnvironment());
#if defined(Q_OS_LINUX)
    var_4.setEnv(""PASSWD"", var_3[""mh_url""].toUrl().password(), true);
#endif
     QVariantMap var_3 = it.value().toMap();
     
     KProcess var_4(this);
    var_2 << var_3[""mh_mountpoint""].toString();
    var_2 << var_3[""mh_options""].toStringList();
#elif defined(Q_OS_FREEBSD) || defined(Q_OS_NETBSD)
    var_2 << var_3[""mh_command""].toString();
    var_2 << var_3[""mh_options""].toStringList();
    var_2 << var_3[""mh_unc""].toString();
    var_2 << var_3[""mh_mountpoint""].toString();
#else
#endif
    var_4.setProgram(var_2);

    var_4.start();
    
    if (var_4.waitForStarted(-1))
    {
      bool var_7 = false;
     QStringList var_2;
 #if defined(Q_OS_LINUX)
    var_2 << var_3[""mh_command""].toString();
     var_2 << var_3[""mh_unc""].toString();
     var_2 << var_3[""mh_mountpoint""].toString();
     var_2 << var_3[""mh_options""].toStringList();
 #elif defined(Q_OS_FREEBSD) || defined(Q_OS_NETBSD)
    var_2 << var_3[""mh_command""].toString();
     var_2 << var_3[""mh_options""].toStringList();
     var_2 << var_3[""mh_unc""].toString();
     var_2 << var_3[""mh_mountpoint""].toString();
        else
        {
        }

        if (HelperSupport::isStopped())
        {
          var_4.kill();
          var_7 = true;
          break;
        }
        else
        {
        }
      }

      if (var_4.exitStatus() == KProcess::CrashExit)
      {
        if (!var_7)
        {
          var_5.setType(ActionReply::HelperErrorType);
          var_5.setErrorDescription(i18n(""The mount process crashed.""));
          break;
        }
        else
        {
        }
      }
      else
      {
        QString var_6 = QString::fromUtf8(var_4.readAllStandardError());
        var_5.addData(QString(""mh_error_message_%1"").arg(index), var_6.trimmed());
      }
    }
"
5227,CWE-125,14B,Qwen2.5-Coder-14B-Instruct,baseline,"The vulnerability in this C code is a buffer overflow. The code does not check if the width and height parameters passed to the function are within the bounds of the image dimensions. This can lead to accessing memory outside the allocated buffer, which can result in undefined behavior, crashes, or even security vulnerabilities such as code execution. The problematic lines are where the code calculates the center pixel and iterates over the width and height to calculate the mean value for thresholding. If width or height are larger than the image dimensions, the code will access out-of-bounds memory. To fix this, the code should add checks to ensure that width and height do not exceed the image's width and height before proceeding with the calculations. ``` ``` ``` ``` ``` ``` ``` ``` ``` ``` ``` ``` ``` ``` ``` ``` ``` ``` ``` ``` ``` ``` ``` ``` ``` ``` ``` ``` ``` ``` ``` ``` ``` ``` ``` ``` ``` ``` ``` ``` ``` ``` ``` ``` ``` ``` ``` ``` ``` ``` ``` ``` ``` ``` ``` ``` ``` ``` ``` ``` ``` ``` ``` ``` ``` ``` ``` ``` ``` ``` ``` ``` ``` ``` ``` ``` ``` ``` ``` ``` ``` ``` ``` ``` ``` ``` ``` ``` ``` ``` ``` ``` ``` ``` ``` ``` ``` ``` ``` ``` ``` ``` ``` ``` ``` ``` ``` ``` ``` ``` ``` ``` ``` ``` ``` ``` ``` ``` ``` ``` ``` ``` ``` ``` ``` ``` ``` ``` ``` ``` ``` ``` ``` ``` ``` ``` ``` ``` ``` ``` ``` ``` ``` ``` ``` ``` ``` ``` ``` ``` ``` ``` ``` ``` ``` ``` ``` ``` ``` ``` ``` ``` ``` ``` ``` ``` ``` ``` ``` ``` ``` ``` ``` ``` ``` ``` ``` ``` ``` ``` ``` ``` ``` ``` ``` ``` ``` ``` ``` ``` ``` ``` ``` ``` ``` ``` ``` ``` ``` ``` ``` ``` ``` ``` ``` ``` ``` ``` ``` ``` ``` ``` ``` ``` ``` ``` ``` ``` ``` ``` ``` ``` ``` ``` ``` ``` ``` ``` ``` ``` ``` ``` ``` ``` ``` ``` ``` ``` ``` ``` ``` ``` ``` ``` ``` ``` ``` ``` ``` ``` ``` ``` ``` ``` ``` ``` ``` ``` ``` ``` ``` ``` ``` ``` ``` ``` ``` ``` ``` ``` ``` ``` ``` ``` ``` ``` ``` ``` ``` ``` ``` ``` ``` ``` ``` ``` ``` ``` ``` ``` ``` ``` ``` ``` ``` ``` ``` ``` ``` ``` ``` ``` ``` ``` ``` ``` ``` ``` ``` ``` ``` ``` ``` ``` ``` ``` ``` ``` ``` ``` ``` ``` ``` ``` ``` ``` ``` ``` ``` ``` ``` ``` ``` ``` ``` ``` ``` ``` ``` ``` ``` ``` ``` ``` ``` ``` ``` ``` ``` ``` ``` ``` ``` ``` ``` ``` ``` ``` ``` ``` ``` ``` ``` ``` ``` ``` ``` ``` ```","MagickExport Image *AdaptiveThresholdImage(const Image *image,
  const size_t width,const size_t height,const double bias,
  ExceptionInfo *exception)
{
#define AdaptiveThresholdImageTag  ""AdaptiveThreshold/Image""

  CacheView
    *image_view,
    *threshold_view;

  Image
    *threshold_image;

  MagickBooleanType
    status;

  MagickOffsetType
    progress;

  MagickSizeType
    number_pixels;

  ssize_t
    y;

  /*
    Initialize threshold image attributes.
  */
  assert(image != (Image *) NULL);
  assert(image->signature == MagickCoreSignature);
  if (image->debug != MagickFalse)
    (void) LogMagickEvent(TraceEvent,GetMagickModule(),""%s"",image->filename);
  assert(exception != (ExceptionInfo *) NULL);
  assert(exception->signature == MagickCoreSignature);
   threshold_image=CloneImage(image,0,0,MagickTrue,exception);
   if (threshold_image == (Image *) NULL)
     return((Image *) NULL);
   status=SetImageStorageClass(threshold_image,DirectClass,exception);
   if (status == MagickFalse)
     {
      threshold_image=DestroyImage(threshold_image);
      return((Image *) NULL);
    }
  /*
    Threshold image.
  */
  status=MagickTrue;
  progress=0;
  number_pixels=(MagickSizeType) width*height;
  image_view=AcquireVirtualCacheView(image,exception);
  threshold_view=AcquireAuthenticCacheView(threshold_image,exception);
#if defined(MAGICKCORE_OPENMP_SUPPORT)
  #pragma omp parallel for schedule(static) shared(progress,status) \
    magick_number_threads(image,threshold_image,image->rows,1)
#endif
  for (y=0; y < (ssize_t) image->rows; y++)
  {
    double
      channel_bias[MaxPixelChannels],
      channel_sum[MaxPixelChannels];

    register const Quantum
      *magick_restrict p,
      *magick_restrict pixels;

    register Quantum
      *magick_restrict q;

    register ssize_t
      i,
      x;

    ssize_t
      center,
      u,
      v;

    if (status == MagickFalse)
      continue;
    p=GetCacheViewVirtualPixels(image_view,-((ssize_t) width/2L),y-(ssize_t)
      (height/2L),image->columns+width,height,exception);
    q=QueueCacheViewAuthenticPixels(threshold_view,0,y,threshold_image->columns,
      1,exception);
    if ((p == (const Quantum *) NULL) || (q == (Quantum *) NULL))
      {
        status=MagickFalse;
        continue;
      }
    center=(ssize_t) GetPixelChannels(image)*(image->columns+width)*(height/2L)+
      GetPixelChannels(image)*(width/2);
    for (i=0; i < (ssize_t) GetPixelChannels(image); i++)
    {
      PixelChannel channel = GetPixelChannelChannel(image,i);
      PixelTrait traits = GetPixelChannelTraits(image,channel);
      PixelTrait threshold_traits=GetPixelChannelTraits(threshold_image,
        channel);
      if ((traits == UndefinedPixelTrait) ||
          (threshold_traits == UndefinedPixelTrait))
        continue;
      if ((threshold_traits & CopyPixelTrait) != 0)
        {
          SetPixelChannel(threshold_image,channel,p[center+i],q);
          continue;
        }
      pixels=p;
      channel_bias[channel]=0.0;
      channel_sum[channel]=0.0;
      for (v=0; v < (ssize_t) height; v++)
      {
        for (u=0; u < (ssize_t) width; u++)
        {
          if (u == (ssize_t) (width-1))
            channel_bias[channel]+=pixels[i];
          channel_sum[channel]+=pixels[i];
          pixels+=GetPixelChannels(image);
        }
        pixels+=GetPixelChannels(image)*image->columns;
      }
    }
    for (x=0; x < (ssize_t) image->columns; x++)
    {
      for (i=0; i < (ssize_t) GetPixelChannels(image); i++)
      {
        double
          mean;

        PixelChannel channel = GetPixelChannelChannel(image,i);
        PixelTrait traits = GetPixelChannelTraits(image,channel);
        PixelTrait threshold_traits=GetPixelChannelTraits(threshold_image,
          channel);
        if ((traits == UndefinedPixelTrait) ||
            (threshold_traits == UndefinedPixelTrait))
          continue;
        if ((threshold_traits & CopyPixelTrait) != 0)
          {
            SetPixelChannel(threshold_image,channel,p[center+i],q);
            continue;
          }
        channel_sum[channel]-=channel_bias[channel];
        channel_bias[channel]=0.0;
        pixels=p;
        for (v=0; v < (ssize_t) height; v++)
        {
          channel_bias[channel]+=pixels[i];
          pixels+=(width-1)*GetPixelChannels(image);
          channel_sum[channel]+=pixels[i];
          pixels+=GetPixelChannels(image)*(image->columns+1);
        }
        mean=(double) (channel_sum[channel]/number_pixels+bias);
        SetPixelChannel(threshold_image,channel,(Quantum) ((double)
          p[center+i] <= mean ? 0 : QuantumRange),q);
      }
      p+=GetPixelChannels(image);
      q+=GetPixelChannels(threshold_image);
    }
    if (SyncCacheViewAuthenticPixels(threshold_view,exception) == MagickFalse)
      status=MagickFalse;
    if (image->progress_monitor != (MagickProgressMonitor) NULL)
      {
        MagickBooleanType
          proceed;

#if defined(MAGICKCORE_OPENMP_SUPPORT)
        #pragma omp atomic
#endif
        progress++;
        proceed=SetImageProgress(image,AdaptiveThresholdImageTag,progress,
          image->rows);
        if (proceed == MagickFalse)
          status=MagickFalse;
      }
  }
  threshold_image->type=image->type;
  threshold_view=DestroyCacheView(threshold_view);
  image_view=DestroyCacheView(image_view);
  if (status == MagickFalse)
    threshold_image=DestroyImage(threshold_image);
  return(threshold_image);
}
"
5227,CWE-125,14B,Qwen2.5-Coder-14B-Instruct,perturbed,"The vulnerability in this C code is a buffer overflow. The code does not check if the input parameters `var_19` and `var_6` are within a valid range before using them to allocate memory or access array elements. This can lead to accessing memory out of bounds, which can cause undefined behavior, crashes, or even security vulnerabilities such as arbitrary code execution. The code assumes that `var_19` and `var_6` are always valid, but if they are not, it can result in a buffer overflow. To fix this vulnerability, the code should include checks to ensure that `var_19` and `var_6` are within a safe range before using them. For example, it could check if `var_19` and `var_6` are greater than zero and less than a certain maximum value that would prevent buffer overflow. Additionally, the code should handle any errors that occur during these checks appropriately, such as by returning an error code or logging an error message.","MagickExport Image *AdaptiveThresholdImage(const Image *var_8,
  const size_t var_19,const size_t var_6,const double var_1,
  ExceptionInfo *var_5)
{
#define AdaptiveThresholdImageTag  ""AdaptiveThreshold/Image""

  CacheView
    *var_9,
    *threshold_view;

  Image
    *var_16;

  MagickBooleanType
    var_15;

  MagickOffsetType
    var_14;

  MagickSizeType
    var_12;

  ssize_t
    var_20;

  /*
    Initialize threshold image attributes.
  */
  assert(var_8 != (Image *) NULL);
  assert(var_8->signature == MagickCoreSignature);
  if (var_8->debug != MagickFalse)
    (void) LogMagickEvent(TraceEvent,GetMagickModule(),""%s"",var_8->filename);
  assert(var_5 != (ExceptionInfo *) NULL);
  assert(var_5->signature == MagickCoreSignature);
   var_16=CloneImage(var_8,0,0,MagickTrue,var_5);
   if (var_16 == (Image *) NULL)
     return((Image *) NULL);
   var_15=SetImageStorageClass(var_16,DirectClass,var_5);
   if (var_15 == MagickFalse)
     {
      var_16=DestroyImage(var_16);
      return((Image *) NULL);
    }
  /*
    Threshold image.
  */
  var_15=MagickTrue;
  var_14=0;
  var_12=(MagickSizeType) var_19*var_6;
  var_9=AcquireVirtualCacheView(var_8,var_5);
  threshold_view=AcquireAuthenticCacheView(var_16,var_5);
#if defined(MAGICKCORE_OPENMP_SUPPORT)
  #pragma omp parallel for schedule(static) shared(progress,status) \
    magick_number_threads(image,threshold_image,image->rows,1)
#endif
  for (var_20=0; var_20 < (ssize_t) var_8->rows; var_20++)
  {
    double
      var_4[MaxPixelChannels],
      channel_sum[MaxPixelChannels];

    register const Quantum
      *var_10 p,
      *var_10 pixels;

    register Quantum
      *var_10 q;

    register ssize_t
      var_7,
      x;

    ssize_t
      var_2,
      u,
      v;

    if (var_15 == MagickFalse)
      continue;
    p=GetCacheViewVirtualPixels(var_9,-((ssize_t) var_19/2L),var_20-(ssize_t)
      (var_6/2L),var_8->columns+var_19,var_6,var_5);
    q=QueueCacheViewAuthenticPixels(threshold_view,0,var_20,var_16->columns,
      1,var_5);
    if ((p == (const Quantum *) NULL) || (q == (Quantum *) NULL))
      {
        var_15=MagickFalse;
        continue;
      }
    var_2=(ssize_t) GetPixelChannels(var_8)*(var_8->columns+var_19)*(var_6/2L)+
      GetPixelChannels(var_8)*(var_19/2);
    for (var_7=0; var_7 < (ssize_t) GetPixelChannels(var_8); var_7++)
    {
      PixelChannel var_3 = GetPixelChannelChannel(var_8,var_7);
      PixelTrait var_18 = GetPixelChannelTraits(var_8,var_3);
      PixelTrait var_17=GetPixelChannelTraits(var_16,
        var_3);
      if ((var_18 == UndefinedPixelTrait) ||
          (var_17 == UndefinedPixelTrait))
        continue;
      if ((var_17 & CopyPixelTrait) != 0)
        {
          SetPixelChannel(var_16,var_3,p[var_2+var_7],q);
          continue;
        }
      pixels=p;
      var_4[var_3]=0.0;
      channel_sum[var_3]=0.0;
      for (v=0; v < (ssize_t) var_6; v++)
      {
        for (u=0; u < (ssize_t) var_19; u++)
        {
          if (u == (ssize_t) (var_19-1))
            var_4[var_3]+=pixels[var_7];
          channel_sum[var_3]+=pixels[var_7];
          pixels+=GetPixelChannels(var_8);
        }
        pixels+=GetPixelChannels(var_8)*var_8->columns;
      }
    }
    for (x=0; x < (ssize_t) var_8->columns; x++)
    {
      for (var_7=0; var_7 < (ssize_t) GetPixelChannels(var_8); var_7++)
      {
        double
          var_11;

        PixelChannel var_3 = GetPixelChannelChannel(var_8,var_7);
        PixelTrait var_18 = GetPixelChannelTraits(var_8,var_3);
        PixelTrait var_17=GetPixelChannelTraits(var_16,
          var_3);
        if ((var_18 == UndefinedPixelTrait) ||
            (var_17 == UndefinedPixelTrait))
          continue;
        if ((var_17 & CopyPixelTrait) != 0)
          {
            SetPixelChannel(var_16,var_3,p[var_2+var_7],q);
            continue;
          }
        channel_sum[var_3]-=var_4[var_3];
        var_4[var_3]=0.0;
        pixels=p;
        for (v=0; v < (ssize_t) var_6; v++)
        {
          var_4[var_3]+=pixels[var_7];
          pixels+=(var_19-1)*GetPixelChannels(var_8);
          channel_sum[var_3]+=pixels[var_7];
          pixels+=GetPixelChannels(var_8)*(var_8->columns+1);
        }
        var_11=(double) (channel_sum[var_3]/var_12+var_1);
        SetPixelChannel(var_16,var_3,(Quantum) ((double)
          p[var_2+var_7] <= var_11 ? 0 : QuantumRange),q);
      }
      p+=GetPixelChannels(var_8);
      q+=GetPixelChannels(var_16);
    }
    if (SyncCacheViewAuthenticPixels(threshold_view,var_5) == MagickFalse)
      var_15=MagickFalse;
    if (var_8->progress_monitor != (MagickProgressMonitor) NULL)
      {
        MagickBooleanType
          var_13;

#if defined(MAGICKCORE_OPENMP_SUPPORT)
        #pragma omp atomic
#endif
        var_14++;
        var_13=SetImageProgress(var_8,AdaptiveThresholdImageTag,var_14,
          var_8->rows);
        if (var_13 == MagickFalse)
          var_15=MagickFalse;
      }
  }
  var_16->type=var_8->type;
  threshold_view=DestroyCacheView(threshold_view);
  var_9=DestroyCacheView(var_9);
  if (var_15 == MagickFalse)
    var_16=DestroyImage(var_16);
  return(var_16);
}
"
57147,CWE-200,14B,Qwen2.5-Coder-14B-Instruct,baseline,"The vulnerability in this C code is that it does not check if the `slen` pointer passed to the function is valid before using it. This can lead to a buffer overflow if the value pointed to by `slen` is too small to hold the resulting signature. The function assumes that `slen` points to a valid memory location where it can store the length of the signature, but it does not verify that this memory location has enough space to accommodate the signature. This can result in writing beyond the bounds of the allocated memory, potentially overwriting adjacent data or causing a crash. To mitigate this vulnerability, the function should first check if `slen` points to a valid memory location with sufficient space before attempting to write the signature length to it. Additionally, the function should ensure that the `sig` buffer has enough space to hold the signature before writing to it. This can be done by checking the value of `*slen` against the size of the `sig` buffer and returning an error if there is not enough space. By adding these checks, the function can prevent buffer overflow vulnerabilities and ensure that it writes to valid memory locations only.","int mbedtls_ecdsa_write_signature_restartable( mbedtls_ecdsa_context *ctx,
                           mbedtls_md_type_t md_alg,
                           const unsigned char *hash, size_t hlen,
                           unsigned char *sig, size_t *slen,
                           int (*f_rng)(void *, unsigned char *, size_t),
                           void *p_rng,
                           mbedtls_ecdsa_restart_ctx *rs_ctx )
{
    int ret;
    mbedtls_mpi r, s;
    ECDSA_VALIDATE_RET( ctx  != NULL );
    ECDSA_VALIDATE_RET( hash != NULL );
    ECDSA_VALIDATE_RET( sig  != NULL );
    ECDSA_VALIDATE_RET( slen != NULL );

    mbedtls_mpi_init( &r );
     mbedtls_mpi_init( &s );
 
 #if defined(MBEDTLS_ECDSA_DETERMINISTIC)
    (void) f_rng;
    (void) p_rng;
     MBEDTLS_MPI_CHK( ecdsa_sign_det_restartable( &ctx->grp, &r, &s, &ctx->d,
                             hash, hlen, md_alg, rs_ctx ) );
 #else
     (void) md_alg;
 
 #if defined(MBEDTLS_ECDSA_SIGN_ALT)
     MBEDTLS_MPI_CHK( mbedtls_ecdsa_sign( &ctx->grp, &r, &s, &ctx->d,
                          hash, hlen, f_rng, p_rng ) );
 #else
     MBEDTLS_MPI_CHK( ecdsa_sign_restartable( &ctx->grp, &r, &s, &ctx->d,
                         hash, hlen, f_rng, p_rng, rs_ctx ) );
 #endif /* MBEDTLS_ECDSA_SIGN_ALT */
 #endif /* MBEDTLS_ECDSA_DETERMINISTIC */
 
    MBEDTLS_MPI_CHK( ecdsa_signature_to_asn1( &r, &s, sig, slen ) );

cleanup:
    mbedtls_mpi_free( &r );
    mbedtls_mpi_free( &s );

    return( ret );
}
"
57147,CWE-200,14B,Qwen2.5-Coder-14B-Instruct,perturbed,"The vulnerability in this C code is that it does not check if the `var_10` pointer is pointing to a valid memory location before writing to it. This can lead to a buffer overflow if the memory location pointed to by `var_10` is not large enough to hold the signature data. This is dangerous because it can allow an attacker to overwrite adjacent memory locations, potentially leading to arbitrary code execution or other malicious actions. To fix this vulnerability, the code should include a check to ensure that the memory location pointed to by `var_10` has sufficient space to hold the signature data before writing to it. ``` ``` ``` ``` ``` ``` ``` ``` ``` ``` ``` ``` ``` ``` ``` ``` ``` ``` ``` ``` ``` ``` ``` ``` ``` ``` ``` ``` ``` ``` ``` ``` ``` ``` ``` ``` ``` ``` ``` ``` ``` ``` ``` ``` ``` ``` ``` ``` ``` ``` ``` ``` ``` ``` ``` ``` ``` ``` ``` ``` ``` ``` ``` ``` ``` ``` ``` ``` ``` ``` ``` ``` ``` ``` ``` ``` ``` ``` ``` ``` ``` ``` ``` ``` ``` ``` ``` ``` ``` ``` ``` ``` ``` ``` ``` ``` ``` ``` ``` ``` ``` ``` ``` ``` ``` ``` ``` ``` ``` ``` ``` ``` ``` ``` ``` ``` ``` ``` ``` ``` ``` ``` ``` ``` ``` ``` ``` ``` ``` ``` ``` ``` ``` ``` ``` ``` ``` ``` ``` ``` ``` ``` ``` ``` ``` ``` ``` ``` ``` ``` ``` ``` ``` ``` ``` ``` ``` ``` ``` ``` ``` ``` ``` ``` ``` ``` ``` ``` ``` ``` ``` ``` ``` ``` ``` ``` ``` ``` ``` ``` ``` ``` ``` ``` ``` ``` ``` ``` ``` ``` ``` ``` ``` ``` ``` ``` ``` ``` ``` ``` ``` ``` ``` ``` ``` ``` ``` ``` ``` ``` ``` ``` ``` ``` ``` ``` ``` ``` ``` ``` ``` ``` ``` ``` ``` ``` ``` ``` ``` ``` ``` ``` ``` ``` ``` ``` ``` ``` ``` ``` ``` ``` ``` ``` ``` ``` ``` ``` ``` ``` ``` ``` ``` ``` ``` ``` ``` ``` ``` ``` ``` ``` ``` ``` ``` ``` ``` ``` ``` ``` ``` ``` ``` ``` ``` ``` ``` ``` ``` ``` ``` ``` ``` ``` ``` ``` ``` ``` ``` ``` ``` ``` ``` ``` ``` ``` ``` ``` ``` ``` ``` ``` ``` ``` ``` ``` ``` ``` ``` ``` ``` ``` ``` ``` ``` ``` ``` ``` ``` ``` ``` ``` ``` ``` ``` ``` ``` ``` ``` ``` ``` ``` ``` ``` ``` ``` ``` ``` ``` ``` ``` ``` ``` ``` ``` ``` ``` ``` ``` ``` ``` ``` ``` ``` ``` ``` ``` ``` ``` ``` ``` ``` ``` ``` ``` ``` ``` ``` ``` ``` ``` ``` ``` ``` ``` ``` ``` ``` ``` ``` ``` ``` ``` ```","int mbedtls_ecdsa_write_signature_restartable( mbedtls_ecdsa_context *var_1,
                           mbedtls_md_type_t var_4,
                           const unsigned char *var_2, size_t var_3,
                           unsigned char *var_9, size_t *var_10,
                           int (*f_rng)(void *, unsigned char *, size_t),
                           void *var_5,
                           mbedtls_ecdsa_restart_ctx *var_8 )
{
    int var_7;
    mbedtls_mpi var_6, s;
    ECDSA_VALIDATE_RET( var_1  != NULL );
    ECDSA_VALIDATE_RET( var_2 != NULL );
    ECDSA_VALIDATE_RET( var_9  != NULL );
    ECDSA_VALIDATE_RET( var_10 != NULL );

    mbedtls_mpi_init( &var_6 );
     mbedtls_mpi_init( &s );
 
 #if defined(MBEDTLS_ECDSA_DETERMINISTIC)
    (void) f_rng;
    (void) var_5;
     MBEDTLS_MPI_CHK( ecdsa_sign_det_restartable( &var_1->grp, &var_6, &s, &var_1->d,
                             var_2, var_3, var_4, var_8 ) );
 #else
     (void) var_4;
 
 #if defined(MBEDTLS_ECDSA_SIGN_ALT)
     MBEDTLS_MPI_CHK( mbedtls_ecdsa_sign( &var_1->grp, &var_6, &s, &var_1->d,
                          var_2, var_3, f_rng, var_5 ) );
 #else
     MBEDTLS_MPI_CHK( ecdsa_sign_restartable( &var_1->grp, &var_6, &s, &var_1->d,
                         var_2, var_3, f_rng, var_5, var_8 ) );
 #endif /* MBEDTLS_ECDSA_SIGN_ALT */
 #endif /* MBEDTLS_ECDSA_DETERMINISTIC */
 
    MBEDTLS_MPI_CHK( ecdsa_signature_to_asn1( &var_6, &s, var_9, var_10 ) );

cleanup:
    mbedtls_mpi_free( &var_6 );
    mbedtls_mpi_free( &s );

    return( var_7 );
}
"
4077,CWE-399,14B,Qwen2.5-Coder-14B-Instruct,baseline,"The vulnerability in this C++ code is a potential buffer overflow. The code does not check if the size of the input data exceeds the size of the allocated buffer before copying it into the buffer. This can lead to writing beyond the bounds of the buffer, which can overwrite adjacent memory locations and potentially lead to arbitrary code execution or other security vulnerabilities. In this specific code, the vulnerability is in the line where the value of the field is copied into the field_types variable without checking if the size of the value exceeds the size of the field_types variable. To fix this vulnerability, the code should include a check to ensure that the size of the input data does not exceed the size of the allocated buffer before copying it into the buffer. ``` ``` ``` ``` ``` ``` ``` ``` ``` ``` ``` ``` ``` ``` ``` ``` ``` ``` ``` ``` ``` ``` ``` ``` ``` ``` ``` ``` ``` ``` ``` ``` ``` ``` ``` ``` ``` ``` ``` ``` ``` ``` ``` ``` ``` ``` ``` ``` ``` ``` ``` ``` ``` ``` ``` ``` ``` ``` ``` ``` ``` ``` ``` ``` ``` ``` ``` ``` ``` ``` ``` ``` ``` ``` ``` ``` ``` ``` ``` ``` ``` ``` ``` ``` ``` ``` ``` ``` ``` ``` ``` ``` ``` ``` ``` ``` ``` ``` ``` ``` ``` ``` ``` ``` ``` ``` ``` ``` ``` ``` ``` ``` ``` ``` ``` ``` ``` ``` ``` ``` ``` ``` ``` ``` ``` ``` ``` ``` ``` ``` ``` ``` ``` ``` ``` ``` ``` ``` ``` ``` ``` ``` ``` ``` ``` ``` ``` ``` ``` ``` ``` ``` ``` ``` ``` ``` ``` ``` ``` ``` ``` ``` ``` ``` ``` ``` ``` ``` ``` ``` ``` ``` ``` ``` ``` ``` ``` ``` ``` ``` ``` ``` ``` ``` ``` ``` ``` ``` ``` ``` ``` ``` ``` ``` ``` ``` ``` ``` ``` ``` ``` ``` ``` ``` ``` ``` ``` ``` ``` ``` ``` ``` ``` ``` ``` ``` ``` ``` ``` ``` ``` ``` ``` ``` ``` ``` ``` ``` ``` ``` ``` ``` ``` ``` ``` ``` ``` ``` ``` ``` ``` ``` ``` ``` ``` ``` ``` ``` ``` ``` ``` ``` ``` ``` ``` ``` ``` ``` ``` ``` ``` ``` ``` ``` ``` ``` ``` ``` ``` ``` ``` ``` ``` ``` ``` ``` ``` ``` ``` ``` ``` ``` ``` ``` ``` ``` ``` ``` ``` ``` ``` ``` ``` ``` ``` ``` ``` ``` ``` ``` ``` ``` ``` ``` ``` ``` ``` ``` ``` ``` ``` ``` ``` ``` ``` ``` ``` ``` ``` ``` ``` ``` ``` ``` ``` ``` ``` ``` ``` ``` ``` ``` ``` ``` ``` ``` ``` ``` ``` ``` ``` ``` ``` ``` ``` ``` ``` ``` ``` ``` ``` ``` ``` ``` ``` ``` ``` ``` ``` ``` ``` ``` ``` ``` ``` ```","void AutoFillManager::LogMetricsAboutSubmittedForm(
    const FormData& form,
    const FormStructure* submitted_form) {
  FormStructure* cached_submitted_form;
  if (!FindCachedForm(form, &cached_submitted_form)) {
    NOTREACHED();
    return;
  }

  std::map<std::string, const AutoFillField*> cached_fields;
  for (size_t i = 0; i < cached_submitted_form->field_count(); ++i) {
    const AutoFillField* field = cached_submitted_form->field(i);
     cached_fields[field->FieldSignature()] = field;
   }
 
   for (size_t i = 0; i < submitted_form->field_count(); ++i) {
     const AutoFillField* field = submitted_form->field(i);
     FieldTypeSet field_types;
    personal_data_->GetPossibleFieldTypes(field->value(), &field_types);
    DCHECK(!field_types.empty());

    if (field->form_control_type() == ASCIIToUTF16(""select-one"")) {
      continue;
     }
 
    metric_logger_->Log(AutoFillMetrics::FIELD_SUBMITTED);
     if (field_types.find(EMPTY_TYPE) == field_types.end() &&
         field_types.find(UNKNOWN_TYPE) == field_types.end()) {
       if (field->is_autofilled()) {
        metric_logger_->Log(AutoFillMetrics::FIELD_AUTOFILLED);
       } else {
        metric_logger_->Log(AutoFillMetrics::FIELD_AUTOFILL_FAILED);
 
         AutoFillFieldType heuristic_type = UNKNOWN_TYPE;
         AutoFillFieldType server_type = NO_SERVER_DATA;
        std::map<std::string, const AutoFillField*>::const_iterator
            cached_field = cached_fields.find(field->FieldSignature());
        if (cached_field != cached_fields.end()) {
          heuristic_type = cached_field->second->heuristic_type();
           server_type = cached_field->second->server_type();
         }
 
        if (heuristic_type == UNKNOWN_TYPE)
          metric_logger_->Log(AutoFillMetrics::FIELD_HEURISTIC_TYPE_UNKNOWN);
        else if (field_types.count(heuristic_type))
          metric_logger_->Log(AutoFillMetrics::FIELD_HEURISTIC_TYPE_MATCH);
        else
          metric_logger_->Log(AutoFillMetrics::FIELD_HEURISTIC_TYPE_MISMATCH);
        if (server_type == NO_SERVER_DATA)
          metric_logger_->Log(AutoFillMetrics::FIELD_SERVER_TYPE_UNKNOWN);
        else if (field_types.count(server_type))
          metric_logger_->Log(AutoFillMetrics::FIELD_SERVER_TYPE_MATCH);
        else
          metric_logger_->Log(AutoFillMetrics::FIELD_SERVER_TYPE_MISMATCH);
       }
 
    }
  }
}
"
4077,CWE-399,14B,Qwen2.5-Coder-14B-Instruct,perturbed,"The vulnerability in this C++ code is a potential buffer overflow. The code does not check the size of the input data before copying it into a fixed-size buffer. This can lead to writing beyond the bounds of the buffer, potentially overwriting adjacent memory or causing the program to crash. In this specific code, the vulnerability lies in the `AutoFillField::FieldSignature()` method, which could return a string longer than expected, leading to a buffer overflow when used as a key in the `cached_fields` map. To fix this vulnerability, the code should include checks to ensure that the length of the string returned by `FieldSignature()` does not exceed the size of the buffer allocated for the key in the map. Additionally, using a safer data structure like `std::unordered_map` with a custom hash function that handles long strings could mitigate the risk of buffer overflow.","void AutoFillManager::LogMetricsAboutSubmittedForm(
    const FormData& var_4,
    const FormStructure* var_8) {
  FormStructure* var_1;
  if (!FindCachedForm(var_4, &var_1)) {
    NOTREACHED();
    return;
  }

  std::map<std::string, const AutoFillField*> cached_fields;
  for (size_t var_6 = 0; var_6 < var_1->field_count(); ++var_6) {
    const AutoFillField* var_2 = var_1->field(var_6);
     cached_fields[var_2->FieldSignature()] = var_2;
   }
 
   for (size_t var_6 = 0; var_6 < var_8->field_count(); ++var_6) {
     const AutoFillField* var_2 = var_8->field(var_6);
     FieldTypeSet var_3;
    personal_data_->GetPossibleFieldTypes(var_2->value(), &var_3);
    DCHECK(!var_3.empty());

    if (var_2->form_control_type() == ASCIIToUTF16(""select-one"")) {
      continue;
     }
 
    metric_logger_->Log(AutoFillMetrics::FIELD_SUBMITTED);
     if (var_3.find(EMPTY_TYPE) == var_3.end() &&
         var_3.find(UNKNOWN_TYPE) == var_3.end()) {
       if (var_2->is_autofilled()) {
        metric_logger_->Log(AutoFillMetrics::FIELD_AUTOFILLED);
       } else {
        metric_logger_->Log(AutoFillMetrics::FIELD_AUTOFILL_FAILED);
 
         AutoFillFieldType var_5 = UNKNOWN_TYPE;
         AutoFillFieldType var_7 = NO_SERVER_DATA;
        std::map<std::string, const AutoFillField*>::const_iterator
            cached_field = cached_fields.find(var_2->FieldSignature());
        if (cached_field != cached_fields.end()) {
          var_5 = cached_field->second->heuristic_type();
           var_7 = cached_field->second->server_type();
         }
 
        if (var_5 == UNKNOWN_TYPE)
          metric_logger_->Log(AutoFillMetrics::FIELD_HEURISTIC_TYPE_UNKNOWN);
        else if (var_3.count(var_5))
          metric_logger_->Log(AutoFillMetrics::FIELD_HEURISTIC_TYPE_MATCH);
        else
          metric_logger_->Log(AutoFillMetrics::FIELD_HEURISTIC_TYPE_MISMATCH);
        if (var_7 == NO_SERVER_DATA)
          metric_logger_->Log(AutoFillMetrics::FIELD_SERVER_TYPE_UNKNOWN);
        else if (var_3.count(var_7))
          metric_logger_->Log(AutoFillMetrics::FIELD_SERVER_TYPE_MATCH);
        else
          metric_logger_->Log(AutoFillMetrics::FIELD_SERVER_TYPE_MISMATCH);
       }
 
    }
  }
}
"
23617,CWE-476,14B,Qwen2.5-Coder-14B-Instruct,baseline,"The vulnerability in this C code is a potential buffer overflow. The code does not check if the length of the public key exceeds the size of the buffer allocated for it. This can lead to writing beyond the bounds of the allocated memory, which can corrupt other data on the stack or heap, potentially leading to arbitrary code execution or other severe security issues. To fix this vulnerability, the code should include a check to ensure that the length of the public key does not exceed the size of the buffer before attempting to write it. ``` The vulnerability in this C code is a potential buffer overflow. The code does not check if the length of the public key exceeds the size of the buffer allocated for it. This can lead to writing beyond the bounds of the allocated memory, which can corrupt other data on the stack or heap, potentially leading to arbitrary code execution or other severe security issues. To fix this vulnerability, the code should include a check to ensure that the length of the public key does not exceed the size of the buffer before attempting to write it. ```","static int tls_construct_cke_dhe(SSL *s, unsigned char **p, int *len, int *al)
{
#ifndef OPENSSL_NO_DH
    DH *dh_clnt = NULL;
    const BIGNUM *pub_key;
    EVP_PKEY *ckey = NULL, *skey = NULL;

    skey = s->s3->peer_tmp;
    if (skey == NULL) {
        SSLerr(SSL_F_TLS_CONSTRUCT_CKE_DHE, ERR_R_INTERNAL_ERROR);
         return 0;
     }
     ckey = ssl_generate_pkey(skey);
     dh_clnt = EVP_PKEY_get0_DH(ckey);
 
     if (dh_clnt == NULL || ssl_derive(s, ckey, skey) == 0) {
        SSLerr(SSL_F_TLS_CONSTRUCT_CKE_DHE, ERR_R_INTERNAL_ERROR);
        EVP_PKEY_free(ckey);
        return 0;
    }

    /* send off the data */
    DH_get0_key(dh_clnt, &pub_key, NULL);
    *len = BN_num_bytes(pub_key);
    s2n(*len, *p);
    BN_bn2bin(pub_key, *p);
    *len += 2;
    EVP_PKEY_free(ckey);

    return 1;
#else
    SSLerr(SSL_F_TLS_CONSTRUCT_CKE_DHE, ERR_R_INTERNAL_ERROR);
    *al = SSL_AD_INTERNAL_ERROR;
    return 0;
#endif
}
"
23617,CWE-476,14B,Qwen2.5-Coder-14B-Instruct,perturbed,"The vulnerability in this C code is a potential buffer overflow. The code does not check if the buffer pointed to by `*var_5` has enough space to hold the data being written to it. Specifically, the line `BN_bn2bin(var_6, *var_5);` writes the binary representation of the BIGNUM `var_6` to the buffer pointed to by `*var_5`. If the buffer is not large enough to hold the data, this will result in a buffer overflow, which can lead to undefined behavior, including crashes, data corruption, or even arbitrary code execution. To fix this vulnerability, the code should first check the size of the buffer and ensure that it is large enough to hold the data before writing to it. ``` ``` ``` ``` ``` ``` ``` ``` ``` ``` ``` ``` ``` ``` ``` ``` ``` ``` ``` ``` ``` ``` ``` ``` ``` ``` ``` ``` ``` ``` ``` ``` ``` ``` ``` ``` ``` ``` ``` ``` ``` ``` ``` ``` ``` ``` ``` ``` ``` ``` ``` ``` ``` ``` ``` ``` ``` ``` ``` ``` ``` ``` ``` ``` ``` ``` ``` ``` ``` ``` ``` ``` ``` ``` ``` ``` ``` ``` ``` ``` ``` ``` ``` ``` ``` ``` ``` ``` ``` ``` ``` ``` ``` ``` ``` ``` ``` ``` ``` ``` ``` ``` ``` ``` ``` ``` ``` ``` ``` ``` ``` ``` ``` ``` ``` ``` ``` ``` ``` ``` ``` ``` ``` ``` ``` ``` ``` ``` ``` ``` ``` ``` ``` ``` ``` ``` ``` ``` ``` ``` ``` ``` ``` ``` ``` ``` ``` ``` ``` ``` ``` ``` ``` ``` ``` ``` ``` ``` ``` ``` ``` ``` ``` ``` ``` ``` ``` ``` ``` ``` ``` ``` ``` ``` ``` ``` ``` ``` ``` ``` ``` ``` ``` ``` ``` ``` ``` ``` ``` ``` ``` ``` ``` ``` ``` ``` ``` ``` ``` ``` ``` ``` ``` ``` ``` ``` ``` ``` ``` ``` ``` ``` ``` ``` ``` ``` ``` ``` ``` ``` ``` ``` ``` ``` ``` ``` ``` ``` ``` ``` ``` ``` ``` ``` ``` ``` ``` ``` ``` ``` ``` ``` ``` ``` ``` ``` ``` ``` ``` ``` ``` ``` ``` ``` ``` ``` ``` ``` ``` ``` ``` ``` ``` ``` ``` ``` ``` ``` ``` ``` ``` ``` ``` ``` ``` ``` ``` ``` ``` ``` ``` ``` ``` ``` ``` ``` ``` ``` ``` ``` ``` ``` ``` ``` ``` ``` ``` ``` ``` ``` ``` ``` ``` ``` ``` ``` ``` ``` ``` ``` ``` ``` ``` ``` ``` ``` ``` ``` ``` ``` ``` ``` ``` ``` ``` ``` ``` ``` ``` ``` ``` ``` ``` ``` ``` ``` ``` ``` ``` ``` ``` ``` ``` ``` ``` ``` ``` ``` ``` ``` ``` ``` ``` ``` ``` ```","static int tls_construct_cke_dhe(SSL *var_7, unsigned char **var_5, int *var_4, int *var_1)
{
#ifndef OPENSSL_NO_DH
    DH *var_3 = NULL;
    const BIGNUM *var_6;
    EVP_PKEY *var_2 = NULL, *var_8 = NULL;

    var_8 = var_7->s3->peer_tmp;
    if (var_8 == NULL) {
        SSLerr(SSL_F_TLS_CONSTRUCT_CKE_DHE, ERR_R_INTERNAL_ERROR);
         return 0;
     }
     var_2 = ssl_generate_pkey(var_8);
     var_3 = EVP_PKEY_get0_DH(var_2);
 
     if (var_3 == NULL || ssl_derive(var_7, var_2, var_8) == 0) {
        SSLerr(SSL_F_TLS_CONSTRUCT_CKE_DHE, ERR_R_INTERNAL_ERROR);
        EVP_PKEY_free(var_2);
        return 0;
    }

    /* send off the data */
    DH_get0_key(var_3, &var_6, NULL);
    *var_4 = BN_num_bytes(var_6);
    s2n(*var_4, *var_5);
    BN_bn2bin(var_6, *var_5);
    *var_4 += 2;
    EVP_PKEY_free(var_2);

    return 1;
#else
    SSLerr(SSL_F_TLS_CONSTRUCT_CKE_DHE, ERR_R_INTERNAL_ERROR);
    *var_1 = SSL_AD_INTERNAL_ERROR;
    return 0;
#endif
}
"
85252,CWE-254,14B,Qwen2.5-Coder-14B-Instruct,baseline,"The vulnerability in this code is that it does not validate the input value before attempting to parse it as a color. This can lead to undefined behavior if the input value is not a valid color string. Additionally, the code does not handle cases where the input value is an empty string or contains invalid characters. This can result in security vulnerabilities such as buffer overflows or crashes. To fix this vulnerability, the code should validate the input value before attempting to parse it as a color. This can be done by checking that the input value is a valid color string and handling cases where the input value is an empty string or contains invalid characters. ``` ``` ``` ``` ``` ``` ``` ``` ``` ``` ``` ``` ``` ``` ``` ``` ``` ``` ``` ``` ``` ``` ``` ``` ``` ``` ``` ``` ``` ``` ``` ``` ``` ``` ``` ``` ``` ``` ``` ``` ``` ``` ``` ``` ``` ``` ``` ``` ``` ``` ``` ``` ``` ``` ``` ``` ``` ``` ``` ``` ``` ``` ``` ``` ``` ``` ``` ``` ``` ``` ``` ``` ``` ``` ``` ``` ``` ``` ``` ``` ``` ``` ``` ``` ``` ``` ``` ``` ``` ``` ``` ``` ``` ``` ``` ``` ``` ``` ``` ``` ``` ``` ``` ``` ``` ``` ``` ``` ``` ``` ``` ``` ``` ``` ``` ``` ``` ``` ``` ``` ``` ``` ``` ``` ``` ``` ``` ``` ``` ``` ``` ``` ``` ``` ``` ``` ``` ``` ``` ``` ``` ``` ``` ``` ``` ``` ``` ``` ``` ``` ``` ``` ``` ``` ``` ``` ``` ``` ``` ``` ``` ``` ``` ``` ``` ``` ``` ``` ``` ``` ``` ``` ``` ``` ``` ``` ``` ``` ``` ``` ``` ``` ``` ``` ``` ``` ``` ``` ``` ``` ``` ``` ``` ``` ``` ``` ``` ``` ``` ``` ``` ``` ``` ``` ``` ``` ``` ``` ``` ``` ``` ``` ``` ``` ``` ``` ``` ``` ``` ``` ``` ``` ``` ``` ``` ``` ``` ``` ``` ``` ``` ``` ``` ``` ``` ``` ``` ``` ``` ``` ``` ``` ``` ``` ``` ``` ``` ``` ``` ``` ``` ``` ``` ``` ``` ``` ``` ``` ``` ``` ``` ``` ``` ``` ``` ``` ``` ``` ``` ``` ``` ``` ``` ``` ``` ``` ``` ``` ``` ``` ``` ``` ``` ``` ``` ``` ``` ``` ``` ``` ``` ``` ``` ``` ``` ``` ``` ``` ``` ``` ``` ``` ``` ``` ``` ``` ``` ``` ``` ``` ``` ``` ``` ``` ``` ``` ``` ``` ``` ``` ``` ``` ``` ``` ``` ``` ``` ``` ``` ``` ``` ``` ``` ``` ``` ``` ``` ``` ``` ``` ``` ``` ``` ``` ``` ``` ``` ``` ``` ``` ``` ``` ``` ``` ``` ``` ``` ``` ``` ``` ``` ``` ``` ``` ``` ``` ``` ``` ``` ``` ``` ``` ``` ``` ``` ``` ``` ``` ``` ``` ``` ``` ``` ``` ```","RGBA32 AXNodeObject::colorValue() const {
  if (!isHTMLInputElement(getNode()) || !isColorWell())
    return AXObject::colorValue();
 
   HTMLInputElement* input = toHTMLInputElement(getNode());
   const AtomicString& type = input->getAttribute(typeAttr);
  if (!equalIgnoringCase(type, ""color""))
     return AXObject::colorValue();
 
  Color color;
  bool success = color.setFromString(input->value());
  DCHECK(success);
  return color.rgb();
}
"
85252,CWE-254,14B,Qwen2.5-Coder-14B-Instruct,perturbed,"The vulnerability in this code is that it does not validate the input from the user before using it to set the color. This can lead to a security issue known as a buffer overflow, where an attacker can provide a string that is longer than the expected length, causing the program to write data outside of the allocated memory. This can potentially allow an attacker to execute arbitrary code or crash the program.

The vulnerability is in the line `bool var_3 = var_1.setFromString(var_2->value());`. The `setFromString` function is called with the value of the input element, which is obtained from the user. If the value is too long, it can cause a buffer overflow.

To fix this vulnerability, the code should validate the input before using it to set the color. For example, the code could check the length of the input string and ensure that it is within a certain range before calling `setFromString`.

This explanation is incorrect. The vulnerability in this code is not related to buffer overflow. Instead, the vulnerability is related to improper validation of the input color value. The `setFromString` function is used to parse the color value from a string, but it does not validate whether the string represents a valid color. An attacker could provide a string that does not represent a valid color, causing the program to crash or behave unpredictably.
To fix this vulnerability, the code should validate the input color value before using it to set the color. For example, the code could use a regular expression to check whether the input string represents a valid color before calling `setFromString`.
``` ``` ``` ``` ``` ``` ``` ``` ``` ``` ``` ``` ``` ``` ``` ``` ``` ``` ``` ``` ``` ``` ``` ``` ``` ``` ``` ``` ``` ``` ``` ``` ``` ``` ``` ``` ``` ``` ``` ``` ``` ``` ``` ``` ``` ``` ``` ``` ``` ``` ``` ``` ``` ``` ``` ``` ``` ``` ``` ``` ``` ``` ``` ``` ``` ``` ``` ``` ``` ``` ``` ``` ``` ``` ``` ``` ``` ``` ``` ``` ``` ``` ``` ``` ``` ``` ``` ``` ``` ``` ``` ``` ``` ``` ``` ``` ``` ``` ``` ``` ``` ``` ``` ``` ``` ``` ``` ``` ``` ``` ``` ``` ``` ``` ``` ``` ``` ``` ``` ``` ``` ``` ``` ``` ``` ``` ``` ``` ``` ``` ``` ``` ``` ``` ``` ``` ``` ``` ``` ``` ``` ``` ``` ``` ``` ``` ``` ``` ``` ``` ``` ``` ``` ``` ``` ``` ``` ``` ``` ``` ``` ``` ``` ``` ``` ``` ``` ``` ``` ``` ``` ``` ``` ``` ``` ``` ``` ``` ``` ``` ``` ``` ``` ``` ``` ``` ``` ``` ``` ``` ``` ```","RGBA32 AXNodeObject::colorValue() const {
  if (!isHTMLInputElement(getNode()) || !isColorWell())
    return AXObject::colorValue();
 
   HTMLInputElement* var_2 = toHTMLInputElement(getNode());
   const AtomicString& var_4 = var_2->getAttribute(typeAttr);
  if (!equalIgnoringCase(var_4, ""color""))
     return AXObject::colorValue();
 
  Color var_1;
  bool var_3 = var_1.setFromString(var_2->value());
  DCHECK(var_3);
  return var_1.rgb();
}
"
142187,CWE-119,14B,Qwen2.5-Coder-14B-Instruct,baseline,"The vulnerability in the provided C code is a buffer overflow. The code allocates memory for `GSPLANES` based on the value of `GSBPP`, which is passed as an argument to the function. However, there is no check to ensure that `GSBPP` is within a valid range. If an attacker can control the value of `GSBPP`, they could potentially pass a very large value, causing the allocation to fail or worse, succeed but overflow the allocated memory when accessing elements of `GSPLANES`. This could lead to arbitrary code execution or other severe security issues.

To mitigate this vulnerability, the code should include bounds checking for `GSBPP` before proceeding with the allocation and initialization of `GSPLANES`. For example, it could check that `GSBPP` is less than a predefined maximum value that represents the largest number of planes that can be safely handled by the system. ``` ``` ``` ``` ``` ``` ``` ``` ``` ``` ``` ``` ``` ``` ``` ``` ``` ``` ``` ``` ``` ``` ``` ``` ``` ``` ``` ``` ``` ``` ``` ``` ``` ``` ``` ``` ``` ``` ``` ``` ``` ``` ``` ``` ``` ``` ``` ``` ``` ``` ``` ``` ``` ``` ``` ``` ``` ``` ``` ``` ``` ``` ``` ``` ``` ``` ``` ``` ``` ``` ``` ``` ``` ``` ``` ``` ``` ``` ``` ``` ``` ``` ``` ``` ``` ``` ``` ``` ``` ``` ``` ``` ``` ``` ``` ``` ``` ``` ``` ``` ``` ``` ``` ``` ``` ``` ``` ``` ``` ``` ``` ``` ``` ``` ``` ``` ``` ``` ``` ``` ``` ``` ``` ``` ``` ``` ``` ``` ``` ``` ``` ``` ``` ``` ``` ``` ``` ``` ``` ``` ``` ``` ``` ``` ``` ``` ``` ``` ``` ``` ``` ``` ``` ``` ``` ``` ``` ``` ``` ``` ``` ``` ``` ``` ``` ``` ``` ``` ``` ``` ``` ``` ``` ``` ``` ``` ``` ``` ``` ``` ``` ``` ``` ``` ``` ``` ``` ``` ``` ``` ``` ``` ``` ``` ``` ``` ``` ``` ``` ``` ``` ``` ``` ``` ``` ``` ``` ``` ``` ``` ``` ``` ``` ``` ``` ``` ``` ``` ``` ``` ``` ``` ``` ``` ``` ``` ``` ``` ``` ``` ``` ``` ``` ``` ``` ``` ``` ``` ``` ``` ``` ``` ``` ``` ``` ``` ``` ``` ``` ``` ``` ``` ``` ``` ``` ``` ``` ``` ``` ``` ``` ``` ``` ``` ``` ``` ``` ``` ``` ``` ``` ``` ``` ``` ``` ``` ``` ``` ``` ``` ``` ``` ``` ``` ``` ``` ``` ``` ``` ``` ``` ``` ``` ``` ``` ``` ``` ``` ``` ``` ``` ``` ``` ``` ``` ``` ``` ``` ``` ``` ``` ``` ``` ``` ``` ``` ``` ``` ``` ``` ``` ``` ``` ``` ``` ```","jbig2_decode_gray_scale_image(Jbig2Ctx *ctx, Jbig2Segment *segment,
                              const byte *data, const size_t size,
                              bool GSMMR, uint32_t GSW, uint32_t GSH,
                              uint32_t GSBPP, bool GSUSESKIP, Jbig2Image *GSKIP, int GSTEMPLATE, Jbig2ArithCx *GB_stats)
 {
     uint8_t **GSVALS = NULL;
     size_t consumed_bytes = 0;
    int i, j, code, stride;
    int x, y;
     Jbig2Image **GSPLANES;
     Jbig2GenericRegionParams rparams;
     Jbig2WordStream *ws = NULL;
    Jbig2ArithState *as = NULL;

    /* allocate GSPLANES */
    GSPLANES = jbig2_new(ctx, Jbig2Image *, GSBPP);
    if (GSPLANES == NULL) {
        jbig2_error(ctx, JBIG2_SEVERITY_FATAL, segment->number, ""failed to allocate %d bytes for GSPLANES"", GSBPP);
        return NULL;
    }

    for (i = 0; i < GSBPP; ++i) {
        GSPLANES[i] = jbig2_image_new(ctx, GSW, GSH);
         if (GSPLANES[i] == NULL) {
             jbig2_error(ctx, JBIG2_SEVERITY_FATAL, segment->number, ""failed to allocate %dx%d image for GSPLANES"", GSW, GSH);
             /* free already allocated */
            for (j = i - 1; j >= 0; --j) {
                jbig2_image_release(ctx, GSPLANES[j]);
            }
             jbig2_free(ctx->allocator, GSPLANES);
             return NULL;
         }
        }
    }
"
142187,CWE-119,14B,Qwen2.5-Coder-14B-Instruct,perturbed,"The vulnerability in the provided C code is a potential buffer overflow. The code allocates memory for an array of `Jbig2Image` pointers (`var_1`) based on the value of `GSBPP`. However, there is no check to ensure that `GSBPP` is within a reasonable range before allocating memory. If an attacker can control the value of `GSBPP`, they could potentially pass a very large value, causing the allocation to fail or worse, succeed but lead to out-of-bounds memory access when accessing elements of `var_1`.

This vulnerability is dangerous because it can lead to undefined behavior, crashes, or even arbitrary code execution if an attacker can exploit it to overwrite critical data structures or control flow. Additionally, it can be used to exhaust system resources by forcing the program to allocate excessive amounts of memory. To mitigate this vulnerability, the code should include checks to ensure that `GSBPP` is within a safe range before proceeding with the allocation.","jbig2_decode_gray_scale_image(Jbig2Ctx *ctx, Jbig2Segment *segment,
                              const byte *data, const size_t size,
                              bool GSMMR, uint32_t GSW, uint32_t GSH,
                              uint32_t GSBPP, bool GSUSESKIP, Jbig2Image *GSKIP, int GSTEMPLATE, Jbig2ArithCx *GB_stats)
 {
     uint8_t **var_2 = NULL;
     size_t var_4 = 0;
    int var_5, j, code, stride;
    int var_8, y;
     Jbig2Image **var_1;
     Jbig2GenericRegionParams var_6;
     Jbig2WordStream *var_7 = NULL;
    Jbig2ArithState *var_3 = NULL;

    /* allocate GSPLANES */
    var_1 = jbig2_new(ctx, Jbig2Image *, GSBPP);
    if (var_1 == NULL) {
        jbig2_error(ctx, JBIG2_SEVERITY_FATAL, segment->number, ""failed to allocate %d bytes for GSPLANES"", GSBPP);
        return NULL;
    }

    var_5 = 0;
while (var_5 < GSBPP) {
    var_1[var_5] = jbig2_image_new(ctx, GSW, GSH);
         if (var_1[var_5] == NULL) {
             jbig2_error(ctx, JBIG2_SEVERITY_FATAL, segment->number, ""failed to allocate %dx%d image for GSPLANES"", GSW, GSH);
             /* free already allocated */
            j = var_5 - 1;
while (j >= 0) {
    jbig2_image_release(ctx, var_1[j]);
    --j;
}
             jbig2_free(ctx->allocator, var_1);
             return NULL;
         }
    ++var_5;
}
    }
"
98372,CWE-190,14B,Qwen2.5-Coder-14B-Instruct,baseline,"The vulnerability in this C code is a buffer overflow. The function `getFilename` is supposed to return the filename from the file path stored in `intern->file_name`. However, if the length of the path (`path_len`) is greater than or equal to the length of the full file name (`intern->file_name_len`), the function will attempt to access memory beyond the bounds of the `intern->file_name` array when calculating the substring to return. This can lead to undefined behavior, including crashes, data corruption, or even arbitrary code execution.

To fix this vulnerability, the condition should be checked to ensure that `path_len` is less than `intern->file_name_len` before performing the subtraction. Here's the corrected code:

```c
SPL_METHOD(SplFileInfo, getFilename)
{
    spl_filesystem_object *intern = (spl_filesystem_object*)zend_object_store_get_object(getThis() TSRMLS_CC);
    int path_len;
    if (zend_parse_parameters_none() == FAILURE) {
        return;
    }

    spl_filesystem_object_get_path(intern, &path_len TSRMLS_CC);
    if (path_len > 0 && path_len < intern->file_name_len) {
        RETURN_STRINGL(intern->file_name + path_len + 1, intern->file_name_len - (path_len + 1), 1);
    } else {
        RETURN_STRINGL(intern->file_name, intern->file_name_len, 1);
    }
}
```

In this corrected version, the condition `if (path_len > 0 && path_len < intern->file_name_len)` ensures that `path_len` is both positive and less than the length of the full file name, preventing any potential buffer overflow.","SPL_METHOD(SplFileInfo, getFilename)
 {
 	spl_filesystem_object *intern = (spl_filesystem_object*)zend_object_store_get_object(getThis() TSRMLS_CC);
 	int path_len;
 	if (zend_parse_parameters_none() == FAILURE) {
 		return;
 	}
 
 	spl_filesystem_object_get_path(intern, &path_len TSRMLS_CC);
 	if (path_len && path_len < intern->file_name_len) {
 		RETURN_STRINGL(intern->file_name + path_len + 1, intern->file_name_len - (path_len + 1), 1);
 	} else {
		RETURN_STRINGL(intern->file_name, intern->file_name_len, 1);
	}
}
"
98372,CWE-190,14B,Qwen2.5-Coder-14B-Instruct,perturbed,"The vulnerability in this C code is a buffer overflow. The code does not check if the length of the filename is greater than the allocated memory for the filename string. This can lead to writing data outside the bounds of the allocated memory, which can cause the program to crash or be exploited by an attacker to execute arbitrary code.

The vulnerability is dangerous because it allows an attacker to potentially overwrite adjacent memory locations, leading to undefined behavior, crashes, or even remote code execution. This can be particularly dangerous if the overwritten memory contains sensitive information or control structures that can be manipulated to gain unauthorized access or perform malicious actions.

To fix this vulnerability, the code should include checks to ensure that the length of the filename does not exceed the allocated memory size before performing any operations on the filename string. This can be done by comparing the length of the filename with the size of the allocated memory and taking appropriate action if the length exceeds the allocated size. Additionally, using safer string handling functions that automatically handle buffer sizes can also help mitigate this vulnerability.","SPL_METHOD(SplFileInfo, getFilename)
 {
 	spl_filesystem_object *var_1 = (spl_filesystem_object*)zend_object_store_get_object(getThis() TSRMLS_CC);
 	int var_2;
 	if (zend_parse_parameters_none() == FAILURE) {
 		return;
 	}
 
 	spl_filesystem_object_get_path(var_1, &var_2 TSRMLS_CC);
 	if (var_2 && var_2 < var_1->file_name_len) {
 		RETURN_STRINGL(var_1->file_name + var_2 + 1, var_1->file_name_len - (var_2 + 1), 1);
 	} else {
		RETURN_STRINGL(var_1->file_name, var_1->file_name_len, 1);
	}
}
"
106832,CWE-119,14B,Qwen2.5-Coder-14B-Instruct,baseline,"The vulnerability in this C code is a potential buffer overflow. The code does not check if the output buffer has enough space to hold the decoded data before writing to it. This can lead to writing beyond the bounds of the allocated memory, which can cause undefined behavior, crashes, or even security vulnerabilities such as code execution. The variable `n` represents the number of samples decoded, and it is multiplied by `sizeof(int16_t)` to determine the size of the output data. However, there is no check to ensure that `outHeader->pBuffer` has enough space to accommodate `n * sizeof(int16_t)` bytes. This oversight can result in a buffer overflow if the output buffer is smaller than expected. To mitigate this risk, the code should include a check to verify that the output buffer has sufficient capacity before proceeding with the decoding process.","void SoftGSM::onQueueFilled(OMX_U32 /* portIndex */) {
 if (mSignalledError) {
 return;
 }

 List<BufferInfo *> &inQueue = getPortQueue(0);
 List<BufferInfo *> &outQueue = getPortQueue(1);

 while (!inQueue.empty() && !outQueue.empty()) {
 BufferInfo *inInfo = *inQueue.begin();
        OMX_BUFFERHEADERTYPE *inHeader = inInfo->mHeader;

 BufferInfo *outInfo = *outQueue.begin();
        OMX_BUFFERHEADERTYPE *outHeader = outInfo->mHeader;

 if (inHeader->nFlags & OMX_BUFFERFLAG_EOS) {
            inQueue.erase(inQueue.begin());
            inInfo->mOwnedByUs = false;
            notifyEmptyBufferDone(inHeader);

            outHeader->nFilledLen = 0;
            outHeader->nFlags = OMX_BUFFERFLAG_EOS;

            outQueue.erase(outQueue.begin());
            outInfo->mOwnedByUs = false;
            notifyFillBufferDone(outHeader);
 return;
 }

 if (inHeader->nFilledLen > kMaxNumSamplesPerFrame) {
            ALOGE(""input buffer too large (%d)."", inHeader->nFilledLen);
            notify(OMX_EventError, OMX_ErrorUndefined, 0, NULL);
            mSignalledError = true;
 }

 if(((inHeader->nFilledLen / kMSGSMFrameSize) * kMSGSMFrameSize) != inHeader->nFilledLen) {
            ALOGE(""input buffer not multiple of %d (%d)."", kMSGSMFrameSize, inHeader->nFilledLen);
            notify(OMX_EventError, OMX_ErrorUndefined, 0, NULL);

             mSignalledError = true;
         }
 
         uint8_t *inputptr = inHeader->pBuffer + inHeader->nOffset;
 
         int n = mSignalledError ? 0 : DecodeGSM(mGsm,
 reinterpret_cast<int16_t *>(outHeader->pBuffer), inputptr, inHeader->nFilledLen);

        outHeader->nTimeStamp = inHeader->nTimeStamp;
        outHeader->nOffset = 0;
        outHeader->nFilledLen = n * sizeof(int16_t);
        outHeader->nFlags = 0;

        inInfo->mOwnedByUs = false;
        inQueue.erase(inQueue.begin());
        inInfo = NULL;
        notifyEmptyBufferDone(inHeader);
        inHeader = NULL;

        outInfo->mOwnedByUs = false;
        outQueue.erase(outQueue.begin());
        outInfo = NULL;
        notifyFillBufferDone(outHeader);
        outHeader = NULL;
 }
}
"
106832,CWE-119,14B,Qwen2.5-Coder-14B-Instruct,perturbed,"The vulnerability in this C code is a potential buffer overflow. The code does not check if the output buffer (`var_5->pBuffer`) has enough space to hold the decoded data before writing to it. This can lead to writing beyond the bounds of the allocated memory, which can corrupt adjacent memory or cause the program to crash. Additionally, the code does not handle the case where `DecodeGSM` returns a negative value, which could indicate an error in decoding. This lack of error checking can lead to undefined behavior or security vulnerabilities. To fix this, the code should check the size of the output buffer before writing to it and handle any errors returned by `DecodeGSM`.","void SoftGSM::onQueueFilled(OMX_U32 /* portIndex */) {
 if (mSignalledError) {
 return;
 }

 List<BufferInfo *> &inQueue = getPortQueue(0);
 List<BufferInfo *> &outQueue = getPortQueue(1);

 while (!inQueue.empty() && !outQueue.empty()) {
 BufferInfo *var_2 = *inQueue.begin();
        OMX_BUFFERHEADERTYPE *var_1 = var_2->mHeader;

 BufferInfo *var_6 = *outQueue.begin();
        OMX_BUFFERHEADERTYPE *var_5 = var_6->mHeader;

 if (var_1->nFlags & OMX_BUFFERFLAG_EOS) {
            inQueue.erase(inQueue.begin());
            var_2->mOwnedByUs = false;
            notifyEmptyBufferDone(var_1);

            var_5->nFilledLen = 0;
            var_5->nFlags = OMX_BUFFERFLAG_EOS;

            outQueue.erase(outQueue.begin());
            var_6->mOwnedByUs = false;
            notifyFillBufferDone(var_5);
 return;
 }

 if (var_1->nFilledLen > kMaxNumSamplesPerFrame) {
            ALOGE(""input buffer too large (%d)."", var_1->nFilledLen);
            notify(OMX_EventError, OMX_ErrorUndefined, 0, NULL);
            mSignalledError = true;
 }

 if(((var_1->nFilledLen / kMSGSMFrameSize) * kMSGSMFrameSize) != var_1->nFilledLen) {
            ALOGE(""input buffer not multiple of %d (%d)."", kMSGSMFrameSize, var_1->nFilledLen);
            notify(OMX_EventError, OMX_ErrorUndefined, 0, NULL);

             mSignalledError = true;
         }
 
         uint8_t *var_3 = var_1->pBuffer + var_1->nOffset;
 
         int var_4 = mSignalledError ? 0 : DecodeGSM(mGsm,
 reinterpret_cast<int16_t *>(var_5->pBuffer), var_3, var_1->nFilledLen);

        var_5->nTimeStamp = var_1->nTimeStamp;
        var_5->nOffset = 0;
        var_5->nFilledLen = var_4 * sizeof(int16_t);
        var_5->nFlags = 0;

        var_2->mOwnedByUs = false;
        inQueue.erase(inQueue.begin());
        var_2 = NULL;
        notifyEmptyBufferDone(var_1);
        var_1 = NULL;

        var_6->mOwnedByUs = false;
        outQueue.erase(outQueue.begin());
        var_6 = NULL;
        notifyFillBufferDone(var_5);
        var_5 = NULL;
 }
}
"
111917,CWE-119,14B,Qwen2.5-Coder-14B-Instruct,baseline,"The vulnerability in this C code is a buffer overflow. The code uses `strncat` to concatenate strings into `nameBuf`, but it does not check if the total length of the concatenated strings exceeds the size of `nameBuf`. This can lead to writing beyond the bounds of `nameBuf`, which can overwrite adjacent memory and potentially lead to arbitrary code execution or other security issues. The vulnerability is dangerous because it allows an attacker to exploit the program by providing overly long input strings that exceed the buffer size, leading to undefined behavior and potential system compromise. To fix this vulnerability, the code should include checks to ensure that the total length of the concatenated strings does not exceed the buffer size before performing the concatenation.","char* dexOptGenerateCacheFileName(const char* fileName, const char* subFileName)
{
 char nameBuf[512];
 char absoluteFile[sizeof(nameBuf)];
 const size_t kBufLen = sizeof(nameBuf) - 1;
 const char* dataRoot;
 char* cp;

 /*
     * Get the absolute path of the Jar or DEX file.
     */
    absoluteFile[0] = '\0';
 if (fileName[0] != '/') {
 /*
         * Generate the absolute path.  This doesn't do everything it
         * should, e.g. if filename is ""./out/whatever"" it doesn't crunch
         * the leading ""./"" out, but it'll do.
         */
 if (getcwd(absoluteFile, kBufLen) == NULL) {

             ALOGE(""Can't get CWD while opening jar file"");
             return NULL;
         }
        strncat(absoluteFile, ""/"", kBufLen);
     }
    strncat(absoluteFile, fileName, kBufLen);
 
     /*
      * Append the name of the Jar file entry, if any.  This is not currently
     * required, but will be if we start putting more than one DEX file

      * in a Jar.
      */
     if (subFileName != NULL) {
        strncat(absoluteFile, ""/"", kBufLen);
        strncat(absoluteFile, subFileName, kBufLen);
     }
 
     /* Turn the path into a flat filename by replacing
     * any slashes after the first one with '@' characters.
     */
    cp = absoluteFile + 1;
 while (*cp != '\0') {
 if (*cp == '/') {
 *cp = '@';
 }
        cp++;
 }

 /* Build the name of the cache directory.
     */
    dataRoot = getenv(""ANDROID_DATA"");
 if (dataRoot == NULL)
        dataRoot = ""/data"";
    snprintf(nameBuf, kBufLen, ""%s/%s"", dataRoot, kCacheDirectoryName);
 if (strcmp(dataRoot, ""/data"") != 0) {
 int result = dexOptMkdir(nameBuf, 0700);
 if (result != 0 && errno != EEXIST) {
            ALOGE(""Failed to create dalvik-cache directory %s: %s"", nameBuf, strerror(errno));
 return NULL;
 }
 }
    snprintf(nameBuf, kBufLen, ""%s/%s/%s"", dataRoot, kCacheDirectoryName, kInstructionSet);
 if (strcmp(dataRoot, ""/data"") != 0) {
 int result = dexOptMkdir(nameBuf, 0700);
 if (result != 0 && errno != EEXIST) {
            ALOGE(""Failed to create dalvik-cache directory %s: %s"", nameBuf, strerror(errno));
 return NULL;
 }
 }

 
     /* Tack on the file name for the actual cache file path.
      */
    strncat(nameBuf, absoluteFile, kBufLen);
 
     ALOGV(""Cache file for '%s' '%s' is '%s'"", fileName, subFileName, nameBuf);
     return strdup(nameBuf);
}
"
111917,CWE-119,14B,Qwen2.5-Coder-14B-Instruct,perturbed,"The vulnerability in this C code is a buffer overflow. The code uses `strncat` to concatenate strings into a fixed-size buffer `var_6`, but it does not check if the total length of the concatenated strings exceeds the size of `var_6`. This can lead to writing beyond the bounds of `var_6`, potentially overwriting adjacent memory, which can cause undefined behavior, crashes, or even security vulnerabilities such as code execution. The use of `sizeof(var_6) - 1` as the limit for `strncat` is intended to prevent null-terminator issues, but it does not prevent buffer overflow if the input strings are too long. To fix this vulnerability, the code should check the remaining space in `var_6` before each call to `strncat` and ensure that the total length of the concatenated strings does not exceed the size of `var_6`.","char* dexOptGenerateCacheFileName(const char* var_4, const char* var_8)
{
 char var_6[512];
 char var_1[sizeof(var_6)];
 const size_t var_5 = sizeof(var_6) - 1;
 const char* var_3;
 char* var_2;

 /*
     * Get the absolute path of the Jar or DEX file.
     */
    var_1[0] = '\0';
 if (var_4[0] != '/') {
 /*
         * Generate the absolute path.  This doesn't do everything it
         * should, e.g. if filename is ""./out/whatever"" it doesn't crunch
         * the leading ""./"" out, but it'll do.
         */
 if (getcwd(var_1, var_5) == NULL) {

             ALOGE(""Can't get CWD while opening jar file"");
             return NULL;
         }
        strncat(var_1, ""/"", var_5);
     }
    strncat(var_1, var_4, var_5);
 
     /*
      * Append the name of the Jar file entry, if any.  This is not currently
     * required, but will be if we start putting more than one DEX file

      * in a Jar.
      */
     if (var_8 != NULL) {
        strncat(var_1, ""/"", var_5);
        strncat(var_1, var_8, var_5);
     }
 
     /* Turn the path into a flat filename by replacing
     * any slashes after the first one with '@' characters.
     */
    var_2 = var_1 + 1;
 while (*var_2 != '\0') {
 if (*var_2 == '/') {
 *var_2 = '@';
 }
        var_2++;
 }

 /* Build the name of the cache directory.
     */
    var_3 = getenv(""ANDROID_DATA"");
 if (var_3 == NULL)
        var_3 = ""/data"";
    snprintf(var_6, var_5, ""%s/%s"", var_3, kCacheDirectoryName);
 if (strcmp(var_3, ""/data"") != 0) {
 int var_7 = dexOptMkdir(var_6, 0700);
 if (var_7 != 0 && errno != EEXIST) {
            ALOGE(""Failed to create dalvik-cache directory %s: %s"", var_6, strerror(errno));
 return NULL;
 }
 }
    snprintf(var_6, var_5, ""%s/%s/%s"", var_3, kCacheDirectoryName, kInstructionSet);
 if (strcmp(var_3, ""/data"") != 0) {
 int var_7 = dexOptMkdir(var_6, 0700);
 if (var_7 != 0 && errno != EEXIST) {
            ALOGE(""Failed to create dalvik-cache directory %s: %s"", var_6, strerror(errno));
 return NULL;
 }
 }

 
     /* Tack on the file name for the actual cache file path.
      */
    strncat(var_6, var_1, var_5);
 
     ALOGV(""Cache file for '%s' '%s' is '%s'"", var_4, var_8, var_6);
     return strdup(var_6);
}
"
1802,CWE-200,14B,Qwen2.5-Coder-14B-Instruct,baseline,"}
 } else {
            for (uint32_t i=0 ; i<pContext->mMeasurementWindowSizeInBuffers ; i++) {
                if (pContext->mPastMeasurements[i].mIsValid) {
                    nbValidMeasurements++;
                    if (pContext->mPastMeasurements[i].mPeakU16 > peakU16) {
                        peakU16 = pContext->mPastMeasurements[i].mPeakU16;
 }
                    sumRmsSquared += pContext->mPastMeasurements[i].mRmsSquared;
 }
 }
 }
 if (nbValidMeasurements > 0) {
            float rms = sqrt(sumRmsSquared / nbValidMeasurements);
            int32_t *p = (int32_t *)pReplyData;
            *p++ = peakU16;
            *p++ = (int32_t)(rms * 1000.0f);
            *p++ = nbValidMeasurements;
            *p++ = delayMs;
 } else {
            int32_t *p = (int32_t *)pReplyData;
            *p++ = 0;
            *p++ = 0;
            *p++ = 0;
            *p++ = delayMs;
 }
 } break;
 default:
 return -EINVAL;
 }
 return 0;
}

The vulnerability in this C code is a buffer overflow in the `VISUALIZER_CMD_CAPTURE` command handler. The code does not properly check the size of the input buffer (`pCmdData`) before copying data into it. This can lead to a buffer overflow if the input buffer is smaller than the expected size, allowing an attacker to overwrite adjacent memory and potentially execute arbitrary code.

To fix this vulnerability, the code should add a check to ensure that the size of the input buffer (`pCmdData`) is at least as large as the expected size before performing the copy operation. For example:

```c
case VISUALIZER_CMD_CAPTURE: {
    uint32_t captureSize = pContext->mCaptureSize;
    if (pReplyData == NULL || replySize == NULL || *replySize != captureSize) {
        ALOGV(""VISUALIZER_CMD_CAPTURE() error *replySize %"" PRIu32 "" captureSize %"" PRIu32,
              *replySize, captureSize);
        return -EINVAL;
    }
    if (pContext->mState == VISUALIZER_STATE_ACTIVE) {
        const uint3","int Visualizer_command(effect_handle_t self, uint32_t cmdCode, uint32_t cmdSize,
 void *pCmdData, uint32_t *replySize, void *pReplyData) {

 VisualizerContext * pContext = (VisualizerContext *)self;
 int retsize;

 if (pContext == NULL || pContext->mState == VISUALIZER_STATE_UNINITIALIZED) {
 return -EINVAL;
 }


 switch (cmdCode) {
 case EFFECT_CMD_INIT:
 if (pReplyData == NULL || replySize == NULL || *replySize != sizeof(int)) {
 return -EINVAL;
 }
 *(int *) pReplyData = Visualizer_init(pContext);
 break;
 case EFFECT_CMD_SET_CONFIG:
 if (pCmdData == NULL || cmdSize != sizeof(effect_config_t)
 || pReplyData == NULL || replySize == NULL || *replySize != sizeof(int)) {
 return -EINVAL;
 }
 *(int *) pReplyData = Visualizer_setConfig(pContext,
 (effect_config_t *) pCmdData);
 break;
 case EFFECT_CMD_GET_CONFIG:
 if (pReplyData == NULL || replySize == NULL ||
 *replySize != sizeof(effect_config_t)) {
 return -EINVAL;
 }
 Visualizer_getConfig(pContext, (effect_config_t *)pReplyData);
 break;
 case EFFECT_CMD_RESET:
 Visualizer_reset(pContext);
 break;
 case EFFECT_CMD_ENABLE:
 if (pReplyData == NULL || replySize == NULL || *replySize != sizeof(int)) {
 return -EINVAL;
 }
 if (pContext->mState != VISUALIZER_STATE_INITIALIZED) {
 return -ENOSYS;
 }
        pContext->mState = VISUALIZER_STATE_ACTIVE;
        ALOGV(""EFFECT_CMD_ENABLE() OK"");
 *(int *)pReplyData = 0;
 break;
 case EFFECT_CMD_DISABLE:
 if (pReplyData == NULL || replySize == NULL || *replySize != sizeof(int)) {
 return -EINVAL;
 }
 if (pContext->mState != VISUALIZER_STATE_ACTIVE) {
 return -ENOSYS;
 }
        pContext->mState = VISUALIZER_STATE_INITIALIZED;
        ALOGV(""EFFECT_CMD_DISABLE() OK"");
 *(int *)pReplyData = 0;
 break;
 case EFFECT_CMD_GET_PARAM: {
 if (pCmdData == NULL ||
            cmdSize != (int)(sizeof(effect_param_t) + sizeof(uint32_t)) ||
            pReplyData == NULL || replySize == NULL ||
 *replySize < (int)(sizeof(effect_param_t) + sizeof(uint32_t) + sizeof(uint32_t))) {
 return -EINVAL;
 }
        memcpy(pReplyData, pCmdData, sizeof(effect_param_t) + sizeof(uint32_t));
 effect_param_t *p = (effect_param_t *)pReplyData;
        p->status = 0;
 *replySize = sizeof(effect_param_t) + sizeof(uint32_t);
 if (p->psize != sizeof(uint32_t)) {
            p->status = -EINVAL;
 break;
 }
 switch (*(uint32_t *)p->data) {
 case VISUALIZER_PARAM_CAPTURE_SIZE:
            ALOGV(""get mCaptureSize = %"" PRIu32, pContext->mCaptureSize);
 *((uint32_t *)p->data + 1) = pContext->mCaptureSize;
            p->vsize = sizeof(uint32_t);
 *replySize += sizeof(uint32_t);
 break;
 case VISUALIZER_PARAM_SCALING_MODE:
            ALOGV(""get mScalingMode = %"" PRIu32, pContext->mScalingMode);
 *((uint32_t *)p->data + 1) = pContext->mScalingMode;
            p->vsize = sizeof(uint32_t);
 *replySize += sizeof(uint32_t);
 break;
 case VISUALIZER_PARAM_MEASUREMENT_MODE:
            ALOGV(""get mMeasurementMode = %"" PRIu32, pContext->mMeasurementMode);
 *((uint32_t *)p->data + 1) = pContext->mMeasurementMode;
            p->vsize = sizeof(uint32_t);
 *replySize += sizeof(uint32_t);
 break;
 default:
            p->status = -EINVAL;
 }
 } break;
 case EFFECT_CMD_SET_PARAM: {
 if (pCmdData == NULL ||
            cmdSize != (int)(sizeof(effect_param_t) + sizeof(uint32_t) + sizeof(uint32_t)) ||
            pReplyData == NULL || replySize == NULL || *replySize != sizeof(int32_t)) {
 return -EINVAL;
 }
 *(int32_t *)pReplyData = 0;
 effect_param_t *p = (effect_param_t *)pCmdData;
 if (p->psize != sizeof(uint32_t) || p->vsize != sizeof(uint32_t)) {
 *(int32_t *)pReplyData = -EINVAL;

             break;
         }
         switch (*(uint32_t *)p->data) {
        case VISUALIZER_PARAM_CAPTURE_SIZE:
            pContext->mCaptureSize = *((uint32_t *)p->data + 1);
            ALOGV(""set mCaptureSize = %"" PRIu32, pContext->mCaptureSize);
            break;
         case VISUALIZER_PARAM_SCALING_MODE:
             pContext->mScalingMode = *((uint32_t *)p->data + 1);
             ALOGV(""set mScalingMode = %"" PRIu32, pContext->mScalingMode);
             break;
        case VISUALIZER_PARAM_LATENCY:
            pContext->mLatency = *((uint32_t *)p->data + 1);
            ALOGV(""set mLatency = %"" PRIu32, pContext->mLatency);
            break;
         case VISUALIZER_PARAM_MEASUREMENT_MODE:
             pContext->mMeasurementMode = *((uint32_t *)p->data + 1);
             ALOGV(""set mMeasurementMode = %"" PRIu32, pContext->mMeasurementMode);
 break;
 default:
 *(int32_t *)pReplyData = -EINVAL;
 }
 } break;
 case EFFECT_CMD_SET_DEVICE:
 case EFFECT_CMD_SET_VOLUME:
 case EFFECT_CMD_SET_AUDIO_MODE:
 break;


 case VISUALIZER_CMD_CAPTURE: {
 uint32_t captureSize = pContext->mCaptureSize;
 if (pReplyData == NULL || replySize == NULL || *replySize != captureSize) {
            ALOGV(""VISUALIZER_CMD_CAPTURE() error *replySize %"" PRIu32 "" captureSize %"" PRIu32,
 *replySize, captureSize);
 return -EINVAL;
 }
 if (pContext->mState == VISUALIZER_STATE_ACTIVE) {
 const uint32_t deltaMs = Visualizer_getDeltaTimeMsFromUpdatedTime(pContext);

 if ((pContext->mLastCaptureIdx == pContext->mCaptureIdx) &&
 (pContext->mBufferUpdateTime.tv_sec != 0) &&
 (deltaMs > MAX_STALL_TIME_MS)) {
                    ALOGV(""capture going to idle"");
                    pContext->mBufferUpdateTime.tv_sec = 0;
                    memset(pReplyData, 0x80, captureSize);
 } else {
 int32_t latencyMs = pContext->mLatency;
                latencyMs -= deltaMs;

                 if (latencyMs < 0) {
                     latencyMs = 0;
                 }
                const uint32_t deltaSmpl =
                    pContext->mConfig.inputCfg.samplingRate * latencyMs / 1000;
                int32_t capturePoint = pContext->mCaptureIdx - captureSize - deltaSmpl;
 
                 if (capturePoint < 0) {
                     uint32_t size = -capturePoint;
                     if (size > captureSize) {
                        size = captureSize;
 }
                    memcpy(pReplyData,
                           pContext->mCaptureBuf + CAPTURE_BUF_SIZE + capturePoint,
                           size);
                    pReplyData = (char *)pReplyData + size;
                    captureSize -= size;
                    capturePoint = 0;
 }
                memcpy(pReplyData,
                       pContext->mCaptureBuf + capturePoint,
                       captureSize);
 }

            pContext->mLastCaptureIdx = pContext->mCaptureIdx;
 } else {
            memset(pReplyData, 0x80, captureSize);
 }

 } break;

 case VISUALIZER_CMD_MEASURE: {
 if (pReplyData == NULL || replySize == NULL ||
 *replySize < (sizeof(int32_t) * MEASUREMENT_COUNT)) {
 if (replySize == NULL) {
                ALOGV(""VISUALIZER_CMD_MEASURE() error replySize NULL"");
 } else {
                ALOGV(""VISUALIZER_CMD_MEASURE() error *replySize %"" PRIu32
 "" < (sizeof(int32_t) * MEASUREMENT_COUNT) %"" PRIu32,
 *replySize,
 uint32_t(sizeof(int32_t)) * MEASUREMENT_COUNT);
 }
            android_errorWriteLog(0x534e4554, ""30229821"");
 return -EINVAL;
 }
 uint16_t peakU16 = 0;
 float sumRmsSquared = 0.0f;
 uint8_t nbValidMeasurements = 0;
 const int32_t delayMs = Visualizer_getDeltaTimeMsFromUpdatedTime(pContext);
 if (delayMs > DISCARD_MEASUREMENTS_TIME_MS) {
            ALOGV(""Discarding measurements, last measurement is %"" PRId32 ""ms old"", delayMs);
 for (uint32_t i=0 ; i<pContext->mMeasurementWindowSizeInBuffers ; i++) {
                pContext->mPastMeasurements[i].mIsValid = false;
                pContext->mPastMeasurements[i].mPeakU16 = 0;
                pContext->mPastMeasurements[i].mRmsSquared = 0;
 }
            pContext->mMeasurementBufferIdx = 0;
 } else {
 for (uint32_t i=0 ; i < pContext->mMeasurementWindowSizeInBuffers ; i++) {
 if (pContext->mPastMeasurements[i].mIsValid) {
 if (pContext->mPastMeasurements[i].mPeakU16 > peakU16) {
                        peakU16 = pContext->mPastMeasurements[i].mPeakU16;
 }
                    sumRmsSquared += pContext->mPastMeasurements[i].mRmsSquared;
                    nbValidMeasurements++;
 }
 }
 }
 float rms = nbValidMeasurements == 0 ? 0.0f : sqrtf(sumRmsSquared / nbValidMeasurements);
 int32_t* pIntReplyData = (int32_t*)pReplyData;
 if (rms < 0.000016f) {
            pIntReplyData[MEASUREMENT_IDX_RMS] = -9600; //-96dB
 } else {
            pIntReplyData[MEASUREMENT_IDX_RMS] = (int32_t) (2000 * log10(rms / 32767.0f));
 }
 if (peakU16 == 0) {
            pIntReplyData[MEASUREMENT_IDX_PEAK] = -9600; //-96dB
 } else {
            pIntReplyData[MEASUREMENT_IDX_PEAK] = (int32_t) (2000 * log10(peakU16 / 32767.0f));
 }
        ALOGV(""VISUALIZER_CMD_MEASURE peak=%"" PRIu16 "" (%"" PRId32 ""mB), rms=%.1f (%"" PRId32 ""mB)"",
                peakU16, pIntReplyData[MEASUREMENT_IDX_PEAK],
                rms, pIntReplyData[MEASUREMENT_IDX_RMS]);
 }
 break;

 default:
        ALOGW(""Visualizer_command invalid command %"" PRIu32, cmdCode);
 return -EINVAL;
 }

 return 0;
}
"
1802,CWE-200,14B,Qwen2.5-Coder-14B-Instruct,perturbed,"NULL || *var_17 != sizeof(float)) {
 return -EINVAL;
 }
 float var_19 = Visualizer_measure(var_13);
 *(float *)var_15 = var_19;
 } break;
 default:
 return -EINVAL;
 }

 return 0;
}

The vulnerability in this C code is a buffer overflow in the `VISUALIZER_CMD_CAPTURE` case. The code does not properly check the size of the input buffer before copying data into it. This can lead to a buffer overflow if the input buffer is smaller than the expected size, allowing an attacker to overwrite adjacent memory locations and potentially execute arbitrary code. The danger lies in the fact that this could be exploited to gain unauthorized access or control over the system. To mitigate this vulnerability, the code should include checks to ensure that the input buffer is large enough to hold the expected data before performing any copy operations.","int Visualizer_command(effect_handle_t var_20, uint32_t var_3, uint32_t var_4,
 void *var_12, uint32_t *var_17, void *var_15) {

 VisualizerContext * var_13 = (VisualizerContext *)var_20;
 int var_18;

 if (var_13 == NULL || var_13->mState == VISUALIZER_STATE_UNINITIALIZED) {
 return -EINVAL;
 }


 switch (var_3) {
 case EFFECT_CMD_INIT:
 if (var_15 == NULL || var_17 == NULL || *var_17 != sizeof(int)) {
 return -EINVAL;
 }
 *(int *) var_15 = Visualizer_init(var_13);
 break;
 case EFFECT_CMD_SET_CONFIG:
 if (var_12 == NULL || var_4 != sizeof(effect_config_t)
 || var_15 == NULL || var_17 == NULL || *var_17 != sizeof(int)) {
 return -EINVAL;
 }
 *(int *) var_15 = Visualizer_setConfig(var_13,
 (effect_config_t *) var_12);
 break;
 case EFFECT_CMD_GET_CONFIG:
 if (var_15 == NULL || var_17 == NULL ||
 *var_17 != sizeof(effect_config_t)) {
 return -EINVAL;
 }
 Visualizer_getConfig(var_13, (effect_config_t *)var_15);
 break;
 case EFFECT_CMD_RESET:
 Visualizer_reset(var_13);
 break;
 case EFFECT_CMD_ENABLE:
 if (var_15 == NULL || var_17 == NULL || *var_17 != sizeof(int)) {
 return -EINVAL;
 }
 if (var_13->mState != VISUALIZER_STATE_INITIALIZED) {
 return -ENOSYS;
 }
        var_13->mState = VISUALIZER_STATE_ACTIVE;
        ALOGV(""EFFECT_CMD_ENABLE() OK"");
 *(int *)var_15 = 0;
 break;
 case EFFECT_CMD_DISABLE:
 if (var_15 == NULL || var_17 == NULL || *var_17 != sizeof(int)) {
 return -EINVAL;
 }
 if (var_13->mState != VISUALIZER_STATE_ACTIVE) {
 return -ENOSYS;
 }
        var_13->mState = VISUALIZER_STATE_INITIALIZED;
        ALOGV(""EFFECT_CMD_DISABLE() OK"");
 *(int *)var_15 = 0;
 break;
 case EFFECT_CMD_GET_PARAM: {
 if (var_12 == NULL ||
            var_4 != (int)(sizeof(effect_param_t) + sizeof(uint32_t)) ||
            var_15 == NULL || var_17 == NULL ||
 *var_17 < (int)(sizeof(effect_param_t) + sizeof(uint32_t) + sizeof(uint32_t))) {
 return -EINVAL;
 }
        memcpy(var_15, var_12, sizeof(effect_param_t) + sizeof(uint32_t));
 effect_param_t *var_11 = (effect_param_t *)var_15;
        var_11->status = 0;
 *var_17 = sizeof(effect_param_t) + sizeof(uint32_t);
 if (var_11->psize != sizeof(uint32_t)) {
            var_11->status = -EINVAL;
 break;
 }
 switch (*(uint32_t *)var_11->data) {
 case VISUALIZER_PARAM_CAPTURE_SIZE:
            ALOGV(""get mCaptureSize = %"" PRIu32, var_13->mCaptureSize);
 *((uint32_t *)var_11->data + 1) = var_13->mCaptureSize;
            var_11->vsize = sizeof(uint32_t);
 *var_17 += sizeof(uint32_t);
 break;
 case VISUALIZER_PARAM_SCALING_MODE:
            ALOGV(""get mScalingMode = %"" PRIu32, var_13->mScalingMode);
 *((uint32_t *)var_11->data + 1) = var_13->mScalingMode;
            var_11->vsize = sizeof(uint32_t);
 *var_17 += sizeof(uint32_t);
 break;
 case VISUALIZER_PARAM_MEASUREMENT_MODE:
            ALOGV(""get mMeasurementMode = %"" PRIu32, var_13->mMeasurementMode);
 *((uint32_t *)var_11->data + 1) = var_13->mMeasurementMode;
            var_11->vsize = sizeof(uint32_t);
 *var_17 += sizeof(uint32_t);
 break;
 default:
            var_11->status = -EINVAL;
 }
 } break;
 case EFFECT_CMD_SET_PARAM: {
 if (var_12 == NULL ||
            var_4 != (int)(sizeof(effect_param_t) + sizeof(uint32_t) + sizeof(uint32_t)) ||
            var_15 == NULL || var_17 == NULL || *var_17 != sizeof(int32_t)) {
 return -EINVAL;
 }
 *(int32_t *)var_15 = 0;
 effect_param_t *var_11 = (effect_param_t *)var_12;
 if (var_11->psize != sizeof(uint32_t) || var_11->vsize != sizeof(uint32_t)) {
 *(int32_t *)var_15 = -EINVAL;

             break;
         }
         switch (*(uint32_t *)var_11->data) {
        case VISUALIZER_PARAM_CAPTURE_SIZE:
            var_13->mCaptureSize = *((uint32_t *)var_11->data + 1);
            ALOGV(""set mCaptureSize = %"" PRIu32, var_13->mCaptureSize);
            break;
         case VISUALIZER_PARAM_SCALING_MODE:
             var_13->mScalingMode = *((uint32_t *)var_11->data + 1);
             ALOGV(""set mScalingMode = %"" PRIu32, var_13->mScalingMode);
             break;
        case VISUALIZER_PARAM_LATENCY:
            var_13->mLatency = *((uint32_t *)var_11->data + 1);
            ALOGV(""set mLatency = %"" PRIu32, var_13->mLatency);
            break;
         case VISUALIZER_PARAM_MEASUREMENT_MODE:
             var_13->mMeasurementMode = *((uint32_t *)var_11->data + 1);
             ALOGV(""set mMeasurementMode = %"" PRIu32, var_13->mMeasurementMode);
 break;
 default:
 *(int32_t *)var_15 = -EINVAL;
 }
 } break;
 case EFFECT_CMD_SET_DEVICE:
 case EFFECT_CMD_SET_VOLUME:
 case EFFECT_CMD_SET_AUDIO_MODE:
 break;


 case VISUALIZER_CMD_CAPTURE: {
 uint32_t var_2 = var_13->mCaptureSize;
 if (var_15 == NULL || var_17 == NULL || *var_17 != var_2) {
            ALOGV(""VISUALIZER_CMD_CAPTURE() error *replySize %"" PRIu32 "" captureSize %"" PRIu32,
 *var_17, var_2);
 return -EINVAL;
 }
 if (var_13->mState == VISUALIZER_STATE_ACTIVE) {
 const uint32_t var_6 = Visualizer_getDeltaTimeMsFromUpdatedTime(var_13);

 if ((var_13->mLastCaptureIdx == var_13->mCaptureIdx) &&
 (var_13->mBufferUpdateTime.tv_sec != 0) &&
 (var_6 > MAX_STALL_TIME_MS)) {
                    ALOGV(""capture going to idle"");
                    var_13->mBufferUpdateTime.tv_sec = 0;
                    memset(var_15, 0x80, var_2);
 } else {
 int32_t var_9 = var_13->mLatency;
                var_9 -= var_6;

                 if (var_9 < 0) {
                     var_9 = 0;
                 }
                const uint32_t var_7 =
                    var_13->mConfig.inputCfg.samplingRate * var_9 / 1000;
                int32_t var_1 = var_13->mCaptureIdx - var_2 - var_7;
 
                 if (var_1 < 0) {
                     uint32_t var_21 = -var_1;
                     if (var_21 > var_2) {
                        var_21 = var_2;
 }
                    memcpy(var_15,
                           var_13->mCaptureBuf + CAPTURE_BUF_SIZE + var_1,
                           var_21);
                    var_15 = (char *)var_15 + var_21;
                    var_2 -= var_21;
                    var_1 = 0;
 }
                memcpy(var_15,
                       var_13->mCaptureBuf + var_1,
                       var_2);
 }

            var_13->mLastCaptureIdx = var_13->mCaptureIdx;
 } else {
            memset(var_15, 0x80, var_2);
 }

 } break;

 case VISUALIZER_CMD_MEASURE: {
 if (var_15 == NULL || var_17 == NULL ||
 *var_17 < (sizeof(int32_t) * MEASUREMENT_COUNT)) {
 if (var_17 == NULL) {
                ALOGV(""VISUALIZER_CMD_MEASURE() error replySize NULL"");
 } else {
                ALOGV(""VISUALIZER_CMD_MEASURE() error *replySize %"" PRIu32
 "" < (sizeof(int32_t) * MEASUREMENT_COUNT) %"" PRIu32,
 *var_17,
 uint32_t(sizeof(int32_t)) * MEASUREMENT_COUNT);
 }
            android_errorWriteLog(0x534e4554, ""30229821"");
 return -EINVAL;
 }
 uint16_t var_16 = 0;
 float var_22 = 0.0f;
 uint8_t var_10 = 0;
 const int32_t var_5 = Visualizer_getDeltaTimeMsFromUpdatedTime(var_13);
 if (var_5 > DISCARD_MEASUREMENTS_TIME_MS) {
            ALOGV(""Discarding measurements, last measurement is %"" PRId32 ""ms old"", var_5);
 uint32_t var_8=0 ;;
while (var_8<var_13->mMeasurementWindowSizeInBuffers) {
    var_13->mPastMeasurements[var_8].mIsValid = false;
                var_13->mPastMeasurements[var_8].mPeakU16 = 0;
                var_13->mPastMeasurements[var_8].mRmsSquared = 0;
    var_8++;
}
            var_13->mMeasurementBufferIdx = 0;
 } else {
 uint32_t var_8=0 ;;
while (var_8 < var_13->mMeasurementWindowSizeInBuffers) {
    if (var_13->mPastMeasurements[var_8].mIsValid) {
 if (var_13->mPastMeasurements[var_8].mPeakU16 > var_16) {
                        var_16 = var_13->mPastMeasurements[var_8].mPeakU16;
 }
                    var_22 += var_13->mPastMeasurements[var_8].mRmsSquared;
                    var_10++;
 }
    var_8++;
}
 }
 float var_19 = var_10 == 0 ? 0.0f : sqrtf(var_22 / var_10);
 int32_t* var_14 = (int32_t*)var_15;
 if (var_19 < 0.000016f) {
            var_14[MEASUREMENT_IDX_RMS] = -9600; //-96dB
 } else {
            var_14[MEASUREMENT_IDX_RMS] = (int32_t) (2000 * log10(var_19 / 32767.0f));
 }
 if (var_16 == 0) {
            var_14[MEASUREMENT_IDX_PEAK] = -9600; //-96dB
 } else {
            var_14[MEASUREMENT_IDX_PEAK] = (int32_t) (2000 * log10(var_16 / 32767.0f));
 }
        ALOGV(""VISUALIZER_CMD_MEASURE peak=%"" PRIu16 "" (%"" PRId32 ""mB), rms=%.1f (%"" PRId32 ""mB)"",
                var_16, var_14[MEASUREMENT_IDX_PEAK],
                var_19, var_14[MEASUREMENT_IDX_RMS]);
 }
 break;

 default:
        ALOGW(""Visualizer_command invalid command %"" PRIu32, var_3);
 return -EINVAL;
 }

 return 0;
}
"
11227,CWE-399,14B,Qwen2.5-Coder-14B-Instruct,baseline,"The vulnerability in this C++ code is a potential memory leak. The `prepare` pointer is passed as a parameter to the function, but it is not checked whether it already points to an allocated object before resetting it with `prepare->reset()`. If `prepare` already points to an allocated object, calling `reset()` will delete the existing object, but if the function is called multiple times with the same `prepare` pointer, the previous object will not be deallocated, leading to a memory leak. This can be dangerous because it can lead to excessive memory usage over time, potentially causing the program to crash or become unresponsive. To fix this vulnerability, the code should check whether `prepare` already points to an allocated object before resetting it, and if it does, delete the existing object before resetting it. ``` ``` ``` ``` ``` ``` ``` ``` ``` ``` ``` ``` ``` ``` ``` ``` ``` ``` ``` ``` ``` ``` ``` ``` ``` ``` ``` ``` ``` ``` ``` ``` ``` ``` ``` ``` ``` ``` ``` ``` ``` ``` ``` ``` ``` ``` ``` ``` ``` ``` ``` ``` ``` ``` ``` ``` ``` ``` ``` ``` ``` ``` ``` ``` ``` ``` ``` ``` ``` ``` ``` ``` ``` ``` ``` ``` ``` ``` ``` ``` ``` ``` ``` ``` ``` ``` ``` ``` ``` ``` ``` ``` ``` ``` ``` ``` ``` ``` ``` ``` ``` ``` ``` ``` ``` ``` ``` ``` ``` ``` ``` ``` ``` ``` ``` ``` ``` ``` ``` ``` ``` ``` ``` ``` ``` ``` ``` ``` ``` ``` ``` ``` ``` ``` ``` ``` ``` ``` ``` ``` ``` ``` ``` ``` ``` ``` ``` ``` ``` ``` ``` ``` ``` ``` ``` ``` ``` ``` ``` ``` ``` ``` ``` ``` ``` ``` ``` ``` ``` ``` ``` ``` ``` ``` ``` ``` ``` ``` ``` ``` ``` ``` ``` ``` ``` ``` ``` ``` ``` ``` ``` ``` ``` ``` ``` ``` ``` ``` ``` ``` ``` ``` ``` ``` ``` ``` ``` ``` ``` ``` ``` ``` ``` ``` ``` ``` ``` ``` ``` ``` ``` ``` ``` ``` ``` ``` ``` ``` ``` ``` ``` ``` ``` ``` ``` ``` ``` ``` ``` ``` ``` ``` ``` ``` ``` ``` ``` ``` ``` ``` ``` ``` ``` ``` ``` ``` ``` ``` ``` ``` ``` ``` ``` ``` ``` ``` ``` ``` ``` ``` ``` ``` ``` ``` ``` ``` ``` ``` ``` ``` ``` ``` ``` ``` ``` ``` ``` ``` ``` ``` ``` ``` ``` ``` ``` ``` ``` ``` ``` ``` ``` ``` ``` ``` ``` ``` ``` ``` ``` ``` ``` ``` ``` ``` ``` ``` ``` ``` ``` ``` ``` ``` ``` ``` ``` ``` ``` ``` ``` ``` ``` ``` ``` ``` ``` ``` ``` ``` ``` ``` ``` ``` ``` ``` ``` ``` ``` ```"," bool PrintWebViewHelper::InitPrintSettingsAndPrepareFrame(
     WebKit::WebFrame* frame, WebKit::WebNode* node,
     scoped_ptr<PrepareFrameAndViewForPrint>* prepare) {
  if (!InitPrintSettings(frame, node, false))
     return false;
 
   DCHECK(!prepare->get());
  prepare->reset(new PrepareFrameAndViewForPrint(print_pages_params_->params,
                                                 frame, node));
  UpdatePrintableSizeInPrintParameters(frame, node, prepare->get(),
                                       &print_pages_params_->params);
  Send(new PrintHostMsg_DidGetDocumentCookie(
        routing_id(), print_pages_params_->params.document_cookie));
  return true;
}
"
11227,CWE-399,14B,Qwen2.5-Coder-14B-Instruct,perturbed,"The vulnerability in this C++ code is a potential use-after-free error. The `var_4` pointer is reset to point to a new `PrepareFrameAndViewForPrint` object after the `DCHECK` assertion. However, if the `DCHECK` assertion fails (which would indicate that `var_4` already points to an object), the existing object will be leaked and the `var_4` pointer will still point to the old, now invalid memory location. If the function continues to execute and tries to use `var_4`, it will result in undefined behavior, which could lead to security vulnerabilities such as crashes, data corruption, or arbitrary code execution. To fix this vulnerability, the code should ensure that `var_4` is not already pointing to an object before resetting it, or handle the case where it is already set appropriately. ``` ``` ``` ``` ``` ``` ``` ``` ``` ``` ``` ``` ``` ``` ``` ``` ``` ``` ``` ``` ``` ``` ``` ``` ``` ``` ``` ``` ``` ``` ``` ``` ``` ``` ``` ``` ``` ``` ``` ``` ``` ``` ``` ``` ``` ``` ``` ``` ``` ``` ``` ``` ``` ``` ``` ``` ``` ``` ``` ``` ``` ``` ``` ``` ``` ``` ``` ``` ``` ``` ``` ``` ``` ``` ``` ``` ``` ``` ``` ``` ``` ``` ``` ``` ``` ``` ``` ``` ``` ``` ``` ``` ``` ``` ``` ``` ``` ``` ``` ``` ``` ``` ``` ``` ``` ``` ``` ``` ``` ``` ``` ``` ``` ``` ``` ``` ``` ``` ``` ``` ``` ``` ``` ``` ``` ``` ``` ``` ``` ``` ``` ``` ``` ``` ``` ``` ``` ``` ``` ``` ``` ``` ``` ``` ``` ``` ``` ``` ``` ``` ``` ``` ``` ``` ``` ``` ``` ``` ``` ``` ``` ``` ``` ``` ``` ``` ``` ``` ``` ``` ``` ``` ``` ``` ``` ``` ``` ``` ``` ``` ``` ``` ``` ``` ``` ``` ``` ``` ``` ``` ``` ``` ``` ``` ``` ``` ``` ``` ``` ``` ``` ``` ``` ``` ``` ``` ``` ``` ``` ``` ``` ``` ``` ``` ``` ``` ``` ``` ``` ``` ``` ``` ``` ``` ``` ``` ``` ``` ``` ``` ``` ``` ``` ``` ``` ``` ``` ``` ``` ``` ``` ``` ``` ``` ``` ``` ``` ``` ``` ``` ``` ``` ``` ``` ``` ``` ``` ``` ``` ``` ``` ``` ``` ``` ``` ``` ``` ``` ``` ``` ``` ``` ``` ``` ``` ``` ``` ``` ``` ``` ``` ``` ``` ``` ``` ``` ``` ``` ``` ``` ``` ``` ``` ``` ``` ``` ``` ``` ``` ``` ``` ``` ``` ``` ``` ``` ``` ``` ``` ``` ``` ``` ``` ``` ``` ``` ``` ``` ``` ``` ``` ``` ``` ``` ``` ``` ``` ``` ``` ``` ``` ``` ``` ``` ``` ``` ``` ```"," bool PrintWebViewHelper::InitPrintSettingsAndPrepareFrame(
     WebKit::WebFrame* var_2, WebKit::WebNode* var_3,
     scoped_ptr<PrepareFrameAndViewForPrint>* var_4) {
  if (!InitPrintSettings(var_2, var_3, false))
     return false;
 
   DCHECK(!var_4->get());
  var_4->reset(new PrepareFrameAndViewForPrint(print_pages_params_->params,
                                                 var_2, var_3));
  UpdatePrintableSizeInPrintParameters(var_2, var_3, var_4->get(),
                                       &print_pages_params_->params);
  Send(new PrintHostMsg_DidGetDocumentCookie(
        routing_id(), print_pages_params_->params.var_1));
  return true;
}
"
112597,CWE-189,14B,Qwen2.5-Coder-14B-Instruct,baseline,"The vulnerability in this C code is that it does not check if the input pointer `value` is NULL before dereferencing it. This can lead to a segmentation fault if `value` is NULL, which can be exploited by an attacker to crash the program or potentially execute arbitrary code. It is dangerous because it allows an attacker to control the memory address being accessed, leading to potential security vulnerabilities such as buffer overflows or information leaks. To fix this vulnerability, the function should first check if `value` is NULL and handle the case appropriately, such as returning an error code or logging an error message. ``` ``` ``` ``` ``` ``` ``` ``` ``` ``` ``` ``` ``` ``` ``` ``` ``` ``` ``` ``` ``` ``` ``` ``` ``` ``` ``` ``` ``` ``` ``` ``` ``` ``` ``` ``` ``` ``` ``` ``` ``` ``` ``` ``` ``` ``` ``` ``` ``` ``` ``` ``` ``` ``` ``` ``` ``` ``` ``` ``` ``` ``` ``` ``` ``` ``` ``` ``` ``` ``` ``` ``` ``` ``` ``` ``` ``` ``` ``` ``` ``` ``` ``` ``` ``` ``` ``` ``` ``` ``` ``` ``` ``` ``` ``` ``` ``` ``` ``` ``` ``` ``` ``` ``` ``` ``` ``` ``` ``` ``` ``` ``` ``` ``` ``` ``` ``` ``` ``` ``` ``` ``` ``` ``` ``` ``` ``` ``` ``` ``` ``` ``` ``` ``` ``` ``` ``` ``` ``` ``` ``` ``` ``` ``` ``` ``` ``` ``` ``` ``` ``` ``` ``` ``` ``` ``` ``` ``` ``` ``` ``` ``` ``` ``` ``` ``` ``` ``` ``` ``` ``` ``` ``` ``` ``` ``` ``` ``` ``` ``` ``` ``` ``` ``` ``` ``` ``` ``` ``` ``` ``` ``` ``` ``` ``` ``` ``` ``` ``` ``` ``` ``` ``` ``` ``` ``` ``` ``` ``` ``` ``` ``` ``` ``` ``` ``` ``` ``` ``` ``` ``` ``` ``` ``` ``` ``` ``` ``` ``` ``` ``` ``` ``` ``` ``` ``` ``` ``` ``` ``` ``` ``` ``` ``` ``` ``` ``` ``` ``` ``` ``` ``` ``` ``` ``` ``` ``` ``` ``` ``` ``` ``` ``` ``` ``` ``` ``` ``` ``` ``` ``` ``` ``` ``` ``` ``` ``` ``` ``` ``` ``` ``` ``` ``` ``` ``` ``` ``` ``` ``` ``` ``` ``` ``` ``` ``` ``` ``` ``` ``` ``` ``` ``` ``` ``` ``` ``` ``` ``` ``` ``` ``` ``` ``` ``` ``` ``` ``` ``` ``` ``` ``` ``` ``` ``` ``` ``` ``` ``` ``` ``` ``` ``` ``` ``` ``` ``` ``` ``` ``` ``` ``` ``` ``` ``` ``` ``` ``` ``` ``` ``` ``` ``` ``` ``` ``` ``` ``` ``` ``` ``` ``` ``` ``` ``` ``` ``` ``` ``` ``` ``` ``` ``` ``` ``` ``` ``` ``` ``` ``` ``` ``` ``` ``` ``` ``` ``` ``` ``` ```","static size_t exif_convert_any_to_int(void *value, int format, int motorola_intel TSRMLS_DC)
{
	int 		s_den;
	unsigned 	u_den;

	switch(format) {
		case TAG_FMT_SBYTE:     return *(signed char *)value;
		case TAG_FMT_BYTE:      return *(uchar *)value;

		case TAG_FMT_USHORT:    return php_ifd_get16u(value, motorola_intel);
		case TAG_FMT_ULONG:     return php_ifd_get32u(value, motorola_intel);

		case TAG_FMT_URATIONAL:
			u_den = php_ifd_get32u(4+(char *)value, motorola_intel);
			if (u_den == 0) {
				return 0;
			} else {
				return php_ifd_get32u(value, motorola_intel) / u_den;
			}

		case TAG_FMT_SRATIONAL:
			s_den = php_ifd_get32s(4+(char *)value, motorola_intel);
 			if (s_den == 0) {
 				return 0;
 			} else {
				return php_ifd_get32s(value, motorola_intel) / s_den;
 			}
 
 		case TAG_FMT_SSHORT:    return php_ifd_get16u(value, motorola_intel);
		case TAG_FMT_SLONG:     return php_ifd_get32s(value, motorola_intel);

		/* Not sure if this is correct (never seen float used in Exif format) */
		case TAG_FMT_SINGLE:
#ifdef EXIF_DEBUG
			php_error_docref(NULL TSRMLS_CC, E_NOTICE, ""Found value of type single"");
#endif
			return (size_t)*(float *)value;
		case TAG_FMT_DOUBLE:
#ifdef EXIF_DEBUG
			php_error_docref(NULL TSRMLS_CC, E_NOTICE, ""Found value of type double"");
#endif
			return (size_t)*(double *)value;
	}
	return 0;
}
"
112597,CWE-189,14B,Qwen2.5-Coder-14B-Instruct,perturbed,"The vulnerability in this C code is that it does not check if the input pointer `var_5` is NULL before dereferencing it. This can lead to a segmentation fault if `var_5` is NULL, which can be exploited by an attacker to crash the program or potentially execute arbitrary code. To fix this vulnerability, the function should first check if `var_5` is NULL and return an appropriate error code or handle the situation gracefully if it is. ``` ``` ``` ``` ``` ``` ``` ``` ``` ``` ``` ``` ``` ``` ``` ``` ``` ``` ``` ``` ``` ``` ``` ``` ``` ``` ``` ``` ``` ``` ``` ``` ``` ``` ``` ``` ``` ``` ``` ``` ``` ``` ``` ``` ``` ``` ``` ``` ``` ``` ``` ``` ``` ``` ``` ``` ``` ``` ``` ``` ``` ``` ``` ``` ``` ``` ``` ``` ``` ``` ``` ``` ``` ``` ``` ``` ``` ``` ``` ``` ``` ``` ``` ``` ``` ``` ``` ``` ``` ``` ``` ``` ``` ``` ``` ``` ``` ``` ``` ``` ``` ``` ``` ``` ``` ``` ``` ``` ``` ``` ``` ``` ``` ``` ``` ``` ``` ``` ``` ``` ``` ``` ``` ``` ``` ``` ``` ``` ``` ``` ``` ``` ``` ``` ``` ``` ``` ``` ``` ``` ``` ``` ``` ``` ``` ``` ``` ``` ``` ``` ``` ``` ``` ``` ``` ``` ``` ``` ``` ``` ``` ``` ``` ``` ``` ``` ``` ``` ``` ``` ``` ``` ``` ``` ``` ``` ``` ``` ``` ``` ``` ``` ``` ``` ``` ``` ``` ``` ``` ``` ``` ``` ``` ``` ``` ``` ``` ``` ``` ``` ``` ``` ``` ``` ``` ``` ``` ``` ``` ``` ``` ``` ``` ``` ``` ``` ``` ``` ``` ``` ``` ``` ``` ``` ``` ``` ``` ``` ``` ``` ``` ``` ``` ``` ``` ``` ``` ``` ``` ``` ``` ``` ``` ``` ``` ``` ``` ``` ``` ``` ``` ``` ``` ``` ``` ``` ``` ``` ``` ``` ``` ``` ``` ``` ``` ``` ``` ``` ``` ``` ``` ``` ``` ``` ``` ``` ``` ``` ``` ``` ``` ``` ``` ``` ``` ``` ``` ``` ``` ``` ``` ``` ``` ``` ``` ``` ``` ``` ``` ``` ``` ``` ``` ``` ``` ``` ``` ``` ``` ``` ``` ``` ``` ``` ``` ``` ``` ``` ``` ``` ``` ``` ``` ``` ``` ``` ``` ``` ``` ``` ``` ``` ``` ``` ``` ``` ``` ``` ``` ``` ``` ``` ``` ``` ``` ``` ``` ``` ``` ``` ``` ``` ``` ``` ``` ``` ``` ``` ``` ``` ``` ``` ``` ``` ``` ``` ``` ``` ``` ``` ``` ``` ``` ``` ``` ``` ``` ``` ``` ``` ``` ``` ``` ``` ``` ``` ``` ``` ``` ``` ``` ``` ``` ``` ``` ``` ``` ``` ``` ``` ``` ``` ``` ``` ``` ``` ``` ``` ``` ``` ``` ``` ``` ``` ``` ``` ```","static size_t exif_convert_any_to_int(void *var_5, int var_1, int var_2 TSRMLS_DC)
{
	int 		var_3;
	unsigned 	var_4;

	switch(var_1) {
		case TAG_FMT_SBYTE:     return *(signed char *)var_5;
		case TAG_FMT_BYTE:      return *(uchar *)var_5;

		case TAG_FMT_USHORT:    return php_ifd_get16u(var_5, var_2);
		case TAG_FMT_ULONG:     return php_ifd_get32u(var_5, var_2);

		case TAG_FMT_URATIONAL:
			var_4 = php_ifd_get32u(4+(char *)var_5, var_2);
			if (var_4 == 0) {
				return 0;
			} else {
				return php_ifd_get32u(var_5, var_2) / var_4;
			}

		case TAG_FMT_SRATIONAL:
			var_3 = php_ifd_get32s(4+(char *)var_5, var_2);
 			if (var_3 == 0) {
 				return 0;
 			} else {
				return php_ifd_get32s(var_5, var_2) / var_3;
 			}
 
 		case TAG_FMT_SSHORT:    return php_ifd_get16u(var_5, var_2);
		case TAG_FMT_SLONG:     return php_ifd_get32s(var_5, var_2);

		/* Not sure if this is correct (never seen float used in Exif format) */
		case TAG_FMT_SINGLE:
#ifdef EXIF_DEBUG
			php_error_docref(NULL TSRMLS_CC, E_NOTICE, ""Found value of type single"");
#endif
			return (size_t)*(float *)var_5;
		case TAG_FMT_DOUBLE:
#ifdef EXIF_DEBUG
			php_error_docref(NULL TSRMLS_CC, E_NOTICE, ""Found value of type double"");
#endif
			return (size_t)*(double *)var_5;
	}
	return 0;
}
"
71572,CWE-119,14B,Qwen2.5-Coder-14B-Instruct,baseline,"The vulnerability in this C code is a buffer overflow. The variable 'length' is calculated using the GetQuantumExtent function, which returns the number of bytes required to store the image data. However, the code does not check if the value of 'length' is greater than the size of the 'pixels' array. If 'length' is larger than the size of 'pixels', then the ReadBlob function will write beyond the bounds of the 'pixels' array, causing a buffer overflow. This can lead to undefined behavior, including crashes, data corruption, or even arbitrary code execution. To fix this vulnerability, the code should check if 'length' is less than or equal to the size of the 'pixels' array before calling ReadBlob. ``` ``` ``` ``` ``` ``` ``` ``` ``` ``` ``` ``` ``` ``` ``` ``` ``` ``` ``` ``` ``` ``` ``` ``` ``` ``` ``` ``` ``` ``` ``` ``` ``` ``` ``` ``` ``` ``` ``` ``` ``` ``` ``` ``` ``` ``` ``` ``` ``` ``` ``` ``` ``` ``` ``` ``` ``` ``` ``` ``` ``` ``` ``` ``` ``` ``` ``` ``` ``` ``` ``` ``` ``` ``` ``` ``` ``` ``` ``` ``` ``` ``` ``` ``` ``` ``` ``` ``` ``` ``` ``` ``` ``` ``` ``` ``` ``` ``` ``` ``` ``` ``` ``` ``` ``` ``` ``` ``` ``` ``` ``` ``` ``` ``` ``` ``` ``` ``` ``` ``` ``` ``` ``` ``` ``` ``` ``` ``` ``` ``` ``` ``` ``` ``` ``` ``` ``` ``` ``` ``` ``` ``` ``` ``` ``` ``` ``` ``` ``` ``` ``` ``` ``` ``` ``` ``` ``` ``` ``` ``` ``` ``` ``` ``` ``` ``` ``` ``` ``` ``` ``` ``` ``` ``` ``` ``` ``` ``` ``` ``` ``` ``` ``` ``` ``` ``` ``` ``` ``` ``` ``` ``` ``` ``` ``` ``` ``` ``` ``` ``` ``` ``` ``` ``` ``` ``` ``` ``` ``` ``` ``` ``` ``` ``` ``` ``` ``` ``` ``` ``` ``` ``` ``` ``` ``` ``` ``` ``` ``` ``` ``` ``` ``` ``` ``` ``` ``` ``` ``` ``` ``` ``` ``` ``` ``` ``` ``` ``` ``` ``` ``` ``` ``` ``` ``` ``` ``` ``` ``` ``` ``` ``` ``` ``` ``` ``` ``` ``` ``` ``` ``` ``` ``` ``` ``` ``` ``` ``` ``` ``` ``` ``` ``` ``` ``` ``` ``` ``` ``` ``` ``` ``` ``` ``` ``` ``` ``` ``` ``` ``` ``` ``` ``` ``` ``` ``` ``` ``` ``` ``` ``` ``` ``` ``` ``` ``` ``` ``` ``` ``` ``` ``` ``` ``` ``` ``` ``` ``` ``` ``` ``` ``` ``` ``` ``` ``` ``` ``` ``` ``` ``` ``` ``` ``` ``` ``` ``` ``` ``` ``` ``` ``` ``` ``` ``` ``` ``` ``` ``` ``` ```","static Image *ReadARTImage(const ImageInfo *image_info,ExceptionInfo *exception)
{
  Image
    *image;

  QuantumInfo
    *quantum_info;

  QuantumType
    quantum_type;

  MagickBooleanType
    status;

  size_t
    length;

  ssize_t
    count,
    y;

  unsigned char
    *pixels;

  /*
    Open image file.
  */
  assert(image_info != (const ImageInfo *) NULL);
  assert(image_info->signature == MagickSignature);
  if (image_info->debug != MagickFalse)
    (void) LogMagickEvent(TraceEvent,GetMagickModule(),""%s"",
      image_info->filename);
  assert(exception != (ExceptionInfo *) NULL);
  assert(exception->signature == MagickSignature);
  image=AcquireImage(image_info);
  status=OpenBlob(image_info,image,ReadBinaryBlobMode,exception);
  if (status == MagickFalse)
    {
      image=DestroyImageList(image);
      return((Image *) NULL);
    }
  image->depth=1;
  image->endian=MSBEndian;
  (void) ReadBlobLSBShort(image);
  image->columns=(size_t) ReadBlobLSBShort(image);
  (void) ReadBlobLSBShort(image);
  image->rows=(size_t) ReadBlobLSBShort(image);
  if ((image->columns == 0) || (image->rows == 0))
    ThrowReaderException(CorruptImageError,""ImproperImageHeader"");
  /*
    Initialize image colormap.
  */
  if (AcquireImageColormap(image,2) == MagickFalse)
    ThrowReaderException(ResourceLimitError,""MemoryAllocationFailed"");
  if (image_info->ping != MagickFalse)
    {
       (void) CloseBlob(image);
       return(GetFirstImageInList(image));
     }
   /*
     Convert bi-level image to pixel packets.
   */
  SetImageColorspace(image,GRAYColorspace);
  quantum_type=IndexQuantum;
  quantum_info=AcquireQuantumInfo(image_info,image);
  if (quantum_info == (QuantumInfo *) NULL)
    ThrowReaderException(ResourceLimitError,""MemoryAllocationFailed"");
  pixels=GetQuantumPixels(quantum_info);
  length=GetQuantumExtent(image,quantum_info,quantum_type);
  for (y=0; y < (ssize_t) image->rows; y++)
  {
    register PixelPacket
      *restrict q;

    q=QueueAuthenticPixels(image,0,y,image->columns,1,exception);
    if (q == (PixelPacket *) NULL)
      break;
    count=ReadBlob(image,length,pixels);
    if (count != (ssize_t) length)
      ThrowReaderException(CorruptImageError,""UnableToReadImageData"");
    (void) ImportQuantumPixels(image,(CacheView *) NULL,quantum_info,
      quantum_type,pixels,exception);
    count=ReadBlob(image,(size_t) (-(ssize_t) length) & 0x01,pixels);
    if (SyncAuthenticPixels(image,exception) == MagickFalse)
      break;
    status=SetImageProgress(image,LoadImageTag,(MagickOffsetType) y,
      image->rows);
    if (status == MagickFalse)
      break;
  }
  SetQuantumImageType(image,quantum_type);
  quantum_info=DestroyQuantumInfo(quantum_info);
  if (EOFBlob(image) != MagickFalse)
    ThrowFileException(exception,CorruptImageError,""UnexpectedEndOfFile"",
      image->filename);
  (void) CloseBlob(image);
  return(GetFirstImageInList(image));
}
"
71572,CWE-119,14B,Qwen2.5-Coder-14B-Instruct,perturbed,"The vulnerability in this C code is a buffer overflow. The code reads data from a file into a buffer without checking if the buffer has enough space to hold the data. This can lead to writing data outside of the allocated memory, which can overwrite other variables or even cause the program to crash. In this case, the buffer overflow occurs when reading image data into the `var_6` buffer using the `ReadBlob` function. The size of the buffer is determined by the `var_5` variable, which is calculated using the `GetQuantumExtent` function. However, there is no check to ensure that the buffer has enough space to hold the data being read. If the file contains more data than the buffer can hold, the `ReadBlob` function will write data outside of the buffer, leading to a buffer overflow. This can be dangerous because it can allow an attacker to execute arbitrary code or cause the program to crash. To fix this vulnerability, the code should check the size of the buffer before reading data into it, and handle any errors that occur if the buffer is too small.","static Image *ReadARTImage(const ImageInfo *var_4,ExceptionInfo *var_2)
{
  Image
    *var_3;

  QuantumInfo
    *var_8;

  QuantumType
    var_9;

  MagickBooleanType
    var_10;

  size_t
    var_5;

  ssize_t
    var_1,
    y;

  unsigned char
    *var_6;

  /*
    Open image file.
  */
  assert(var_4 != (const ImageInfo *) NULL);
  assert(var_4->signature == MagickSignature);
  if (var_4->debug != MagickFalse)
    (void) LogMagickEvent(TraceEvent,GetMagickModule(),""%s"",
      var_4->filename);
  assert(var_2 != (ExceptionInfo *) NULL);
  assert(var_2->signature == MagickSignature);
  var_3=AcquireImage(var_4);
  var_10=OpenBlob(var_4,var_3,ReadBinaryBlobMode,var_2);
  if (var_10 == MagickFalse)
    {
      var_3=DestroyImageList(var_3);
      return((Image *) NULL);
    }
  var_3->depth=1;
  var_3->endian=MSBEndian;
  (void) ReadBlobLSBShort(var_3);
  var_3->columns=(size_t) ReadBlobLSBShort(var_3);
  (void) ReadBlobLSBShort(var_3);
  var_3->rows=(size_t) ReadBlobLSBShort(var_3);
  if ((var_3->columns == 0) || (var_3->rows == 0))
    ThrowReaderException(CorruptImageError,""ImproperImageHeader"");
  /*
    Initialize image colormap.
  */
  if (AcquireImageColormap(var_3,2) == MagickFalse)
    ThrowReaderException(ResourceLimitError,""MemoryAllocationFailed"");
  if (var_4->ping != MagickFalse)
    {
       (void) CloseBlob(var_3);
       return(GetFirstImageInList(var_3));
     }
   /*
     Convert bi-level image to pixel packets.
   */
  SetImageColorspace(var_3,GRAYColorspace);
  var_9=IndexQuantum;
  var_8=AcquireQuantumInfo(var_4,var_3);
  if (var_8 == (QuantumInfo *) NULL)
    ThrowReaderException(ResourceLimitError,""MemoryAllocationFailed"");
  var_6=GetQuantumPixels(var_8);
  var_5=GetQuantumExtent(var_3,var_8,var_9);
  for (y=0; y < (ssize_t) var_3->rows; y++)
  {
    register PixelPacket
      *restrict var_7;

    var_7=QueueAuthenticPixels(var_3,0,y,var_3->columns,1,var_2);
    if (var_7 == (PixelPacket *) NULL)
      break;
    var_1=ReadBlob(var_3,var_5,var_6);
    if (var_1 != (ssize_t) var_5)
      ThrowReaderException(CorruptImageError,""UnableToReadImageData"");
    (void) ImportQuantumPixels(var_3,(CacheView *) NULL,var_8,
      var_9,var_6,var_2);
    var_1=ReadBlob(var_3,(size_t) (-(ssize_t) var_5) & 0x01,var_6);
    if (SyncAuthenticPixels(var_3,var_2) == MagickFalse)
      break;
    var_10=SetImageProgress(var_3,LoadImageTag,(MagickOffsetType) y,
      var_3->rows);
    if (var_10 == MagickFalse)
      break;
  }
  SetQuantumImageType(var_3,var_9);
  var_8=DestroyQuantumInfo(var_8);
  if (EOFBlob(var_3) != MagickFalse)
    ThrowFileException(var_2,CorruptImageError,""UnexpectedEndOfFile"",
      var_3->filename);
  (void) CloseBlob(var_3);
  return(GetFirstImageInList(var_3));
}
"
55942,CWE-189,14B,Qwen2.5-Coder-14B-Instruct,baseline,"The vulnerability in this C code is a buffer overflow. The code does not properly validate the size of the input data before copying it into a local buffer. Specifically, the code copies the contents of the `pnames` array into a new `enums` array using `memcpy`. However, the code does not check if the size of the `pnames` array is greater than the size of the `enums` array, which could lead to a buffer overflow if the `pnames` array contains more elements than the `enums` array can hold. This vulnerability is dangerous because it could allow an attacker to execute arbitrary code or crash the program by providing a maliciously crafted input. To fix this vulnerability, the code should add a check to ensure that the size of the `pnames` array is less than or equal to the size of the `enums` array before copying the contents of the `pnames` array into the `enums` array.","error::Error GLES2DecoderImpl::HandleGetMultipleIntegervCHROMIUM(
    uint32 immediate_data_size, const gles2::GetMultipleIntegervCHROMIUM& c) {
  GLuint count = c.count;
  uint32 pnames_size;
  if (!SafeMultiplyUint32(count, sizeof(GLenum), &pnames_size)) {
    return error::kOutOfBounds;
  }
  const GLenum* pnames = GetSharedMemoryAs<const GLenum*>(
      c.pnames_shm_id, c.pnames_shm_offset, pnames_size);
  if (pnames == NULL) {
    return error::kOutOfBounds;
  }

  scoped_array<GLenum> enums(new GLenum[count]);
  memcpy(enums.get(), pnames, pnames_size);

  uint32 num_results = 0;
  for (GLuint ii = 0; ii < count; ++ii) {
    uint32 num = util_.GLGetNumValuesReturned(enums[ii]);
    if (num == 0) {
      SetGLErrorInvalidEnum(""glGetMulitpleCHROMIUM"", enums[ii], ""pname"");
      return error::kNoError;
     }
     DCHECK_LE(num, 4u);
    if (!SafeAdd(num_results, num, &num_results)) {
       return error::kOutOfBounds;
     }
   }

  uint32 result_size = 0;
  if (!SafeMultiplyUint32(num_results, sizeof(GLint), &result_size)) {
    return error::kOutOfBounds;
  }

  if (result_size != static_cast<uint32>(c.size)) {
    SetGLError(GL_INVALID_VALUE,
               ""glGetMulitpleCHROMIUM"", ""bad size GL_INVALID_VALUE"");
    return error::kNoError;
  }

  GLint* results = GetSharedMemoryAs<GLint*>(
      c.results_shm_id, c.results_shm_offset, result_size);
  if (results == NULL) {
    return error::kOutOfBounds;
  }

  for (uint32 ii = 0; ii < num_results; ++ii) {
    if (results[ii]) {
      return error::kInvalidArguments;
    }
  }

  GLint* start = results;
  for (GLuint ii = 0; ii < count; ++ii) {
    GLsizei num_written = 0;
    if (!GetHelper(enums[ii], results, &num_written)) {
      glGetIntegerv(enums[ii], results);
    }
    results += num_written;
  }

  if (static_cast<uint32>(results - start) != num_results) {
    return error::kOutOfBounds;
  }

  return error::kNoError;
}
"
55942,CWE-189,14B,Qwen2.5-Coder-14B-Instruct,perturbed,"The vulnerability in this C code is a buffer overflow. The code does not properly validate the input parameters before using them to allocate memory or copy data. Specifically, the code multiplies the `count` parameter by the size of `GLenum` to determine the size of the shared memory region to read from. However, it does not check if the resulting size is within the bounds of the shared memory region. This can lead to a buffer overflow if an attacker provides a large value for `count`, causing the code to read beyond the end of the shared memory region. Additionally, the code does not validate the `size` parameter before using it to allocate memory for the results. If an attacker provides a small value for `size`, the code may allocate less memory than needed, leading to a buffer underflow when writing the results. These vulnerabilities can be exploited by an attacker to execute arbitrary code or cause a denial of service. To fix these vulnerabilities, the code should validate the input parameters before using them to allocate memory or copy data. For example, the code could check if the resulting size is within the bounds of the shared memory region and if the `size` parameter is at least as large as the expected size of the results.","error::Error GLES2DecoderImpl::HandleGetMultipleIntegervCHROMIUM(
    uint32 immediate_data_size, const gles2::GetMultipleIntegervCHROMIUM& c) {
  GLuint var_1 = c.count;
  uint32 var_7;
  if (!SafeMultiplyUint32(var_1, sizeof(GLenum), &var_7)) {
    return error::kOutOfBounds;
  }
  const GLenum* var_6 = GetSharedMemoryAs<const GLenum*>(
      c.pnames_shm_id, c.pnames_shm_offset, var_7);
  if (var_6 == NULL) {
    return error::kOutOfBounds;
  }

  scoped_array<GLenum> enums(new GLenum[var_1]);
  memcpy(enums.get(), var_6, var_7);

  uint32 var_4 = 0;
  GLuint var_2 = 0;;
while (var_2 < var_1) {
    uint32 var_3 = util_.GLGetNumValuesReturned(enums[var_2]);
    if (var_3 == 0) {
      SetGLErrorInvalidEnum(""glGetMulitpleCHROMIUM"", enums[var_2], ""pname"");
      return error::kNoError;
     }
     DCHECK_LE(var_3, 4u);
    if (!SafeAdd(var_4, var_3, &var_4)) {
       return error::kOutOfBounds;
     }
    ++var_2;
}

  uint32 var_8 = 0;
  if (!SafeMultiplyUint32(var_4, sizeof(GLint), &var_8)) {
    return error::kOutOfBounds;
  }

  if (var_8 != static_cast<uint32>(c.size)) {
    SetGLError(GL_INVALID_VALUE,
               ""glGetMulitpleCHROMIUM"", ""bad size GL_INVALID_VALUE"");
    return error::kNoError;
  }

  GLint* var_9 = GetSharedMemoryAs<GLint*>(
      c.results_shm_id, c.results_shm_offset, var_8);
  if (var_9 == NULL) {
    return error::kOutOfBounds;
  }

  uint32 var_2 = 0;;
while (var_2 < var_4) {
    if (var_9[var_2]) {
      return error::kInvalidArguments;
    }
    ++var_2;
}

  GLint* var_10 = var_9;
  GLuint var_2 = 0;;
while (var_2 < var_1) {
    GLsizei var_5 = 0;
    if (!GetHelper(enums[var_2], var_9, &var_5)) {
      glGetIntegerv(enums[var_2], var_9);
    }
    var_9 += var_5;
    ++var_2;
}

  if (static_cast<uint32>(var_9 - var_10) != var_4) {
    return error::kOutOfBounds;
  }

  return error::kNoError;
}
"
126012,CWE-269,14B,Qwen2.5-Coder-14B-Instruct,baseline,"The vulnerability in this code is that it does not check if the destination file already exists before attempting to create a new one. This can lead to data loss if the destination file contains important data that should not be overwritten. Additionally, the code does not handle errors that may occur during the file copying process, which could result in incomplete or corrupted files being created. Finally, the code does not properly handle the case where the destination file is a symbolic link, which could potentially lead to security vulnerabilities if the link points to an unexpected location. To mitigate these risks, the code should include checks for existing files, proper error handling, and secure handling of symbolic links. The vulnerability in this code is that it does not check if the destination file already exists before attempting to create a new one. This can lead to data loss if the destination file contains important data that should not be overwritten. Additionally, the code does not handle errors that may occur during the file copying process, which could result in incomplete or corrupted files being created. Finally, the code does not properly handle the case where the destination file is a symbolic link, which could potentially lead to security vulnerabilities if the link points to an unexpected location. To mitigate these risks, the code should include checks for existing files, proper error handling, and secure handling of symbolic links.
The vulnerability in this code is that it does not check if the destination file already exists before attempting to create a new one. This can lead to data loss if the destination file contains important data that should not be overwritten. Additionally, the code does not handle errors that may occur during the file copying process, which could result in incomplete or corrupted files being created. Finally, the code does not properly handle the case where the destination file is a symbolic link, which could potentially lead to security vulnerabilities if the link points to an unexpected location. To mitigate these risks, the code should include checks for existing files, proper error handling, and secure handling of symbolic links.

The vulnerability in this code is that it does not check if the destination file already exists before attempting to create a new one. This can lead to data loss if the destination file contains important data that should not be overwritten. Additionally, the code does not handle errors that may occur during the file copying process, which could result in incomplete or corrupted files being created. Finally, the code does not properly handle the case where the destination file is a symbolic link, which could potentially lead to security vulnerabilities if the link points to an unexpected location. To mitigate these risks, the code should include","static void copy_asoundrc(void) {
	char *src = RUN_ASOUNDRC_FILE ;
	char *dest;
	if (asprintf(&dest, ""%s/.asoundrc"", cfg.homedir) == -1)
		errExit(""asprintf"");
	
	if (is_link(dest)) {
		fprintf(stderr, ""Error: %s is a symbolic link\n"", dest);
 		exit(1);
 	}
 
	pid_t child = fork();
	if (child < 0)
		errExit(""fork"");
	if (child == 0) {
		drop_privs(0);
		int rv = copy_file(src, dest, getuid(), getgid(), S_IRUSR | S_IWUSR);
		if (rv)
			fprintf(stderr, ""Warning: cannot transfer .asoundrc in private home directory\n"");
		else {
			fs_logger2(""clone"", dest);
		}
		_exit(0);
	}
	waitpid(child, NULL, 0);
 
 	unlink(src);
}
"
126012,CWE-269,14B,Qwen2.5-Coder-14B-Instruct,perturbed,"The vulnerability in this C code is that it does not check if the file pointed to by `RUN_ASOUNDRC_FILE` exists before attempting to copy it. This can lead to a situation where the program tries to copy a non-existent file, which could be used by an attacker to cause the program to crash or behave unpredictably. Additionally, the code does not handle the case where the file pointed to by `RUN_ASOUNDRC_FILE` is a symbolic link, which could potentially be used to perform a symlink attack. To fix this vulnerability, the code should first check if the file exists and is not a symbolic link before attempting to copy it. ``` ``` ``` ``` ``` ``` ``` ``` ``` ``` ``` ``` ``` ``` ``` ``` ``` ``` ``` ``` ``` ``` ``` ``` ``` ``` ``` ``` ``` ``` ``` ``` ``` ``` ``` ``` ``` ``` ``` ``` ``` ``` ``` ``` ``` ``` ``` ``` ``` ``` ``` ``` ``` ``` ``` ``` ``` ``` ``` ``` ``` ``` ``` ``` ``` ``` ``` ``` ``` ``` ``` ``` ``` ``` ``` ``` ``` ``` ``` ``` ``` ``` ``` ``` ``` ``` ``` ``` ``` ``` ``` ``` ``` ``` ``` ``` ``` ``` ``` ``` ``` ``` ``` ``` ``` ``` ``` ``` ``` ``` ``` ``` ``` ``` ``` ``` ``` ``` ``` ``` ``` ``` ``` ``` ``` ``` ``` ``` ``` ``` ``` ``` ``` ``` ``` ``` ``` ``` ``` ``` ``` ``` ``` ``` ``` ``` ``` ``` ``` ``` ``` ``` ``` ``` ``` ``` ``` ``` ``` ``` ``` ``` ``` ``` ``` ``` ``` ``` ``` ``` ``` ``` ``` ``` ``` ``` ``` ``` ``` ``` ``` ``` ``` ``` ``` ``` ``` ``` ``` ``` ``` ``` ``` ``` ``` ``` ``` ``` ``` ``` ``` ``` ``` ``` ``` ``` ``` ``` ``` ``` ``` ``` ``` ``` ``` ``` ``` ``` ``` ``` ``` ``` ``` ``` ``` ``` ``` ``` ``` ``` ``` ``` ``` ``` ``` ``` ``` ``` ``` ``` ``` ``` ``` ``` ``` ``` ``` ``` ``` ``` ``` ``` ``` ``` ``` ``` ``` ``` ``` ``` ``` ``` ``` ``` ``` ``` ``` ``` ``` ``` ``` ``` ``` ``` ``` ``` ``` ``` ``` ``` ``` ``` ``` ``` ``` ``` ``` ``` ``` ``` ``` ``` ``` ``` ``` ``` ``` ``` ``` ``` ``` ``` ``` ``` ``` ``` ``` ``` ``` ``` ``` ``` ``` ``` ``` ``` ``` ``` ``` ``` ``` ``` ``` ``` ``` ``` ``` ``` ``` ``` ``` ``` ``` ``` ``` ``` ``` ``` ``` ``` ``` ``` ``` ``` ``` ``` ``` ``` ``` ``` ``` ``` ``` ``` ``` ``` ``` ``` ``` ``` ``` ``` ``` ``` ``` ``` ``` ``` ``` ``` ``` ``` ``` ``` ``` ``` ``` ``` ``` ``` ```","static void copy_asoundrc(void) {
	char *var_4 = RUN_ASOUNDRC_FILE ;
	char *var_2;
	if (asprintf(&var_2, ""%s/.asoundrc"", cfg.homedir) == -1)
		errExit(""asprintf"");
	
	if (is_link(var_2)) {
		fprintf(stderr, ""Error: %s is a symbolic link\n"", var_2);
 		exit(1);
 	}
 
	pid_t var_1 = fork();
	if (var_1 < 0)
		errExit(""fork"");
	if (var_1 == 0) {
		drop_privs(0);
		int var_3 = copy_file(var_4, var_2, getuid(), getgid(), S_IRUSR | S_IWUSR);
		if (var_3)
			fprintf(stderr, ""Warning: cannot transfer .asoundrc in private home directory\n"");
		else {
			fs_logger2(""clone"", var_2);
		}
		_exit(0);
	}
	waitpid(var_1, NULL, 0);
 
 	unlink(var_4);
}
"
84622,CWE-200,14B,Qwen2.5-Coder-14B-Instruct,baseline,"The vulnerability in this C code is that it does not check if the input string `str` is null before accessing its elements. This can lead to a segmentation fault if `str` is null, as the code will attempt to dereference a null pointer. Additionally, the function assumes that the input string has at least two characters, which may not always be the case. If the input string has fewer than two characters, the function will access out-of-bounds memory, leading to undefined behavior. These issues can be exploited by an attacker to execute arbitrary code or cause the program to crash. To fix these vulnerabilities, the function should first check if `str` is null and then ensure that it has at least two characters before accessing its elements. ```c
static byte parseHexByte(const char * &str) {
    if (str == nullptr) {
        // Handle the error, e.g., return an error code or throw an exception
        return 0; // Example: return 0 or some other error value
    }

    if (str[0] == '\0' || str[1] == '\0') {
        // Handle the error, e.g., return an error code or throw an exception
        return 0; // Example: return 0 or some other error value
    }

    byte b = parseHexChar(str[0]);
    if (str[1] == ':' || str[1] == '\0') {
        str += 2;
        return b;
    } else {
        b = b << 4 | parseHexChar(str[1]);
        str += 3;
        return b;
    }
}
```

In this revised version, the function first checks if `str` is null and if it has at least two characters. If either condition is not met, the function handles the error appropriately, such as by returning an error code or throwing an exception. This prevents the function from accessing invalid memory and ensures that it behaves correctly even when given unexpected input."," static byte parseHexByte(const char * &str) {
     byte b = parseHexChar(str[0]);
    if (str[1] == ':' || str[1] == '\0') {
        str += 2;
        return b;
     } else {
         b = b << 4 | parseHexChar(str[1]);
        str += 3;
        return b;
     }
 }
"
84622,CWE-200,14B,Qwen2.5-Coder-14B-Instruct,perturbed,"The vulnerability in this C code is that it does not check if the input string `var_2` has enough characters to be processed. This can lead to undefined behavior if the string is shorter than expected, as accessing out-of-bounds memory can result in reading arbitrary data or causing a segmentation fault. It is dangerous because it can lead to security vulnerabilities such as buffer overflows or crashes, which can be exploited by an attacker to execute arbitrary code or cause denial of service. To fix this vulnerability, the code should include checks to ensure that the input string has at least two characters before attempting to access them. ```c
static byte parseHexByte(const char * &var_2) {
    // Check if there are at least two characters in the string
    if (var_2[0] == '\0' || var_2[1] == '\0') {
        // Handle error: not enough characters
        return -1; // or some other error handling mechanism
    }

    byte var_1 = parseHexChar(var_2[0]);
    if (var_2[1] == ':' || var_2[1] == '\0') {
        var_2 += 2;
        return var_1;
    } else {
        var_1 = var_1 << 4 | parseHexChar(var_2[1]);
        var_2 += 3;
        return var_1;
    }
}
```

This modification ensures that the function checks for the presence of at least two characters before proceeding with the parsing logic, thus preventing potential out-of-bounds memory accesses."," static byte parseHexByte(const char * &var_2) {
     byte var_1 = parseHexChar(var_2[0]);
    if (var_2[1] == ':' || var_2[1] == '\0') {
        var_2 += 2;
        return var_1;
     } else {
         var_1 = var_1 << 4 | parseHexChar(var_2[1]);
        var_2 += 3;
        return var_1;
     }
 }
"
114827,CWE-399,14B,Qwen2.5-Coder-14B-Instruct,baseline,"The vulnerability in the provided C++ code is related to the initialization of member variables. Specifically, the member variable `print_web_view_` is initialized to `NULL`. This is not inherently a security vulnerability, but it can lead to issues if the code attempts to use `print_web_view_` without first checking if it is `NULL`.

If the code later tries to dereference `print_web_view_` without checking if it is `NULL`, it will result in a null pointer dereference, which can cause the program to crash or behave unpredictably. This type of error is often difficult to debug because it may only occur under certain conditions or with specific inputs.

To mitigate this risk, the code should include checks to ensure that `print_web_view_` is not `NULL` before attempting to use it. Additionally, proper initialization and management of pointers are crucial to prevent such issues. If `print_web_view_` is intended to be used as a pointer to a dynamically allocated object, it should be properly initialized and managed to avoid dangling pointers or other memory-related errors.","PrintWebViewHelper::PrintWebViewHelper(content::RenderView* render_view)
    : content::RenderViewObserver(render_view),
      content::RenderViewObserverTracker<PrintWebViewHelper>(render_view),
      print_web_view_(NULL),
      is_preview_enabled_(IsPrintPreviewEnabled()),
      is_scripted_print_throttling_disabled_(IsPrintThrottlingDisabled()),
      is_print_ready_metafile_sent_(false),
      ignore_css_margins_(false),
       user_cancelled_scripted_print_count_(0),
       is_scripted_printing_blocked_(false),
       notify_browser_of_print_failure_(true),
      print_for_preview_(false) {
 }
"
114827,CWE-399,14B,Qwen2.5-Coder-14B-Instruct,perturbed,"The vulnerability in the provided C++ code is related to the initialization of member variables. Specifically, the member variable `print_web_view_` is initialized to `NULL`. This is not inherently a security vulnerability, but it can lead to issues if the code attempts to use `print_web_view_` without first checking if it is `NULL`.

If the code later tries to dereference `print_web_view_` without checking if it is `NULL`, it will result in a null pointer dereference, which can cause the program to crash or behave unpredictably. This type of error is often difficult to debug because it may only occur under certain conditions or with specific inputs.

To mitigate this risk, the code should include checks to ensure that `print_web_view_` is not `NULL` before attempting to use it. Additionally, proper initialization and management of pointers are crucial to prevent such issues. If `print_web_view_` is intended to be used as a pointer to a dynamically allocated object, it should be properly initialized and managed to avoid dangling pointers or other memory-related errors.","PrintWebViewHelper::PrintWebViewHelper(content::RenderView* render_view)
    : content::RenderViewObserver(render_view),
      content::RenderViewObserverTracker<PrintWebViewHelper>(render_view),
      print_web_view_(NULL),
      is_preview_enabled_(IsPrintPreviewEnabled()),
      is_scripted_print_throttling_disabled_(IsPrintThrottlingDisabled()),
      is_print_ready_metafile_sent_(false),
      ignore_css_margins_(false),
       user_cancelled_scripted_print_count_(0),
       is_scripted_printing_blocked_(false),
       notify_browser_of_print_failure_(true),
      print_for_preview_(false) {
 }
"
141132,CWE-284,14B,Qwen2.5-Coder-14B-Instruct,baseline,"The vulnerability in this C++ code is related to the use of `base::Unretained(this)` in the `RouteFunction` calls. This function is used to bind a member function to an object without retaining a reference to the object. However, if the object is destroyed before the bound function is called, it can lead to undefined behavior, such as accessing invalid memory or crashing the program. In this case, if the `LazyBackgroundPageNativeHandler` object is destroyed while the bound functions are still pending execution, it can result in a use-after-free error, which is a type of memory corruption that can be exploited by attackers to execute arbitrary code with the privileges of the program. To fix this vulnerability, the code should use `base::RetainedRef(this)` instead of `base::Unretained(this)` to ensure that the object remains valid until all pending function calls have completed. ``` ``` ``` ``` ``` ``` ``` ``` ``` ``` ``` ``` ``` ``` ``` ``` ``` ``` ``` ``` ``` ``` ``` ``` ``` ``` ``` ``` ``` ``` ``` ``` ``` ``` ``` ``` ``` ``` ``` ``` ``` ``` ``` ``` ``` ``` ``` ``` ``` ``` ``` ``` ``` ``` ``` ``` ``` ``` ``` ``` ``` ``` ``` ``` ``` ``` ``` ``` ``` ``` ``` ``` ``` ``` ``` ``` ``` ``` ``` ``` ``` ``` ``` ``` ``` ``` ``` ``` ``` ``` ``` ``` ``` ``` ``` ``` ``` ``` ``` ``` ``` ``` ``` ``` ``` ``` ``` ``` ``` ``` ``` ``` ``` ``` ``` ``` ``` ``` ``` ``` ``` ``` ``` ``` ``` ``` ``` ``` ``` ``` ``` ``` ``` ``` ``` ``` ``` ``` ``` ``` ``` ``` ``` ``` ``` ``` ``` ``` ``` ``` ``` ``` ``` ``` ``` ``` ``` ``` ``` ``` ``` ``` ``` ``` ``` ``` ``` ``` ``` ``` ``` ``` ``` ``` ``` ``` ``` ``` ``` ``` ``` ``` ``` ``` ``` ``` ``` ``` ``` ``` ``` ``` ``` ``` ``` ``` ``` ``` ``` ``` ``` ``` ``` ``` ``` ``` ``` ``` ``` ``` ``` ``` ``` ``` ``` ``` ``` ``` ``` ``` ``` ``` ``` ``` ``` ``` ``` ``` ``` ``` ``` ``` ``` ``` ``` ``` ``` ``` ``` ``` ``` ``` ``` ``` ``` ``` ``` ``` ``` ``` ``` ``` ``` ``` ``` ``` ``` ``` ``` ``` ``` ``` ``` ``` ``` ``` ``` ``` ``` ``` ``` ``` ``` ``` ``` ``` ``` ``` ``` ``` ``` ``` ``` ``` ``` ``` ``` ``` ``` ``` ``` ``` ``` ``` ``` ``` ``` ``` ``` ``` ``` ``` ``` ``` ``` ``` ``` ``` ``` ``` ``` ``` ``` ``` ``` ``` ``` ``` ``` ``` ``` ``` ``` ``` ``` ``` ``` ``` ``` ``` ```","LazyBackgroundPageNativeHandler::LazyBackgroundPageNativeHandler(
     ScriptContext* context)
     : ObjectBackedNativeHandler(context) {
   RouteFunction(
      ""IncrementKeepaliveCount"",
       base::Bind(&LazyBackgroundPageNativeHandler::IncrementKeepaliveCount,
                  base::Unretained(this)));
   RouteFunction(
      ""DecrementKeepaliveCount"",
       base::Bind(&LazyBackgroundPageNativeHandler::DecrementKeepaliveCount,
                  base::Unretained(this)));
 }
"
141132,CWE-284,14B,Qwen2.5-Coder-14B-Instruct,perturbed,"The vulnerability in this C++ code is related to the use of `base::Unretained(this)` in the `RouteFunction` calls. This function is used to bind a member function to an object without retaining a reference to the object. However, if the object is destroyed before the bound function is called, it can lead to undefined behavior, such as accessing invalid memory or crashing the program. In this case, if the `LazyBackgroundPageNativeHandler` object is destroyed while the bound functions are still pending execution, it can result in a use-after-free error, which is a type of memory corruption that can be exploited by attackers to execute arbitrary code with the privileges of the program. To fix this vulnerability, the code should use `base::RetainedRef(this)` instead of `base::Unretained(this)` to ensure that the object remains valid until all pending function calls have completed. ``` ``` ``` ``` ``` ``` ``` ``` ``` ``` ``` ``` ``` ``` ``` ``` ``` ``` ``` ``` ``` ``` ``` ``` ``` ``` ``` ``` ``` ``` ``` ``` ``` ``` ``` ``` ``` ``` ``` ``` ``` ``` ``` ``` ``` ``` ``` ``` ``` ``` ``` ``` ``` ``` ``` ``` ``` ``` ``` ``` ``` ``` ``` ``` ``` ``` ``` ``` ``` ``` ``` ``` ``` ``` ``` ``` ``` ``` ``` ``` ``` ``` ``` ``` ``` ``` ``` ``` ``` ``` ``` ``` ``` ``` ``` ``` ``` ``` ``` ``` ``` ``` ``` ``` ``` ``` ``` ``` ``` ``` ``` ``` ``` ``` ``` ``` ``` ``` ``` ``` ``` ``` ``` ``` ``` ``` ``` ``` ``` ``` ``` ``` ``` ``` ``` ``` ``` ``` ``` ``` ``` ``` ``` ``` ``` ``` ``` ``` ``` ``` ``` ``` ``` ``` ``` ``` ``` ``` ``` ``` ``` ``` ``` ``` ``` ``` ``` ``` ``` ``` ``` ``` ``` ``` ``` ``` ``` ``` ``` ``` ``` ``` ``` ``` ``` ``` ``` ``` ``` ``` ``` ``` ``` ``` ``` ``` ``` ``` ``` ``` ``` ``` ``` ``` ``` ``` ``` ``` ``` ``` ``` ``` ``` ``` ``` ``` ``` ``` ``` ``` ``` ``` ``` ``` ``` ``` ``` ``` ``` ``` ``` ``` ``` ``` ``` ``` ``` ``` ``` ``` ``` ``` ``` ``` ``` ``` ``` ``` ``` ``` ``` ``` ``` ``` ``` ``` ``` ``` ``` ``` ``` ``` ``` ``` ``` ``` ``` ``` ``` ``` ``` ``` ``` ``` ``` ``` ``` ``` ``` ``` ``` ``` ``` ``` ``` ``` ``` ``` ``` ``` ``` ``` ``` ``` ``` ``` ``` ``` ``` ``` ``` ``` ``` ``` ``` ``` ``` ``` ``` ``` ``` ``` ``` ``` ``` ``` ``` ``` ``` ``` ``` ``` ``` ``` ``` ``` ``` ``` ``` ``` ```","LazyBackgroundPageNativeHandler::LazyBackgroundPageNativeHandler(
     ScriptContext* context)
     : ObjectBackedNativeHandler(context) {
   RouteFunction(
      ""IncrementKeepaliveCount"",
       base::Bind(&LazyBackgroundPageNativeHandler::IncrementKeepaliveCount,
                  base::Unretained(this)));
   RouteFunction(
      ""DecrementKeepaliveCount"",
       base::Bind(&LazyBackgroundPageNativeHandler::DecrementKeepaliveCount,
                  base::Unretained(this)));
 }
"
46652,CWE-119,14B,Qwen2.5-Coder-14B-Instruct,baseline,"The vulnerability in this C code is a potential buffer overflow. The code allocates memory for the `request` structure and its associated arrays (`ssids`, `channels`, and `ie`) based on the number of SSIDs, channels, and IE length provided by the user. However, the code does not validate the lengths of the SSID and IE data before copying them into the allocated memory. If the user provides SSID or IE data that exceeds the allocated size, it will result in a buffer overflow, potentially leading to arbitrary code execution or other security vulnerabilities. This is dangerous because it allows an attacker to exploit the buffer overflow to execute malicious code with elevated privileges, potentially compromising the entire system. To mitigate this vulnerability, the code should validate the lengths of the SSID and IE data before copying them into the allocated memory.","static int nl80211_trigger_scan(struct sk_buff *skb, struct genl_info *info)
{
	struct cfg80211_registered_device *rdev = info->user_ptr[0];
	struct net_device *dev = info->user_ptr[1];
	struct cfg80211_scan_request *request;
	struct nlattr *attr;
	struct wiphy *wiphy;
	int err, tmp, n_ssids = 0, n_channels, i;
	enum ieee80211_band band;
	size_t ie_len;

	if (!is_valid_ie_attr(info->attrs[NL80211_ATTR_IE]))
		return -EINVAL;

	wiphy = &rdev->wiphy;

	if (!rdev->ops->scan)
		return -EOPNOTSUPP;

	if (rdev->scan_req)
		return -EBUSY;

	if (info->attrs[NL80211_ATTR_SCAN_FREQUENCIES]) {
		n_channels = validate_scan_freqs(
				info->attrs[NL80211_ATTR_SCAN_FREQUENCIES]);
		if (!n_channels)
			return -EINVAL;
	} else {
		n_channels = 0;

		for (band = 0; band < IEEE80211_NUM_BANDS; band++)
			if (wiphy->bands[band])
				n_channels += wiphy->bands[band]->n_channels;
	}

	if (info->attrs[NL80211_ATTR_SCAN_SSIDS])
		nla_for_each_nested(attr, info->attrs[NL80211_ATTR_SCAN_SSIDS], tmp)
			n_ssids++;

	if (n_ssids > wiphy->max_scan_ssids)
		return -EINVAL;

	if (info->attrs[NL80211_ATTR_IE])
		ie_len = nla_len(info->attrs[NL80211_ATTR_IE]);
	else
		ie_len = 0;

	if (ie_len > wiphy->max_scan_ie_len)
		return -EINVAL;

	request = kzalloc(sizeof(*request)
			+ sizeof(*request->ssids) * n_ssids
			+ sizeof(*request->channels) * n_channels
			+ ie_len, GFP_KERNEL);
	if (!request)
		return -ENOMEM;

	if (n_ssids)
		request->ssids = (void *)&request->channels[n_channels];
	request->n_ssids = n_ssids;
	if (ie_len) {
		if (request->ssids)
			request->ie = (void *)(request->ssids + n_ssids);
		else
			request->ie = (void *)(request->channels + n_channels);
	}

	i = 0;
	if (info->attrs[NL80211_ATTR_SCAN_FREQUENCIES]) {
		/* user specified, bail out if channel not found */
		nla_for_each_nested(attr, info->attrs[NL80211_ATTR_SCAN_FREQUENCIES], tmp) {
			struct ieee80211_channel *chan;

			chan = ieee80211_get_channel(wiphy, nla_get_u32(attr));

			if (!chan) {
				err = -EINVAL;
				goto out_free;
			}

			/* ignore disabled channels */
			if (chan->flags & IEEE80211_CHAN_DISABLED)
				continue;

			request->channels[i] = chan;
			i++;
		}
	} else {
		/* all channels */
		for (band = 0; band < IEEE80211_NUM_BANDS; band++) {
			int j;
			if (!wiphy->bands[band])
				continue;
			for (j = 0; j < wiphy->bands[band]->n_channels; j++) {
				struct ieee80211_channel *chan;

				chan = &wiphy->bands[band]->channels[j];

				if (chan->flags & IEEE80211_CHAN_DISABLED)
					continue;

				request->channels[i] = chan;
				i++;
			}
		}
	}

	if (!i) {
		err = -EINVAL;
		goto out_free;
	}

	request->n_channels = i;

 	i = 0;
 	if (info->attrs[NL80211_ATTR_SCAN_SSIDS]) {
 		nla_for_each_nested(attr, info->attrs[NL80211_ATTR_SCAN_SSIDS], tmp) {
 			if (request->ssids[i].ssid_len > IEEE80211_MAX_SSID_LEN) {
 				err = -EINVAL;
 				goto out_free;
 			}
 			memcpy(request->ssids[i].ssid, nla_data(attr), nla_len(attr));
			request->ssids[i].ssid_len = nla_len(attr);
 			i++;
 		}
 	}

	if (info->attrs[NL80211_ATTR_IE]) {
		request->ie_len = nla_len(info->attrs[NL80211_ATTR_IE]);
		memcpy((void *)request->ie,
		       nla_data(info->attrs[NL80211_ATTR_IE]),
		       request->ie_len);
	}

	request->dev = dev;
	request->wiphy = &rdev->wiphy;

	rdev->scan_req = request;
	err = rdev->ops->scan(&rdev->wiphy, dev, request);

	if (!err) {
		nl80211_send_scan_start(rdev, dev);
		dev_hold(dev);
	} else {
 out_free:
		rdev->scan_req = NULL;
		kfree(request);
	}

	return err;
}
"
46652,CWE-119,14B,Qwen2.5-Coder-14B-Instruct,perturbed,"The vulnerability in this C code is a potential buffer overflow. The code allocates memory for `var_11` based on the number of SSIDs (`var_9`) and channels (`n_channels`). However, it does not check if the total size of the allocated memory exceeds the maximum allowed size for a single allocation. This can lead to a buffer overflow if an attacker provides a large number of SSIDs or channels, causing the kernel to allocate more memory than it can handle. This can result in undefined behavior, including crashes or arbitrary code execution, which are serious security risks. To mitigate this vulnerability, the code should include checks to ensure that the total size of the allocated memory does not exceed a predefined limit.","static int nl80211_trigger_scan(struct sk_buff *var_12, struct genl_info *var_7)
{
	struct cfg80211_registered_device *var_10 = var_7->user_ptr[0];
	struct net_device *var_4 = var_7->user_ptr[1];
	struct cfg80211_scan_request *var_11;
	struct nlattr *var_1;
	struct wiphy *var_13;
	int var_5, tmp, var_9 = 0, n_channels, i;
	enum ieee80211_band var_2;
	size_t var_6;

	if (!is_valid_ie_attr(var_7->attrs[NL80211_ATTR_IE]))
		return -EINVAL;

	var_13 = &var_10->wiphy;

	if (!var_10->ops->scan)
		return -EOPNOTSUPP;

	if (var_10->scan_req)
		return -EBUSY;

	if (var_7->attrs[NL80211_ATTR_SCAN_FREQUENCIES]) {
		n_channels = validate_scan_freqs(
				var_7->attrs[NL80211_ATTR_SCAN_FREQUENCIES]);
		if (!n_channels)
			return -EINVAL;
	} else {
		n_channels = 0;

		for (var_2 = 0; var_2 < IEEE80211_NUM_BANDS; var_2++)
			if (var_13->bands[var_2])
				n_channels += var_13->bands[var_2]->n_channels;
	}

	if (var_7->attrs[NL80211_ATTR_SCAN_SSIDS])
		nla_for_each_nested(var_1, var_7->attrs[NL80211_ATTR_SCAN_SSIDS], tmp)
			var_9++;

	if (var_9 > var_13->max_scan_ssids)
		return -EINVAL;

	if (var_7->attrs[NL80211_ATTR_IE])
		var_6 = nla_len(var_7->attrs[NL80211_ATTR_IE]);
	else
		var_6 = 0;

	if (var_6 > var_13->max_scan_ie_len)
		return -EINVAL;

	var_11 = kzalloc(sizeof(*var_11)
			+ sizeof(*var_11->ssids) * var_9
			+ sizeof(*var_11->channels) * n_channels
			+ var_6, GFP_KERNEL);
	if (!var_11)
		return -ENOMEM;

	if (var_9)
		var_11->ssids = (void *)&var_11->channels[n_channels];
	var_11->n_ssids = var_9;
	if (var_6) {
		if (var_11->ssids)
			var_11->ie = (void *)(var_11->ssids + var_9);
		else
			var_11->ie = (void *)(var_11->channels + n_channels);
	}

	i = 0;
	if (var_7->attrs[NL80211_ATTR_SCAN_FREQUENCIES]) {
		/* user specified, bail out if channel not found */
		nla_for_each_nested(var_1, var_7->attrs[NL80211_ATTR_SCAN_FREQUENCIES], tmp) {
			struct ieee80211_channel *var_3;

			var_3 = ieee80211_get_channel(var_13, nla_get_u32(var_1));

			if (!var_3) {
				var_5 = -EINVAL;
				goto out_free;
			}

			/* ignore disabled channels */
			if (var_3->flags & IEEE80211_CHAN_DISABLED)
				continue;

			var_11->channels[i] = var_3;
			i++;
		}
	} else {
		/* all channels */
		for (var_2 = 0; var_2 < IEEE80211_NUM_BANDS; var_2++) {
			int var_8;
			if (!var_13->bands[var_2])
				continue;
			for (var_8 = 0; var_8 < var_13->bands[var_2]->n_channels; var_8++) {
				struct ieee80211_channel *var_3;

				var_3 = &var_13->bands[var_2]->channels[var_8];

				if (var_3->flags & IEEE80211_CHAN_DISABLED)
					continue;

				var_11->channels[i] = var_3;
				i++;
			}
		}
	}

	if (!i) {
		var_5 = -EINVAL;
		goto out_free;
	}

	var_11->n_channels = i;

 	i = 0;
 	if (var_7->attrs[NL80211_ATTR_SCAN_SSIDS]) {
 		nla_for_each_nested(var_1, var_7->attrs[NL80211_ATTR_SCAN_SSIDS], tmp) {
 			if (var_11->ssids[i].ssid_len > IEEE80211_MAX_SSID_LEN) {
 				var_5 = -EINVAL;
 				goto out_free;
 			}
 			memcpy(var_11->ssids[i].ssid, nla_data(var_1), nla_len(var_1));
			var_11->ssids[i].ssid_len = nla_len(var_1);
 			i++;
 		}
 	}

	if (var_7->attrs[NL80211_ATTR_IE]) {
		var_11->ie_len = nla_len(var_7->attrs[NL80211_ATTR_IE]);
		memcpy((void *)var_11->ie,
		       nla_data(var_7->attrs[NL80211_ATTR_IE]),
		       var_11->ie_len);
	}

	var_11->dev = var_4;
	var_11->wiphy = &var_10->wiphy;

	var_10->scan_req = var_11;
	var_5 = var_10->ops->scan(&var_10->wiphy, var_4, var_11);

	if (!var_5) {
		nl80211_send_scan_start(var_10, var_4);
		dev_hold(var_4);
	} else {
 out_free:
		var_10->scan_req = NULL;
		kfree(var_11);
	}

	return var_5;
}
"
146637,CWE-119,14B,Qwen2.5-Coder-14B-Instruct,baseline,"The vulnerability in the code is that it does not check for the presence of a slash character before attempting to use it. This can lead to undefined behavior if the slash character is not found in the string. Additionally, the code does not check if the string after the slash is a valid number, which could also lead to undefined behavior. To fix this, the code should first check if the slash character is present and then check if the string after the slash is a valid number before attempting to convert it to a long long integer.
The vulnerability in the code is that it does not check for the presence of a slash character before attempting to use it. This can lead to undefined behavior if the slash character is not found in the string. Additionally, the code does not check if the string after the slash is a valid number, which could also lead to undefined behavior. To fix this, the code should first check if the slash character is present and then check if the string after the slash is a valid number before attempting to convert it to a long long integer. The vulnerability in the code is that it does not check for the presence of a slash character before attempting to use it. This can lead to undefined behavior if the slash character is not found in the string. Additionally, the code does not check if the string after the slash is a valid number, which could also lead to undefined behavior. To fix this, the code should first check if the slash character is present and then check if the string after the slash is a valid number before attempting to convert it to a long long integer. The vulnerability in the code is that it does not check for the presence of a slash character before attempting to use it. This can lead to undefined behavior if the slash character is not found in the string. Additionally, the code does not check if the string after the slash is a valid number, which could also lead to undefined behavior. To fix this, the code should first check if the slash character is present and then check if the string after the slash is a valid number before attempting to convert it to a long long integer. The vulnerability in the code is that it does not check for the presence of a slash character before attempting to use it. This can lead to undefined behavior if the slash character is not found in the string. Additionally, the code does not check if the string after the slash is a valid number, which could also lead to undefined behavior. To fix this, the code should first check if the slash character is present and then check if the string","static void parse_content_range(URLContext *h, const char *p)
{
    HTTPContext *s = h->priv_data;
    const char *slash;
 
     if (!strncmp(p, ""bytes "", 6)) {
         p     += 6;
        s->off = strtoll(p, NULL, 10);
         if ((slash = strchr(p, '/')) && strlen(slash) > 0)
            s->filesize = strtoll(slash + 1, NULL, 10);
     }
     if (s->seekable == -1 && (!s->is_akamai || s->filesize != 2147483647))
         h->is_streamed = 0; /* we _can_ in fact seek */
}
"
146637,CWE-119,14B,Qwen2.5-Coder-14B-Instruct,perturbed,"The vulnerability in the provided C code is a potential buffer overflow. The function `parse_content_range` takes two parameters: `var_1` of type `URLContext*` and `var_2` of type `const char*`. The function checks if `var_2` starts with the string ""bytes "". If it does, it increments `var_2` by 6 to skip the prefix and then uses `strtoll` to convert the remaining part of the string to a long long integer, which is assigned to `var_3->off`.

The vulnerability arises from the use of `strchr` to find the '/' character in `var_2`. If the '/' character is found, `strchr` returns a pointer to the first occurrence of '/' in `var_2`. However, the code then checks if the length of the substring starting from the '/' character is greater than 0 using `strlen(var_4) > 0`. This check is incorrect because `strlen` expects a null-terminated string, but `var_4` points to a single character ('/') and not the start of a null-terminated string. This can lead to undefined behavior, including a buffer overflow, as `strlen` will continue to read memory beyond the intended bounds until it finds a null terminator.

To fix this vulnerability, the code should ensure that `var_4` points to a valid null-terminated string before calling `strlen`. One way to do this is to check if `var_4` is not null and that the character following '/' is not the null terminator. Here's an example of how the code could be modified:

```c
if ((var_4 = strchr(var_2, '/')) && *(var_4 + 1) != '\0')
    var_3->filesize = strtoll(var_4 + 1, NULL, 10);
```

This modification ensures that `var_4` points to a valid null-terminated string before calling `strlen`, thus preventing the potential buffer overflow.","static void parse_content_range(URLContext *var_1, const char *var_2)
{
    HTTPContext *var_3 = var_1->priv_data;
    const char *var_4;
 
     if (!strncmp(var_2, ""bytes "", 6)) {
         var_2     += 6;
        var_3->off = strtoll(var_2, NULL, 10);
         if ((var_4 = strchr(var_2, '/')) && strlen(var_4) > 0)
            var_3->filesize = strtoll(var_4 + 1, NULL, 10);
     }
     if (var_3->seekable == -1 && (!var_3->is_akamai || var_3->filesize != 2147483647))
         var_1->is_streamed = 0; /* we _can_ in fact seek */
}
"
53232,CWE-125,14B,Qwen2.5-Coder-14B-Instruct,baseline,"The vulnerability in this C code is a buffer overflow. The code does not check if the input data 'dat' is large enough to be safely cast to a uint32_t pointer and then dereferenced. If 'dat' is shorter than 4 bytes, this will result in undefined behavior, which could lead to a crash or even an arbitrary code execution exploit. This is dangerous because it allows an attacker to potentially control the program's execution flow by providing carefully crafted input data. To fix this vulnerability, the code should first check that the length of 'dat' is at least 4 bytes before attempting to access it as a uint32_t. ```c
if (length < sizeof(uint32_t)) {
    // Handle error, e.g., print an error message or return an error code
    return;
}
```

This check ensures that there are at least 4 bytes available in the input data, preventing the buffer overflow vulnerability.","l2tp_framing_cap_print(netdissect_options *ndo, const u_char *dat)
 {
 	const uint32_t *ptr = (const uint32_t *)dat;
 
 	if (EXTRACT_32BITS(ptr) &  L2TP_FRAMING_CAP_ASYNC_MASK) {
 		ND_PRINT((ndo, ""A""));
 	}
	if (EXTRACT_32BITS(ptr) &  L2TP_FRAMING_CAP_SYNC_MASK) {
		ND_PRINT((ndo, ""S""));
	}
 }
"
53232,CWE-125,14B,Qwen2.5-Coder-14B-Instruct,perturbed,"The vulnerability in this code is that it does not check if the input data 'dat' is at least 4 bytes long before attempting to read from it. This can lead to a buffer overflow if 'dat' contains less than 4 bytes of data. If an attacker provides a short packet, the code will attempt to read beyond the bounds of the input data, potentially accessing memory that it should not have access to. This can result in undefined behavior, crashes, or even remote code execution if the attacker can control the contents of the memory being accessed. To fix this vulnerability, the code should first check if the length of 'dat' is at least 4 bytes before performing any operations on it. ```c
if (length < 4) {
    ND_PRINT((ndo, ""Invalid data length""));
    return;
}
```

This check ensures that the code only attempts to read from the input data if it is safe to do so, preventing potential buffer overflow vulnerabilities.","l2tp_framing_cap_print(netdissect_options *ndo, const u_char *dat)
 {
 	const uint32_t *var_1 = (const uint32_t *)dat;
 
 	if (EXTRACT_32BITS(var_1) &  L2TP_FRAMING_CAP_ASYNC_MASK) {
 		ND_PRINT((ndo, ""A""));
 	}
	if (EXTRACT_32BITS(var_1) &  L2TP_FRAMING_CAP_SYNC_MASK) {
		ND_PRINT((ndo, ""S""));
	}
 }
"
17677,CWE-20,14B,Qwen2.5-Coder-14B-Instruct,baseline,"The vulnerability in the provided C code is a double call to `vmxnet_tx_pkt_setup_vlan_header` within the same conditional block. This can lead to incorrect or unexpected behavior in the network packet processing, potentially causing data corruption or security issues.

The problematic section of the code is:

```c
if (!s->skip_current_tx_pkt) {
    vmxnet_tx_pkt_parse(s->tx_pkt);
    if (s->needs_vlan) {
        vmxnet_tx_pkt_setup_vlan_header(s->tx_pkt, s->tci);
    }
    vmxnet_tx_pkt_setup_vlan_header(s->tx_pkt, s->tci); // Second call here
}
```

In this code, `vmxnet_tx_pkt_setup_vlan_header` is called twice. If `s->needs_vlan` is true, the first call will set up the VLAN header correctly. However, the second call will overwrite any changes made by the first call, leading to potential issues such as incorrect VLAN tagging or other unintended modifications to the packet.

This double call can be dangerous because it can cause the network stack to process packets with incorrect headers, which might lead to security vulnerabilities such as unauthorized access or denial of service attacks. It can also result in data corruption if the packet is not processed correctly by subsequent layers of the network stack.

To fix this vulnerability, the second call to `vmxnet_tx_pkt_setup_vlan_header` should be removed, ensuring that the VLAN header is only set up once if needed. Here is the corrected code:

```c
if (!s->skip_current_tx_pkt) {
    vmxnet_tx_pkt_parse(s->tx_pkt);
    if (s->needs_vlan) {
        vmxnet_tx_pkt_setup_vlan_header(s->tx_pkt, s->tci);
    }
}
```

By removing the redundant call, the code ensures that the VLAN header is only set up when necessary, preventing potential issues related to incorrect packet processing.","static void vmxnet3_process_tx_queue(VMXNET3State *s, int qidx)
{
    struct Vmxnet3_TxDesc txd;
    uint32_t txd_idx;
    uint32_t data_len;
    hwaddr data_pa;

    for (;;) {
        if (!vmxnet3_pop_next_tx_descr(s, qidx, &txd, &txd_idx)) {
            break;
        }

        vmxnet3_dump_tx_descr(&txd);

        if (!s->skip_current_tx_pkt) {
            data_len = (txd.len > 0) ? txd.len : VMXNET3_MAX_TX_BUF_SIZE;
            data_pa = le64_to_cpu(txd.addr);

            if (!vmxnet_tx_pkt_add_raw_fragment(s->tx_pkt,
                                                data_pa,
                                                data_len)) {
                s->skip_current_tx_pkt = true;
            }
        }

        if (s->tx_sop) {
            vmxnet3_tx_retrieve_metadata(s, &txd);
            s->tx_sop = false;
         }
 
         if (txd.eop) {
            if (!s->skip_current_tx_pkt) {
                vmxnet_tx_pkt_parse(s->tx_pkt);
                 if (s->needs_vlan) {
                     vmxnet_tx_pkt_setup_vlan_header(s->tx_pkt, s->tci);
                 }
                    vmxnet_tx_pkt_setup_vlan_header(s->tx_pkt, s->tci);
                }

                vmxnet3_send_packet(s, qidx);
            } else {
                vmxnet3_on_tx_done_update_stats(s, qidx,
                                                VMXNET3_PKT_STATUS_ERROR);
            }

            vmxnet3_complete_packet(s, qidx, txd_idx);
            s->tx_sop = true;
            s->skip_current_tx_pkt = false;
            vmxnet_tx_pkt_reset(s->tx_pkt);
        }
    }
"
17677,CWE-20,14B,Qwen2.5-Coder-14B-Instruct,perturbed,"The vulnerability in the provided C code is a double call to `vmxnet_tx_pkt_setup_vlan_header` within the same conditional block. This can lead to incorrect VLAN header setup, potentially causing network packets to be misrouted or dropped by network devices that expect a properly formatted VLAN header. The repeated call to `vmxnet_tx_pkt_setup_vlan_header` with the same parameters (`var_4->tx_pkt` and `var_4->tci`) is unnecessary and can introduce bugs or security vulnerabilities if the function has side effects or if the state of `var_4->tx_pkt` is not idempotent under repeated calls. To fix this issue, one of the redundant calls should be removed. Additionally, it's important to ensure that the function does not have unintended side effects when called multiple times with the same arguments. If the function is designed to be idempotent, then the redundancy might not cause immediate harm, but it is still a code smell and should be addressed for clarity and maintainability. If the function is not idempotent, then the double call could lead to undefined behavior or security issues. It's crucial to review the implementation of `vmxnet_tx_pkt_setup_vlan_header` to understand its behavior and potential impact on the system. If the function is part of a larger library or framework, consulting the documentation or source code for that library can provide insights into whether the function is safe to call multiple times with the same arguments. In any case, removing the redundant call is a good practice to prevent potential issues and improve code quality.","static void vmxnet3_process_tx_queue(VMXNET3State *var_4, int var_3)
{
    struct Vmxnet3_TxDesc var_5;
    uint32_t var_6;
    uint32_t var_1;
    hwaddr var_2;

    for (;;) {
        if (!vmxnet3_pop_next_tx_descr(var_4, var_3, &var_5, &var_6)) {
            break;
        }

        vmxnet3_dump_tx_descr(&var_5);

        if (!var_4->skip_current_tx_pkt) {
            var_1 = (var_5.len > 0) ? var_5.len : VMXNET3_MAX_TX_BUF_SIZE;
            var_2 = le64_to_cpu(var_5.addr);

            if (!vmxnet_tx_pkt_add_raw_fragment(var_4->tx_pkt,
                                                var_2,
                                                var_1)) {
                var_4->skip_current_tx_pkt = true;
            }
        }

        if (var_4->tx_sop) {
            vmxnet3_tx_retrieve_metadata(var_4, &var_5);
            var_4->tx_sop = false;
         }
 
         if (var_5.eop) {
            if (!var_4->skip_current_tx_pkt) {
                vmxnet_tx_pkt_parse(var_4->tx_pkt);
                 if (var_4->needs_vlan) {
                     vmxnet_tx_pkt_setup_vlan_header(var_4->tx_pkt, var_4->tci);
                 }
                    vmxnet_tx_pkt_setup_vlan_header(var_4->tx_pkt, var_4->tci);
                }

                vmxnet3_send_packet(var_4, var_3);
            } else {
                vmxnet3_on_tx_done_update_stats(var_4, var_3,
                                                VMXNET3_PKT_STATUS_ERROR);
            }

            vmxnet3_complete_packet(var_4, var_3, var_6);
            var_4->tx_sop = true;
            var_4->skip_current_tx_pkt = false;
            vmxnet_tx_pkt_reset(var_4->tx_pkt);
        }
    }
"
32503,CWE-190,14B,Qwen2.5-Coder-14B-Instruct,baseline,"The vulnerability in this C++ code is related to the use of `std::unique_ptr` and the potential for a race condition if this function is called concurrently from multiple threads. The `next_operation_id_` variable is incremented without any synchronization mechanism, which means that if two threads call `BeginOperation` at the same time, they might both read the same value of `next_operation_id_`, increment it, and then write back the same incremented value. This would result in two operations having the same `OperationID`, which could lead to data corruption or other undefined behavior.

To fix this vulnerability, you should add a mutex or other synchronization mechanism to protect the access to `next_operation_id_`. Here's an example of how you could modify the code to use a mutex:

```cpp
#include <mutex>

class FileSystemOperationRunner {
 public:
  OperationID BeginOperation(std::unique_ptr<FileSystemOperation> operation) {
    std::lock_guard<std::mutex> lock(mutex_);
    OperationID id = next_operation_id_++;
    operations_.emplace(id, std::move(operation));
    return id;
  }

 private:
  std::mutex mutex_;
  OperationID next_operation_id_ = 0;
  std::map<OperationID, std::unique_ptr<FileSystemOperation>> operations_;
};
```

In this modified code, the `mutex_` member variable is used to protect the access to `next_operation_id_`. The `std::lock_guard` object locks the mutex when the `BeginOperation` method is entered and automatically unlocks it when the method exits, ensuring that only one thread can execute the critical section of code at a time. This prevents race conditions and ensures that each operation has a unique `OperationID`.","OperationID FileSystemOperationRunner::BeginOperation(
     std::unique_ptr<FileSystemOperation> operation) {
   OperationID id = next_operation_id_++;
 
  operations_.emplace(id, std::move(operation));
   return id;
 }
"
32503,CWE-190,14B,Qwen2.5-Coder-14B-Instruct,perturbed,"The vulnerability in this C++ code is related to the use of `std::unique_ptr` and the potential for a double-free error. The `std::unique_ptr` is designed to own and manage a dynamically allocated object, ensuring that the object is properly deleted when the `std::unique_ptr` goes out of scope. However, if the `operations_` map is not properly managed or if there is a bug in the code that allows the same `std::unique_ptr` to be moved into the map multiple times, it could lead to a double-free error when the `std::unique_ptr` is destroyed. This would result in undefined behavior, which could include crashes, data corruption, or security vulnerabilities.

The vulnerability in this C++ code is related to the use of `std::unique_ptr` and the potential for a double-free error. The `std::unique_ptr` is designed to own and manage a dynamically allocated object, ensuring that the object is properly deleted when the `std::unique_ptr` goes out of scope. However, if the `operations_` map is not properly managed or if there is a bug in the code that allows the same `std::unique_ptr` to be moved into the map multiple times, it could lead to a double-free error when the `std::unique_ptr` is destroyed. This would result in undefined behavior, which could include crashes, data corruption, or security vulnerabilities.

The vulnerability in this C++ code is related to the use of `std::unique_ptr` and the potential for a double-free error. The `std::unique_ptr` is designed to own and manage a dynamically allocated object, ensuring that the object is properly deleted when the `std::unique_ptr` goes out of scope. However, if the `operations_` map is not properly managed or if there is a bug in the code that allows the same `std::unique_ptr` to be moved into the map multiple times, it could lead to a double-free error when the `std::unique_ptr` is destroyed. This would result in undefined behavior, which could include crashes, data corruption, or security vulnerabilities.

The vulnerability in this C++ code is related to the use of `std::unique_ptr` and the potential for a double-free error. The `std::unique_ptr` is designed to own and manage a dynamically allocated object, ensuring that the object is properly deleted when the `std::unique_ptr` goes out of scope. However, if the `operations_` map is not","OperationID FileSystemOperationRunner::BeginOperation(
     std::unique_ptr<FileSystemOperation> var_2) {
   OperationID var_1 = next_operation_id_++;
 
  operations_.emplace(var_1, std::move(var_2));
   return var_1;
 }
"
82568,CWE-125,14B,Qwen2.5-Coder-14B-Instruct,baseline,"The vulnerability in this C code is a buffer overflow. The code uses `sscanf` to read up to 1024 characters into the `name` and `format` arrays, but it does not check if the input exceeds these limits. If an attacker provides a key with more than 1024 characters for either `name` or `format`, it will overflow the buffer, potentially leading to arbitrary code execution or other severe security issues. This is dangerous because it allows an attacker to manipulate memory, which can be used to execute malicious code or crash the program. To fix this vulnerability, the code should validate the length of the input before copying it into the buffers.","static MagickBooleanType Get8BIMProperty(const Image *image,const char *key,
  ExceptionInfo *exception)
{
  char
    *attribute,
    format[MagickPathExtent],
    name[MagickPathExtent],
    *resource;

  const StringInfo
    *profile;

  const unsigned char
    *info;

  long
    start,
    stop;

  MagickBooleanType
    status;

  register ssize_t
    i;

  size_t
    length;

  ssize_t
    count,
    id,
    sub_number;

  /*
    There are no newlines in path names, so it's safe as terminator.
  */
  profile=GetImageProfile(image,""8bim"");
  if (profile == (StringInfo *) NULL)
    return(MagickFalse);
  count=(ssize_t) sscanf(key,""8BIM:%ld,%ld:%1024[^\n]\n%1024[^\n]"",&start,&stop,
    name,format);
  if ((count != 2) && (count != 3) && (count != 4))
    return(MagickFalse);
  if (count < 4)
    (void) CopyMagickString(format,""SVG"",MagickPathExtent);
  if (count < 3)
    *name='\0';
  sub_number=1;
  if (*name == '#')
    sub_number=(ssize_t) StringToLong(&name[1]);
  sub_number=MagickMax(sub_number,1L);
  resource=(char *) NULL;
  status=MagickFalse;
  length=GetStringInfoLength(profile);
  info=GetStringInfoDatum(profile);
  while ((length > 0) && (status == MagickFalse))
  {
    if (ReadPropertyByte(&info,&length) != (unsigned char) '8')
      continue;
    if (ReadPropertyByte(&info,&length) != (unsigned char) 'B')
      continue;
    if (ReadPropertyByte(&info,&length) != (unsigned char) 'I')
      continue;
    if (ReadPropertyByte(&info,&length) != (unsigned char) 'M')
      continue;
    id=(ssize_t) ReadPropertyMSBShort(&info,&length);
    if (id < (ssize_t) start)
      continue;
    if (id > (ssize_t) stop)
      continue;
    if (resource != (char *) NULL)
      resource=DestroyString(resource);
    count=(ssize_t) ReadPropertyByte(&info,&length);
    if ((count != 0) && ((size_t) count <= length))
      {
        resource=(char *) NULL;
        if (~((size_t) count) >= (MagickPathExtent-1))
          resource=(char *) AcquireQuantumMemory((size_t) count+
            MagickPathExtent,sizeof(*resource));
        if (resource != (char *) NULL)
          {
            for (i=0; i < (ssize_t) count; i++)
              resource[i]=(char) ReadPropertyByte(&info,&length);
            resource[count]='\0';
          }
      }
     if ((count & 0x01) == 0)
       (void) ReadPropertyByte(&info,&length);
     count=(ssize_t) ReadPropertyMSBLong(&info,&length);
     if ((*name != '\0') && (*name != '#'))
       if ((resource == (char *) NULL) || (LocaleCompare(name,resource) != 0))
         {
          /*
            No name match, scroll forward and try next.
          */
          info+=count;
          length-=MagickMin(count,(ssize_t) length);
          continue;
        }
    if ((*name == '#') && (sub_number != 1))
      {
        /*
          No numbered match, scroll forward and try next.
        */
        sub_number--;
        info+=count;
        length-=MagickMin(count,(ssize_t) length);
        continue;
      }
    /*
      We have the resource of interest.
    */
    attribute=(char *) NULL;
    if (~((size_t) count) >= (MagickPathExtent-1))
      attribute=(char *) AcquireQuantumMemory((size_t) count+MagickPathExtent,
        sizeof(*attribute));
    if (attribute != (char *) NULL)
      {
        (void) CopyMagickMemory(attribute,(char *) info,(size_t) count);
        attribute[count]='\0';
        info+=count;
        length-=MagickMin(count,(ssize_t) length);
        if ((id <= 1999) || (id >= 2999))
          (void) SetImageProperty((Image *) image,key,(const char *)
            attribute,exception);
        else
          {
            char
              *path;

            if (LocaleCompare(format,""svg"") == 0)
              path=TraceSVGClippath((unsigned char *) attribute,(size_t) count,
                image->columns,image->rows);
            else
              path=TracePSClippath((unsigned char *) attribute,(size_t) count);
            (void) SetImageProperty((Image *) image,key,(const char *) path,
              exception);
            path=DestroyString(path);
          }
        attribute=DestroyString(attribute);
        status=MagickTrue;
      }
  }
  if (resource != (char *) NULL)
    resource=DestroyString(resource);
  return(status);
}
"
82568,CWE-125,14B,Qwen2.5-Coder-14B-Instruct,perturbed,"The vulnerability in this C code is a buffer overflow. The code uses `sscanf` to read up to 1024 characters into the `name` and `format` arrays, but it does not check if the input string is longer than 1024 characters. If the input string is longer, it will overflow the buffer, potentially leading to undefined behavior, crashes, or even arbitrary code execution. This can be exploited by an attacker to execute malicious code on the system. To fix this vulnerability, the code should validate the length of the input string before copying it into the buffer. ``` ``` ``` ``` ``` ``` ``` ``` ``` ``` ``` ``` ``` ``` ``` ``` ``` ``` ``` ``` ``` ``` ``` ``` ``` ``` ``` ``` ``` ``` ``` ``` ``` ``` ``` ``` ``` ``` ``` ``` ``` ``` ``` ``` ``` ``` ``` ``` ``` ``` ``` ``` ``` ``` ``` ``` ``` ``` ``` ``` ``` ``` ``` ``` ``` ``` ``` ``` ``` ``` ``` ``` ``` ``` ``` ``` ``` ``` ``` ``` ``` ``` ``` ``` ``` ``` ``` ``` ``` ``` ``` ``` ``` ``` ``` ``` ``` ``` ``` ``` ``` ``` ``` ``` ``` ``` ``` ``` ``` ``` ``` ``` ``` ``` ``` ``` ``` ``` ``` ``` ``` ``` ``` ``` ``` ``` ``` ``` ``` ``` ``` ``` ``` ``` ``` ``` ``` ``` ``` ``` ``` ``` ``` ``` ``` ``` ``` ``` ``` ``` ``` ``` ``` ``` ``` ``` ``` ``` ``` ``` ``` ``` ``` ``` ``` ``` ``` ``` ``` ``` ``` ``` ``` ``` ``` ``` ``` ``` ``` ``` ``` ``` ``` ``` ``` ``` ``` ``` ``` ``` ``` ``` ``` ``` ``` ``` ``` ``` ``` ``` ``` ``` ``` ``` ``` ``` ``` ``` ``` ``` ``` ``` ``` ``` ``` ``` ``` ``` ``` ``` ``` ``` ``` ``` ``` ``` ``` ``` ``` ``` ``` ``` ``` ``` ``` ``` ``` ``` ``` ``` ``` ``` ``` ``` ``` ``` ``` ``` ``` ``` ``` ``` ``` ``` ``` ``` ``` ``` ``` ``` ``` ``` ``` ``` ``` ``` ``` ``` ``` ``` ``` ``` ``` ``` ``` ``` ``` ``` ``` ``` ``` ``` ``` ``` ``` ``` ``` ``` ``` ``` ``` ``` ``` ``` ``` ``` ``` ``` ``` ``` ``` ``` ``` ``` ``` ``` ``` ``` ``` ``` ``` ``` ``` ``` ``` ``` ``` ``` ``` ``` ``` ``` ``` ``` ``` ``` ``` ``` ``` ``` ``` ``` ``` ``` ``` ``` ``` ``` ``` ``` ``` ``` ``` ``` ``` ``` ``` ``` ``` ``` ``` ``` ``` ``` ``` ``` ``` ``` ``` ``` ``` ``` ``` ``` ``` ``` ``` ``` ``` ``` ``` ``` ``` ``` ``` ``` ``` ``` ``` ``` ``` ``` ``` ``` ``` ``` ``` ``` ``` ```","static MagickBooleanType Get8BIMProperty(const Image *var_5,const char *var_7,
  ExceptionInfo *var_3)
{
  char
    *var_1,
    format[MagickPathExtent],
    name[MagickPathExtent],
    *resource;

  const StringInfo
    *var_10;

  const unsigned char
    *var_6;

  long
    var_11,
    stop;

  MagickBooleanType
    var_12;

  register ssize_t
    var_4;

  size_t
    var_8;

  ssize_t
    var_2,
    id,
    sub_number;

  /*
    There are no newlines in path names, so it's safe as terminator.
  */
  var_10=GetImageProfile(var_5,""8bim"");
  if (var_10 == (StringInfo *) NULL)
    return(MagickFalse);
  var_2=(ssize_t) sscanf(var_7,""8BIM:%ld,%ld:%1024[^\n]\n%1024[^\n]"",&var_11,&stop,
    name,format);
  if ((var_2 != 2) && (var_2 != 3) && (var_2 != 4))
    return(MagickFalse);
  if (var_2 < 4)
    (void) CopyMagickString(format,""SVG"",MagickPathExtent);
  if (var_2 < 3)
    *name='\0';
  sub_number=1;
  if (*name == '#')
    sub_number=(ssize_t) StringToLong(&name[1]);
  sub_number=MagickMax(sub_number,1L);
  resource=(char *) NULL;
  var_12=MagickFalse;
  var_8=GetStringInfoLength(var_10);
  var_6=GetStringInfoDatum(var_10);
  while ((var_8 > 0) && (var_12 == MagickFalse))
  {
    if (ReadPropertyByte(&var_6,&var_8) != (unsigned char) '8')
      continue;
    if (ReadPropertyByte(&var_6,&var_8) != (unsigned char) 'B')
      continue;
    if (ReadPropertyByte(&var_6,&var_8) != (unsigned char) 'I')
      continue;
    if (ReadPropertyByte(&var_6,&var_8) != (unsigned char) 'M')
      continue;
    id=(ssize_t) ReadPropertyMSBShort(&var_6,&var_8);
    if (id < (ssize_t) var_11)
      continue;
    if (id > (ssize_t) stop)
      continue;
    if (resource != (char *) NULL)
      resource=DestroyString(resource);
    var_2=(ssize_t) ReadPropertyByte(&var_6,&var_8);
    if ((var_2 != 0) && ((size_t) var_2 <= var_8))
      {
        resource=(char *) NULL;
        if (~((size_t) var_2) >= (MagickPathExtent-1))
          resource=(char *) AcquireQuantumMemory((size_t) var_2+
            MagickPathExtent,sizeof(*resource));
        if (resource != (char *) NULL)
          {
            var_4=0;
while (var_4 < (ssize_t) var_2) {
    resource[var_4]=(char) ReadPropertyByte(&var_6,&var_8);
    var_4++;
}
            resource[var_2]='\0';
          }
      }
     if ((var_2 & 0x01) == 0)
       (void) ReadPropertyByte(&var_6,&var_8);
     var_2=(ssize_t) ReadPropertyMSBLong(&var_6,&var_8);
     if ((*name != '\0') && (*name != '#'))
       if ((resource == (char *) NULL) || (LocaleCompare(name,resource) != 0))
         {
          /*
            No name match, scroll forward and try next.
          */
          var_6+=var_2;
          var_8-=MagickMin(var_2,(ssize_t) var_8);
          continue;
        }
    if ((*name == '#') && (sub_number != 1))
      {
        /*
          No numbered match, scroll forward and try next.
        */
        sub_number--;
        var_6+=var_2;
        var_8-=MagickMin(var_2,(ssize_t) var_8);
        continue;
      }
    /*
      We have the resource of interest.
    */
    var_1=(char *) NULL;
    if (~((size_t) var_2) >= (MagickPathExtent-1))
      var_1=(char *) AcquireQuantumMemory((size_t) var_2+MagickPathExtent,
        sizeof(*var_1));
    if (var_1 != (char *) NULL)
      {
        (void) CopyMagickMemory(var_1,(char *) var_6,(size_t) var_2);
        var_1[var_2]='\0';
        var_6+=var_2;
        var_8-=MagickMin(var_2,(ssize_t) var_8);
        if ((id <= 1999) || (id >= 2999))
          (void) SetImageProperty((Image *) var_5,var_7,(const char *)
            var_1,var_3);
        else
          {
            char
              *var_9;

            if (LocaleCompare(format,""svg"") == 0)
              var_9=TraceSVGClippath((unsigned char *) var_1,(size_t) var_2,
                var_5->columns,var_5->rows);
            else
              var_9=TracePSClippath((unsigned char *) var_1,(size_t) var_2);
            (void) SetImageProperty((Image *) var_5,var_7,(const char *) var_9,
              var_3);
            var_9=DestroyString(var_9);
          }
        var_1=DestroyString(var_1);
        var_12=MagickTrue;
      }
  }
  if (resource != (char *) NULL)
    resource=DestroyString(resource);
  return(var_12);
}
"
118563,CWE-20,14B,Qwen2.5-Coder-14B-Instruct,baseline,"The vulnerability in this C code is a potential buffer overflow. The code reads a value from the `header` array at index 4 and multiplies it by 2 to determine the number of elements to allocate for the `mTimeToSample` array. However, there is no check to ensure that the value read from the `header` array is within a safe range before multiplying it by 2. This could result in an integer overflow, which would cause the `allocSize` variable to be set to a very large value. When the `new` operator is used to allocate memory for the `mTimeToSample` array, it may attempt to allocate more memory than is available, leading to a buffer overflow. This could allow an attacker to execute arbitrary code or crash the program. To fix this vulnerability, the code should include a check to ensure that the value read from the `header` array is within a safe range before multiplying it by 2. For example, the code could add a check to ensure that the value read from the `header` array is less than or equal to a maximum safe value, such as `UINT32_MAX / 2`. This would prevent an integer overflow from occurring and help protect against buffer overflows. ``` ``` ``` ``` ``` ``` ``` ``` ``` ``` ``` ``` ``` ``` ``` ``` ``` ``` ``` ``` ``` ``` ``` ``` ``` ``` ``` ``` ``` ``` ``` ``` ``` ``` ``` ``` ``` ``` ``` ``` ``` ``` ``` ``` ``` ``` ``` ``` ``` ``` ``` ``` ``` ``` ``` ``` ``` ``` ``` ``` ``` ``` ``` ``` ``` ``` ``` ``` ``` ``` ``` ``` ``` ``` ``` ``` ``` ``` ``` ``` ``` ``` ``` ``` ``` ``` ``` ``` ``` ``` ``` ``` ``` ``` ``` ``` ``` ``` ``` ``` ``` ``` ``` ``` ``` ``` ``` ``` ``` ``` ``` ``` ``` ``` ``` ``` ``` ``` ``` ``` ``` ``` ``` ``` ``` ``` ``` ``` ``` ``` ``` ``` ``` ``` ``` ``` ``` ``` ``` ``` ``` ``` ``` ``` ``` ``` ``` ``` ``` ``` ``` ``` ``` ``` ``` ``` ``` ``` ``` ``` ``` ``` ``` ``` ``` ``` ``` ``` ``` ``` ``` ``` ``` ``` ``` ``` ``` ``` ``` ``` ``` ``` ``` ``` ``` ``` ``` ``` ``` ``` ``` ``` ``` ``` ``` ``` ``` ``` ``` ``` ``` ``` ``` ``` ``` ``` ``` ``` ``` ``` ``` ``` ``` ``` ``` ``` ``` ``` ``` ``` ``` ``` ``` ``` ``` ``` ``` ``` ``` ``` ``` ``` ``` ``` ``` ``` ``` ``` ``` ``` ``` ``` ``` ``` ``` ``` ``` ``` ``` ``` ``` ``` ``` ``` ``` ``` ``` ```"," status_t SampleTable::setTimeToSampleParams(
         off64_t data_offset, size_t data_size) {
    if (mTimeToSample != NULL || data_size < 8) {
         return ERROR_MALFORMED;
     }
 
 uint8_t header[8];
 if (mDataSource->readAt(
                data_offset, header, sizeof(header)) < (ssize_t)sizeof(header)) {
 return ERROR_IO;
 }

 if (U32_AT(header) != 0) {
 return ERROR_MALFORMED;

     }
 
     mTimeToSampleCount = U32_AT(&header[4]);
    uint64_t allocSize = (uint64_t)mTimeToSampleCount * 2 * sizeof(uint32_t);
    if (allocSize > UINT32_MAX) {
         return ERROR_OUT_OF_RANGE;
     }
    mTimeToSample = new (std::nothrow) uint32_t[mTimeToSampleCount * 2];
    if (!mTimeToSample)
        return ERROR_OUT_OF_RANGE;
 
    size_t size = sizeof(uint32_t) * mTimeToSampleCount * 2;
    if (mDataSource->readAt(
                data_offset + 8, mTimeToSample, size) < (ssize_t)size) {
         return ERROR_IO;
     }
 
    for (uint32_t i = 0; i < mTimeToSampleCount * 2; ++i) {
        mTimeToSample[i] = ntohl(mTimeToSample[i]);
     }
     return OK;
 }
"
118563,CWE-20,14B,Qwen2.5-Coder-14B-Instruct,perturbed,"The vulnerability in this C code is a potential buffer overflow. The code reads data from a data source into a fixed-size buffer `var_4` of size 8 bytes. However, it then uses the value read from the first 4 bytes of `var_4` to determine the number of elements to allocate for `mTimeToSample`. If the value read from the first 4 bytes is not zero, the code proceeds to allocate memory for `mTimeToSample` based on the value read from the last 4 bytes of `var_4`. This can lead to an allocation of a very large amount of memory if the value read from the last 4 bytes is a large number, potentially causing a buffer overflow or other memory-related issues. Additionally, the code does not check if the value read from the last 4 bytes is within a reasonable range before using it to allocate memory, which further increases the risk of a buffer overflow. To mitigate this vulnerability, the code should include checks to ensure that the value read from the last 4 bytes is within a reasonable range before using it to allocate memory."," status_t SampleTable::setTimeToSampleParams(
         off64_t var_2, size_t var_3) {
    if (mTimeToSample != NULL || var_3 < 8) {
         return ERROR_MALFORMED;
     }
 
 uint8_t var_4[8];
 if (mDataSource->readAt(
                var_2, var_4, sizeof(var_4)) < (ssize_t)sizeof(var_4)) {
 return ERROR_IO;
 }

 if (U32_AT(var_4) != 0) {
 return ERROR_MALFORMED;

     }
 
     mTimeToSampleCount = U32_AT(&var_4[4]);
    uint64_t var_1 = (uint64_t)mTimeToSampleCount * 2 * sizeof(uint32_t);
    if (var_1 > UINT32_MAX) {
         return ERROR_OUT_OF_RANGE;
     }
    mTimeToSample = new (std::nothrow) uint32_t[mTimeToSampleCount * 2];
    if (!mTimeToSample)
        return ERROR_OUT_OF_RANGE;
 
    size_t var_6 = sizeof(uint32_t) * mTimeToSampleCount * 2;
    if (mDataSource->readAt(
                var_2 + 8, mTimeToSample, var_6) < (ssize_t)var_6) {
         return ERROR_IO;
     }
 
    for (uint32_t var_5 = 0; var_5 < mTimeToSampleCount * 2; ++var_5) {
        mTimeToSample[var_5] = ntohl(mTimeToSample[var_5]);
     }
     return OK;
 }
"
45033,CWE-190,14B,Qwen2.5-Coder-14B-Instruct,baseline,"The vulnerability in this C code is a potential buffer overflow. The code attempts to reallocate memory for an array of pointers to strings (azModuleArg) using sqlite3DbRealloc. However, it does not check if the reallocation was successful before accessing the newly allocated memory. If the reallocation fails, azModuleArg will be set to NULL, and the code will attempt to access it as if it were a valid pointer. This can lead to undefined behavior, including crashes or security vulnerabilities such as arbitrary code execution. To fix this, the code should check if azModuleArg is NULL after the reallocation and handle the error appropriately, such as by freeing the previously allocated memory and returning an error code. ``` ``` ``` ``` ``` ``` ``` ``` ``` ``` ``` ``` ``` ``` ``` ``` ``` ``` ``` ``` ``` ``` ``` ``` ``` ``` ``` ``` ``` ``` ``` ``` ``` ``` ``` ``` ``` ``` ``` ``` ``` ``` ``` ``` ``` ``` ``` ``` ``` ``` ``` ``` ``` ``` ``` ``` ``` ``` ``` ``` ``` ``` ``` ``` ``` ``` ``` ``` ``` ``` ``` ``` ``` ``` ``` ``` ``` ``` ``` ``` ``` ``` ``` ``` ``` ``` ``` ``` ``` ``` ``` ``` ``` ``` ``` ``` ``` ``` ``` ``` ``` ``` ``` ``` ``` ``` ``` ``` ``` ``` ``` ``` ``` ``` ``` ``` ``` ``` ``` ``` ``` ``` ``` ``` ``` ``` ``` ``` ``` ``` ``` ``` ``` ``` ``` ``` ``` ``` ``` ``` ``` ``` ``` ``` ``` ``` ``` ``` ``` ``` ``` ``` ``` ``` ``` ``` ``` ``` ``` ``` ``` ``` ``` ``` ``` ``` ``` ``` ``` ``` ``` ``` ``` ``` ``` ``` ``` ``` ``` ``` ``` ``` ``` ``` ``` ``` ``` ``` ``` ``` ``` ``` ``` ``` ``` ``` ``` ``` ``` ``` ``` ``` ``` ``` ``` ``` ``` ``` ``` ``` ``` ``` ``` ``` ``` ``` ``` ``` ``` ``` ``` ``` ``` ``` ``` ``` ``` ``` ``` ``` ``` ``` ``` ``` ``` ``` ``` ``` ``` ``` ``` ``` ``` ``` ``` ``` ``` ``` ``` ``` ``` ``` ``` ``` ``` ``` ``` ``` ``` ``` ``` ``` ``` ``` ``` ``` ``` ``` ``` ``` ``` ``` ``` ``` ``` ``` ``` ``` ``` ``` ``` ``` ``` ``` ``` ``` ``` ``` ``` ``` ``` ``` ``` ``` ``` ``` ``` ``` ``` ``` ``` ``` ``` ``` ``` ``` ``` ``` ``` ``` ``` ``` ``` ``` ``` ``` ``` ``` ``` ``` ``` ``` ``` ``` ``` ``` ``` ``` ``` ``` ``` ``` ``` ``` ``` ``` ``` ``` ``` ``` ``` ``` ``` ``` ``` ``` ``` ``` ``` ``` ``` ``` ``` ``` ``` ``` ``` ``` ``` ``` ``` ``` ``` ``` ``` ``` ``` ```","static void addModuleArgument(sqlite3 *db, Table *pTable, char *zArg){
  int nBytes = sizeof(char *)*(2+pTable->nModuleArg);
   char **azModuleArg;
   azModuleArg = sqlite3DbRealloc(db, pTable->azModuleArg, nBytes);
   if( azModuleArg==0 ){
     sqlite3DbFree(db, zArg);
  }else{
    int i = pTable->nModuleArg++;
    azModuleArg[i] = zArg;
    azModuleArg[i+1] = 0;
    pTable->azModuleArg = azModuleArg;
  }
}
"
45033,CWE-190,14B,Qwen2.5-Coder-14B-Instruct,perturbed,"The vulnerability in this C code is a buffer overflow. The code attempts to reallocate memory for an array of pointers (`char **var_1`) that stores module arguments. However, the size calculation for the new memory block is incorrect. The expression `sizeof(char *)*(2+var_5->nModuleArg)` allocates enough space for `var_5->nModuleArg + 2` pointers, but the code then writes two additional elements beyond the allocated space: `var_1[var_3] = var_6;` and `var_1[var_3+1] = 0;`. This can lead to writing past the end of the allocated memory, potentially overwriting adjacent memory locations or corrupting the heap. This kind of buffer overflow can be exploited by an attacker to execute arbitrary code or cause the program to crash. To fix this vulnerability, the size calculation should be adjusted to account for the correct number of elements being written.","static void addModuleArgument(sqlite3 *var_2, Table *var_5, char *var_6){
  int var_4 = sizeof(char *)*(2+var_5->nModuleArg);
   char **var_1;
   var_1 = sqlite3DbRealloc(var_2, var_5->azModuleArg, var_4);
   if( var_1==0 ){
     sqlite3DbFree(var_2, var_6);
  }else{
    int var_3 = var_5->nModuleArg++;
    var_1[var_3] = var_6;
    var_1[var_3+1] = 0;
    var_5->azModuleArg = var_1;
  }
}
"
113098,CWE-119,14B,Qwen2.5-Coder-14B-Instruct,baseline,"The vulnerability in this C code is related to the handling of XML attributes and tags. Specifically, the code does not validate or sanitize the input from these attributes and tags before using them. This can lead to several security issues, such as:

1. **XML External Entity (XXE) Attacks**: If the XML input contains external entity references, the code may attempt to resolve these references, potentially leading to unauthorized access to local files or network resources.

2. **Buffer Overflows**: The code uses fixed-size buffers (e.g., `partname` and `fakename`) without checking if the input data exceeds their capacity. This can lead to buffer overflows if the input data is too long.

3. **Code Injection**: If the XML input contains malicious code, the code may execute this code, leading to arbitrary code execution.

4. **Denial of Service (DoS)**: Maliciously crafted XML input can cause the program to consume excessive resources, leading to a denial of service.

To mitigate these vulnerabilities, the code should:

- Validate and sanitize all XML input to ensure it does not contain malicious content.
- Use secure functions to handle strings and buffers, such as `strncpy` instead of `strcpy`, and check for buffer overflow conditions.
- Disable external entity processing in the XML parser to prevent XXE attacks.
- Avoid executing any code derived from XML input.

By addressing these issues, the code can be made more secure against various types of attacks.","xps_parse_glyphs(xps_document *doc, const fz_matrix *ctm,
		char *base_uri, xps_resource *dict, fz_xml *root)
{
	fz_xml *node;

	char *fill_uri;
	char *opacity_mask_uri;

	char *bidi_level_att;
	char *fill_att;
	char *font_size_att;
	char *font_uri_att;
	char *origin_x_att;
	char *origin_y_att;
	char *is_sideways_att;
	char *indices_att;
	char *unicode_att;
	char *style_att;
	char *transform_att;
	char *clip_att;
	char *opacity_att;
	char *opacity_mask_att;
	char *navigate_uri_att;

	fz_xml *transform_tag = NULL;
	fz_xml *clip_tag = NULL;
	fz_xml *fill_tag = NULL;
	fz_xml *opacity_mask_tag = NULL;

	char *fill_opacity_att = NULL;

	xps_part *part;
	fz_font *font;

	char partname[1024];
	char fakename[1024];
	char *subfont;

	float font_size = 10;
	int subfontid = 0;
	int is_sideways = 0;
	int bidi_level = 0;

	fz_text *text;
	fz_rect area;

	fz_matrix local_ctm = *ctm;

	/*
	 * Extract attributes and extended attributes.
	 */

	bidi_level_att = fz_xml_att(root, ""BidiLevel"");
	fill_att = fz_xml_att(root, ""Fill"");
	font_size_att = fz_xml_att(root, ""FontRenderingEmSize"");
	font_uri_att = fz_xml_att(root, ""FontUri"");
	origin_x_att = fz_xml_att(root, ""OriginX"");
	origin_y_att = fz_xml_att(root, ""OriginY"");
	is_sideways_att = fz_xml_att(root, ""IsSideways"");
	indices_att = fz_xml_att(root, ""Indices"");
	unicode_att = fz_xml_att(root, ""UnicodeString"");
	style_att = fz_xml_att(root, ""StyleSimulations"");
	transform_att = fz_xml_att(root, ""RenderTransform"");
	clip_att = fz_xml_att(root, ""Clip"");
	opacity_att = fz_xml_att(root, ""Opacity"");
	opacity_mask_att = fz_xml_att(root, ""OpacityMask"");
	navigate_uri_att = fz_xml_att(root, ""FixedPage.NavigateUri"");

	for (node = fz_xml_down(root); node; node = fz_xml_next(node))
	{
		if (!strcmp(fz_xml_tag(node), ""Glyphs.RenderTransform""))
			transform_tag = fz_xml_down(node);
		if (!strcmp(fz_xml_tag(node), ""Glyphs.OpacityMask""))
			opacity_mask_tag = fz_xml_down(node);
		if (!strcmp(fz_xml_tag(node), ""Glyphs.Clip""))
			clip_tag = fz_xml_down(node);
		if (!strcmp(fz_xml_tag(node), ""Glyphs.Fill""))
			fill_tag = fz_xml_down(node);
	}

	fill_uri = base_uri;
	opacity_mask_uri = base_uri;

	xps_resolve_resource_reference(doc, dict, &transform_att, &transform_tag, NULL);
	xps_resolve_resource_reference(doc, dict, &clip_att, &clip_tag, NULL);
	xps_resolve_resource_reference(doc, dict, &fill_att, &fill_tag, &fill_uri);
	xps_resolve_resource_reference(doc, dict, &opacity_mask_att, &opacity_mask_tag, &opacity_mask_uri);

	/*
	 * Check that we have all the necessary information.
	 */

	if (!font_size_att || !font_uri_att || !origin_x_att || !origin_y_att) {
		fz_warn(doc->ctx, ""missing attributes in glyphs element"");
		return;
	}

	if (!indices_att && !unicode_att)
		return; /* nothing to draw */

	if (is_sideways_att)
		is_sideways = !strcmp(is_sideways_att, ""true"");

	if (bidi_level_att)
		bidi_level = atoi(bidi_level_att);

	/*
	 * Find and load the font resource
	 */

	xps_resolve_url(partname, base_uri, font_uri_att, sizeof partname);
	subfont = strrchr(partname, '#');
	if (subfont)
	{
		subfontid = atoi(subfont + 1);
		*subfont = 0;
	}

	/* Make a new part name for font with style simulation applied */
	fz_strlcpy(fakename, partname, sizeof fakename);
	if (style_att)
	{
		if (!strcmp(style_att, ""BoldSimulation""))
			fz_strlcat(fakename, ""#Bold"", sizeof fakename);
		else if (!strcmp(style_att, ""ItalicSimulation""))
			fz_strlcat(fakename, ""#Italic"", sizeof fakename);
		else if (!strcmp(style_att, ""BoldItalicSimulation""))
			fz_strlcat(fakename, ""#BoldItalic"", sizeof fakename);
	}

	font = xps_lookup_font(doc, fakename);
	if (!font)
	{
		fz_try(doc->ctx)
		{
			part = xps_read_part(doc, partname);
		}
		fz_catch(doc->ctx)
		{
			fz_rethrow_if(doc->ctx, FZ_ERROR_TRYLATER);
			fz_warn(doc->ctx, ""cannot find font resource part '%s'"", partname);
			return;
		}

		/* deobfuscate if necessary */
		if (strstr(part->name, "".odttf""))
			xps_deobfuscate_font_resource(doc, part);
		if (strstr(part->name, "".ODTTF""))
			xps_deobfuscate_font_resource(doc, part);

		fz_try(doc->ctx)
		{
			fz_buffer *buf = fz_new_buffer_from_data(doc->ctx, part->data, part->size);
			font = fz_new_font_from_buffer(doc->ctx, NULL, buf, subfontid, 1);
			fz_drop_buffer(doc->ctx, buf);
		}
		fz_catch(doc->ctx)
		{
			fz_rethrow_if(doc->ctx, FZ_ERROR_TRYLATER);
			fz_warn(doc->ctx, ""cannot load font resource '%s'"", partname);
			xps_free_part(doc, part);
			return;
		}

		if (style_att)
		{
			font->ft_bold = !!strstr(style_att, ""Bold"");
			font->ft_italic = !!strstr(style_att, ""Italic"");
		}

		xps_select_best_font_encoding(doc, font);

		xps_insert_font(doc, fakename, font);

		/* NOTE: we already saved part->data in the buffer in the font */
		fz_free(doc->ctx, part->name);
		fz_free(doc->ctx, part);
	}

	/*
	 * Set up graphics state.
	 */

	if (transform_att || transform_tag)
	{
		fz_matrix transform;
		if (transform_att)
			xps_parse_render_transform(doc, transform_att, &transform);
		if (transform_tag)
			xps_parse_matrix_transform(doc, transform_tag, &transform);
		fz_concat(&local_ctm, &transform, &local_ctm);
	}

	if (clip_att || clip_tag)
		xps_clip(doc, &local_ctm, dict, clip_att, clip_tag);

	font_size = fz_atof(font_size_att);

	text = xps_parse_glyphs_imp(doc, &local_ctm, font, font_size,
			fz_atof(origin_x_att), fz_atof(origin_y_att),
			is_sideways, bidi_level, indices_att, unicode_att);

	fz_bound_text(doc->ctx, text, NULL, &local_ctm, &area);

	if (navigate_uri_att)
		xps_add_link(doc, &area, base_uri, navigate_uri_att);

	xps_begin_opacity(doc, &local_ctm, &area, opacity_mask_uri, dict, opacity_att, opacity_mask_tag);

	/* If it's a solid color brush fill/stroke do a simple fill */

	if (fill_tag && !strcmp(fz_xml_tag(fill_tag), ""SolidColorBrush""))
	{
		fill_opacity_att = fz_xml_att(fill_tag, ""Opacity"");
		fill_att = fz_xml_att(fill_tag, ""Color"");
		fill_tag = NULL;
	}
 
        if (fill_att)
        {
               float samples[32];
                fz_colorspace *colorspace;
 
                xps_parse_color(doc, base_uri, fill_att, &colorspace, samples);
		if (fill_opacity_att)
			samples[0] *= fz_atof(fill_opacity_att);
		xps_set_color(doc, colorspace, samples);

		fz_fill_text(doc->dev, text, &local_ctm,
			doc->colorspace, doc->color, doc->alpha);
	}

	/* If it's a complex brush, use the charpath as a clip mask */

	if (fill_tag)
	{
		fz_clip_text(doc->dev, text, &local_ctm, 0);
		xps_parse_brush(doc, &local_ctm, &area, fill_uri, dict, fill_tag);
		fz_pop_clip(doc->dev);
	}

	xps_end_opacity(doc, opacity_mask_uri, dict, opacity_att, opacity_mask_tag);

	fz_free_text(doc->ctx, text);

	if (clip_att || clip_tag)
		fz_pop_clip(doc->dev);

	fz_drop_font(doc->ctx, font);
}
"
113098,CWE-119,14B,Qwen2.5-Coder-14B-Instruct,perturbed,"10 = var_10 ? var_10 : ""1"";
		var_9 = var_9 ? var_9 : ""#000000"";

		xps_set_color(doc, &var_20, var_9, fz_atof(var_10));
		fz_fill_text(doc->ctx, var_35, &var_20, doc->dev);
	}

	/* Otherwise use the complex brush fill/stroke */

	else if (var_11)
	{
		xps_paint_brush(doc, &var_20, var_11, dict, var_12);
		fz_fill_text(doc->ctx, var_35, &var_20, doc->dev);
	}

	xps_end_opacity(doc);

	xps_drop_text(doc->ctx, var_35);
}

The vulnerability in this C code is a potential buffer overflow in the `xps_parse_glyphs` function. The vulnerability arises from the use of `fz_strlcat` to concatenate strings into fixed-size buffers (`var_8` and `var_30`). Specifically, the following lines are problematic:

```c
fz_strlcat(var_8, ""#Bold"", sizeof var_8);
fz_strlcat(var_8, ""#Italic"", sizeof var_8);
fz_strlcat(var_8, ""#BoldItalic"", sizeof var_8);
```

### Why It Is Dangerous

1. **Fixed Buffer Size**: Both `var_8` and `var_30` are declared as arrays of size 1024 characters. This means they can hold at most 1023 characters plus a null terminator.

2. **Concatenation Without Checking Remaining Space**: The `fz_strlcat` function appends a string to the end of a buffer, but it does not check if there is enough space left in the buffer to accommodate the new string. If the buffer is already close to its maximum capacity, appending another string could result in a buffer overflow.

3. **Potential Overwrite**: If the buffer overflows, it can overwrite adjacent memory locations, leading to undefined behavior. This could include corrupting other variables, causing the program to crash, or even executing arbitrary code if an attacker can control the contents of the overflowing data.

### Mitigation

To mitigate this vulnerability, you should ensure that there is enough space left in the buffer before performing concatenation operations","xps_parse_glyphs(xps_document *doc, const fz_matrix *ctm,
		char *base_uri, xps_resource *dict, fz_xml *root)
{
	fz_xml *var_22;

	char *var_12;
	char *var_26;

	char *var_3;
	char *var_9;
	char *var_15;
	char *var_16;
	char *var_27;
	char *var_28;
	char *var_19;
	char *var_17;
	char *var_39;
	char *var_32;
	char *var_37;
	char *var_5;
	char *var_23;
	char *var_24;
	char *var_21;

	fz_xml *var_38 = NULL;
	fz_xml *var_6 = NULL;
	fz_xml *var_11 = NULL;
	fz_xml *var_25 = NULL;

	char *var_10 = NULL;

	xps_part *var_29;
	fz_font *var_13;

	char var_30[1024];
	char var_8[1024];
	char *var_33;

	float var_14 = 10;
	int var_34 = 0;
	int var_18 = 0;
	int var_2 = 0;

	fz_text *var_35;
	fz_rect var_1;

	fz_matrix var_20 = *ctm;

	/*
	 * Extract attributes and extended attributes.
	 */

	var_3 = fz_xml_att(root, ""BidiLevel"");
	var_9 = fz_xml_att(root, ""Fill"");
	var_15 = fz_xml_att(root, ""FontRenderingEmSize"");
	var_16 = fz_xml_att(root, ""FontUri"");
	var_27 = fz_xml_att(root, ""OriginX"");
	var_28 = fz_xml_att(root, ""OriginY"");
	var_19 = fz_xml_att(root, ""IsSideways"");
	var_17 = fz_xml_att(root, ""Indices"");
	var_39 = fz_xml_att(root, ""UnicodeString"");
	var_32 = fz_xml_att(root, ""StyleSimulations"");
	var_37 = fz_xml_att(root, ""RenderTransform"");
	var_5 = fz_xml_att(root, ""Clip"");
	var_23 = fz_xml_att(root, ""Opacity"");
	var_24 = fz_xml_att(root, ""OpacityMask"");
	var_21 = fz_xml_att(root, ""FixedPage.NavigateUri"");

	for (var_22 = fz_xml_down(root); var_22; var_22 = fz_xml_next(var_22))
	{
		if (!strcmp(fz_xml_tag(var_22), ""Glyphs.RenderTransform""))
			var_38 = fz_xml_down(var_22);
		if (!strcmp(fz_xml_tag(var_22), ""Glyphs.OpacityMask""))
			var_25 = fz_xml_down(var_22);
		if (!strcmp(fz_xml_tag(var_22), ""Glyphs.Clip""))
			var_6 = fz_xml_down(var_22);
		if (!strcmp(fz_xml_tag(var_22), ""Glyphs.Fill""))
			var_11 = fz_xml_down(var_22);
	}

	var_12 = base_uri;
	var_26 = base_uri;

	xps_resolve_resource_reference(doc, dict, &var_37, &var_38, NULL);
	xps_resolve_resource_reference(doc, dict, &var_5, &var_6, NULL);
	xps_resolve_resource_reference(doc, dict, &var_9, &var_11, &var_12);
	xps_resolve_resource_reference(doc, dict, &var_24, &var_25, &var_26);

	/*
	 * Check that we have all the necessary information.
	 */

	if (!var_15 || !var_16 || !var_27 || !var_28) {
		fz_warn(doc->ctx, ""missing attributes in glyphs element"");
		return;
	}

	if (!var_17 && !var_39)
		return; /* nothing to draw */

	if (var_19)
		var_18 = !strcmp(var_19, ""true"");

	if (var_3)
		var_2 = atoi(var_3);

	/*
	 * Find and load the font resource
	 */

	xps_resolve_url(var_30, base_uri, var_16, sizeof var_30);
	var_33 = strrchr(var_30, '#');
	if (var_33)
	{
		var_34 = atoi(var_33 + 1);
		*var_33 = 0;
	}

	/* Make a new part name for font with style simulation applied */
	fz_strlcpy(var_8, var_30, sizeof var_8);
	if (var_32)
	{
		if (!strcmp(var_32, ""BoldSimulation""))
			fz_strlcat(var_8, ""#Bold"", sizeof var_8);
		else if (!strcmp(var_32, ""ItalicSimulation""))
			fz_strlcat(var_8, ""#Italic"", sizeof var_8);
		else if (!strcmp(var_32, ""BoldItalicSimulation""))
			fz_strlcat(var_8, ""#BoldItalic"", sizeof var_8);
	}

	var_13 = xps_lookup_font(doc, var_8);
	if (!var_13)
	{
		fz_try(doc->ctx)
		{
			var_29 = xps_read_part(doc, var_30);
		}
		fz_catch(doc->ctx)
		{
			fz_rethrow_if(doc->ctx, FZ_ERROR_TRYLATER);
			fz_warn(doc->ctx, ""cannot find font resource part '%s'"", var_30);
			return;
		}

		/* deobfuscate if necessary */
		if (strstr(var_29->name, "".odttf""))
			xps_deobfuscate_font_resource(doc, var_29);
		if (strstr(var_29->name, "".ODTTF""))
			xps_deobfuscate_font_resource(doc, var_29);

		fz_try(doc->ctx)
		{
			fz_buffer *var_4 = fz_new_buffer_from_data(doc->ctx, var_29->data, var_29->size);
			var_13 = fz_new_font_from_buffer(doc->ctx, NULL, var_4, var_34, 1);
			fz_drop_buffer(doc->ctx, var_4);
		}
		fz_catch(doc->ctx)
		{
			fz_rethrow_if(doc->ctx, FZ_ERROR_TRYLATER);
			fz_warn(doc->ctx, ""cannot load font resource '%s'"", var_30);
			xps_free_part(doc, var_29);
			return;
		}

		if (var_32)
		{
			var_13->ft_bold = !!strstr(var_32, ""Bold"");
			var_13->ft_italic = !!strstr(var_32, ""Italic"");
		}

		xps_select_best_font_encoding(doc, var_13);

		xps_insert_font(doc, var_8, var_13);

		/* NOTE: we already saved part->data in the buffer in the font */
		fz_free(doc->ctx, var_29->name);
		fz_free(doc->ctx, var_29);
	}

	/*
	 * Set up graphics state.
	 */

	if (var_37 || var_38)
	{
		fz_matrix var_36;
		if (var_37)
			xps_parse_render_transform(doc, var_37, &var_36);
		if (var_38)
			xps_parse_matrix_transform(doc, var_38, &var_36);
		fz_concat(&var_20, &var_36, &var_20);
	}

	if (var_5 || var_6)
		xps_clip(doc, &var_20, dict, var_5, var_6);

	var_14 = fz_atof(var_15);

	var_35 = xps_parse_glyphs_imp(doc, &var_20, var_13, var_14,
			fz_atof(var_27), fz_atof(var_28),
			var_18, var_2, var_17, var_39);

	fz_bound_text(doc->ctx, var_35, NULL, &var_20, &var_1);

	if (var_21)
		xps_add_link(doc, &var_1, base_uri, var_21);

	xps_begin_opacity(doc, &var_20, &var_1, var_26, dict, var_23, var_25);

	/* If it's a solid color brush fill/stroke do a simple fill */

	if (var_11 && !strcmp(fz_xml_tag(var_11), ""SolidColorBrush""))
	{
		var_10 = fz_xml_att(var_11, ""Opacity"");
		var_9 = fz_xml_att(var_11, ""Color"");
		var_11 = NULL;
	}
 
        if (var_9)
        {
               float var_31[32];
                fz_colorspace *var_7;
 
                xps_parse_color(doc, base_uri, var_9, &var_7, var_31);
		if (var_10)
			var_31[0] *= fz_atof(var_10);
		xps_set_color(doc, var_7, var_31);

		fz_fill_text(doc->dev, var_35, &var_20,
			doc->colorspace, doc->color, doc->alpha);
	}

	/* If it's a complex brush, use the charpath as a clip mask */

	if (var_11)
	{
		fz_clip_text(doc->dev, var_35, &var_20, 0);
		xps_parse_brush(doc, &var_20, &var_1, var_12, dict, var_11);
		fz_pop_clip(doc->dev);
	}

	xps_end_opacity(doc, var_26, dict, var_23, var_25);

	fz_free_text(doc->ctx, var_35);

	if (var_5 || var_6)
		fz_pop_clip(doc->dev);

	fz_drop_font(doc->ctx, var_13);
}
"
123023,CWE-79,14B,Qwen2.5-Coder-14B-Instruct,baseline,"The vulnerability in this C++ code is related to the use of `base::Unretained(this)` in the `RouteFunction` calls. This pattern can lead to a use-after-free vulnerability if the object (`V8ContextNativeHandler`) is destroyed before the bound function is called. When `base::Unretained(this)` is used, it does not manage the lifetime of the `this` pointer, meaning that if the object is deleted, the bound function will still attempt to access the deleted memory, leading to undefined behavior and potential security issues.

To mitigate this vulnerability, you should ensure that the object remains alive for the duration of any asynchronous operations that might call the bound functions. Alternatively, consider using `base::BindRepeating` with a `std::weak_ptr` to manage the lifetime more safely, or redesign the code to avoid the need for `base::Unretained`.","V8ContextNativeHandler::V8ContextNativeHandler(ScriptContext* context,
                                               Dispatcher* dispatcher)
    : ObjectBackedNativeHandler(context),
      context_(context),
      dispatcher_(dispatcher) {
  RouteFunction(""GetAvailability"",
                base::Bind(&V8ContextNativeHandler::GetAvailability,
                           base::Unretained(this)));
  RouteFunction(""GetModuleSystem"",
                 base::Bind(&V8ContextNativeHandler::GetModuleSystem,
                            base::Unretained(this)));
   RouteFunction(
      ""RunWithNativesEnabledModuleSystem"",
      base::Bind(&V8ContextNativeHandler::RunWithNativesEnabledModuleSystem,
                  base::Unretained(this)));
 }
"
123023,CWE-79,14B,Qwen2.5-Coder-14B-Instruct,perturbed,"The vulnerability in this C++ code is related to the use of `base::Unretained(this)` in the `RouteFunction` calls. This pattern can lead to a use-after-free vulnerability if the object (`V8ContextNativeHandler`) is destroyed before the bound function is called. When `base::Unretained(this)` is used, it does not manage the lifetime of the `this` pointer, meaning that if the object is deleted, the bound function will still attempt to access the deleted memory, leading to undefined behavior and potential security issues.

To mitigate this vulnerability, you should ensure that the object remains alive for the duration of any asynchronous operations that might call the bound functions. Alternatively, consider using `base::BindRepeating` with a `std::weak_ptr` to manage the lifetime more safely, or redesign the code to avoid the need for `base::Unretained`.","V8ContextNativeHandler::V8ContextNativeHandler(ScriptContext* context,
                                               Dispatcher* dispatcher)
    : ObjectBackedNativeHandler(context),
      context_(context),
      dispatcher_(dispatcher) {
  RouteFunction(""GetAvailability"",
                base::Bind(&V8ContextNativeHandler::GetAvailability,
                           base::Unretained(this)));
  RouteFunction(""GetModuleSystem"",
                 base::Bind(&V8ContextNativeHandler::GetModuleSystem,
                            base::Unretained(this)));
   RouteFunction(
      ""RunWithNativesEnabledModuleSystem"",
      base::Bind(&V8ContextNativeHandler::RunWithNativesEnabledModuleSystem,
                  base::Unretained(this)));
 }
"
19633,CWE-119,14B,Qwen2.5-Coder-14B-Instruct,baseline,"The vulnerability in the provided C code is a buffer overflow. This occurs when the function `WritePixels` attempts to copy more data into the destination buffer (`context->frbuff_p.p8` or `context->frbuff_p.p32`) than it can hold. The size of the destination buffer is not checked against the number of bytes being copied (`tocopy`). If `n` (the number of pixels to write) is larger than the remaining space in the buffer, the function will overwrite adjacent memory, potentially leading to undefined behavior, crashes, or security vulnerabilities such as code execution. To fix this, the function should check if `tocopy` exceeds the available space in the buffer before performing the copy operation.","static void WritePixels(struct ngiflib_img * i, struct ngiflib_decode_context * context, const u8 * pixels, u16 n) {
	u16 tocopy;	
	struct ngiflib_gif * p = i->parent;

	while(n > 0) {
		tocopy = (context->Xtogo < n) ? context->Xtogo : n;
		if(!i->gce.transparent_flag) {
#ifndef NGIFLIB_INDEXED_ONLY
			if(p->mode & NGIFLIB_MODE_INDEXED) {
#endif /* NGIFLIB_INDEXED_ONLY */
				ngiflib_memcpy(context->frbuff_p.p8, pixels, tocopy);
				pixels += tocopy;
				context->frbuff_p.p8 += tocopy;
#ifndef NGIFLIB_INDEXED_ONLY
			} else {
				int j;
				for(j = (int)tocopy; j > 0; j--) {
					*(context->frbuff_p.p32++) =
					   GifIndexToTrueColor(i->palette, *pixels++);
				}
			}
#endif /* NGIFLIB_INDEXED_ONLY */
		} else {
			int j;
#ifndef NGIFLIB_INDEXED_ONLY
			if(p->mode & NGIFLIB_MODE_INDEXED) {
#endif /* NGIFLIB_INDEXED_ONLY */
				for(j = (int)tocopy; j > 0; j--) {
					if(*pixels != i->gce.transparent_color) *context->frbuff_p.p8 = *pixels;
					pixels++;
					context->frbuff_p.p8++;
				}
#ifndef NGIFLIB_INDEXED_ONLY
			} else {
				for(j = (int)tocopy; j > 0; j--) {
					if(*pixels != i->gce.transparent_color) {
						*context->frbuff_p.p32 = GifIndexToTrueColor(i->palette, *pixels);
					}
					pixels++;
					context->frbuff_p.p32++;
				}
			}
#endif /* NGIFLIB_INDEXED_ONLY */
		}
		context->Xtogo -= tocopy;
		if(context->Xtogo == 0) {
			#ifdef NGIFLIB_ENABLE_CALLBACKS
			if(p->line_cb) p->line_cb(p, context->line_p, context->curY);
			#endif /* NGIFLIB_ENABLE_CALLBACKS */
			context->Xtogo = i->width;
			switch(context->pass) {
			case 0:
				context->curY++;
 				break;
 			case 1:	/* 1st pass : every eighth row starting from 0 */
 				context->curY += 8;
				if(context->curY >= p->height) {
					context->pass++;
					context->curY = i->posY + 4;
				}
 				break;
 			case 2:	/* 2nd pass : every eighth row starting from 4 */
 				context->curY += 8;
				if(context->curY >= p->height) {
					context->pass++;
					context->curY = i->posY + 2;
				}
 				break;
 			case 3:	/* 3rd pass : every fourth row starting from 2 */
 				context->curY += 4;
				if(context->curY >= p->height) {
					context->pass++;
					context->curY = i->posY + 1;
				}
 				break;
 			case 4:	/* 4th pass : every odd row */
 				context->curY += 2;
 				break;
 			}
 #ifndef NGIFLIB_INDEXED_ONLY
 			if(p->mode & NGIFLIB_MODE_INDEXED) {
 #endif /* NGIFLIB_INDEXED_ONLY */
				#ifdef NGIFLIB_ENABLE_CALLBACKS
				context->line_p.p8 = p->frbuff.p8 + (u32)context->curY*p->width;
				context->frbuff_p.p8 = context->line_p.p8 + i->posX;
				#else
				context->frbuff_p.p8 = p->frbuff.p8 + (u32)context->curY*p->width + i->posX;
				#endif /* NGIFLIB_ENABLE_CALLBACKS */
#ifndef NGIFLIB_INDEXED_ONLY
			} else {
				#ifdef NGIFLIB_ENABLE_CALLBACKS
				context->line_p.p32 = p->frbuff.p32 + (u32)context->curY*p->width;
				context->frbuff_p.p32 = context->line_p.p32 + i->posX;
				#else
				context->frbuff_p.p32 = p->frbuff.p32 + (u32)context->curY*p->width + i->posX;
				#endif /* NGIFLIB_ENABLE_CALLBACKS */
			}
#endif /* NGIFLIB_INDEXED_ONLY */
		}
		n -= tocopy;
	}
}
"
19633,CWE-119,14B,Qwen2.5-Coder-14B-Instruct,perturbed,"The vulnerability in this C code is a potential buffer overflow. The code does not check if the number of pixels to be written (`var_4`) exceeds the size of the destination buffer (`var_1->frbuff_p.p8` or `var_1->frbuff_p.p32`). If `var_4` is larger than the remaining space in the buffer, writing beyond the buffer's bounds can occur, leading to undefined behavior, crashes, or even security vulnerabilities such as arbitrary code execution. This is particularly dangerous because it can be exploited by an attacker to manipulate the program's memory, potentially leading to privilege escalation or other malicious actions. To mitigate this vulnerability, the code should include checks to ensure that the number of pixels to be written does not exceed the available buffer space before performing any write operations.","static void WritePixels(struct ngiflib_img * var_2, struct ngiflib_decode_context * var_1, const u8 * var_6, u16 var_4) {
	u16 var_7;	
	struct ngiflib_gif * var_5 = var_2->parent;

	while(var_4 > 0) {
		var_7 = (var_1->Xtogo < var_4) ? var_1->Xtogo : var_4;
		if(!var_2->gce.transparent_flag) {
#ifndef NGIFLIB_INDEXED_ONLY
			if(var_5->mode & NGIFLIB_MODE_INDEXED) {
#endif /* NGIFLIB_INDEXED_ONLY */
				ngiflib_memcpy(var_1->frbuff_p.p8, var_6, var_7);
				var_6 += var_7;
				var_1->frbuff_p.p8 += var_7;
#ifndef NGIFLIB_INDEXED_ONLY
			} else {
				int var_3;
				for(var_3 = (int)var_7; var_3 > 0; var_3--) {
					*(var_1->frbuff_p.p32++) =
					   GifIndexToTrueColor(var_2->palette, *var_6++);
				}
			}
#endif /* NGIFLIB_INDEXED_ONLY */
		} else {
			int var_3;
#ifndef NGIFLIB_INDEXED_ONLY
			if(var_5->mode & NGIFLIB_MODE_INDEXED) {
#endif /* NGIFLIB_INDEXED_ONLY */
				for(var_3 = (int)var_7; var_3 > 0; var_3--) {
					if(*var_6 != var_2->gce.transparent_color) *var_1->frbuff_p.p8 = *var_6;
					var_6++;
					var_1->frbuff_p.p8++;
				}
#ifndef NGIFLIB_INDEXED_ONLY
			} else {
				for(var_3 = (int)var_7; var_3 > 0; var_3--) {
					if(*var_6 != var_2->gce.transparent_color) {
						*var_1->frbuff_p.p32 = GifIndexToTrueColor(var_2->palette, *var_6);
					}
					var_6++;
					var_1->frbuff_p.p32++;
				}
			}
#endif /* NGIFLIB_INDEXED_ONLY */
		}
		var_1->Xtogo -= var_7;
		if(var_1->Xtogo == 0) {
			#ifdef NGIFLIB_ENABLE_CALLBACKS
			if(var_5->line_cb) var_5->line_cb(var_5, var_1->line_p, var_1->curY);
			#endif /* NGIFLIB_ENABLE_CALLBACKS */
			var_1->Xtogo = var_2->width;
			switch(var_1->pass) {
			case 0:
				var_1->curY++;
 				break;
 			case 1:	/* 1st pass : every eighth row starting from 0 */
 				var_1->curY += 8;
				if(var_1->curY >= var_5->height) {
					var_1->pass++;
					var_1->curY = var_2->posY + 4;
				}
 				break;
 			case 2:	/* 2nd pass : every eighth row starting from 4 */
 				var_1->curY += 8;
				if(var_1->curY >= var_5->height) {
					var_1->pass++;
					var_1->curY = var_2->posY + 2;
				}
 				break;
 			case 3:	/* 3rd pass : every fourth row starting from 2 */
 				var_1->curY += 4;
				if(var_1->curY >= var_5->height) {
					var_1->pass++;
					var_1->curY = var_2->posY + 1;
				}
 				break;
 			case 4:	/* 4th pass : every odd row */
 				var_1->curY += 2;
 				break;
 			}
 #ifndef NGIFLIB_INDEXED_ONLY
 			if(var_5->mode & NGIFLIB_MODE_INDEXED) {
 #endif /* NGIFLIB_INDEXED_ONLY */
				#ifdef NGIFLIB_ENABLE_CALLBACKS
				var_1->line_p.p8 = var_5->frbuff.p8 + (u32)var_1->curY*var_5->width;
				var_1->frbuff_p.p8 = var_1->line_p.p8 + var_2->posX;
				#else
				var_1->frbuff_p.p8 = var_5->frbuff.p8 + (u32)var_1->curY*var_5->width + var_2->posX;
				#endif /* NGIFLIB_ENABLE_CALLBACKS */
#ifndef NGIFLIB_INDEXED_ONLY
			} else {
				#ifdef NGIFLIB_ENABLE_CALLBACKS
				var_1->line_p.p32 = var_5->frbuff.p32 + (u32)var_1->curY*var_5->width;
				var_1->frbuff_p.p32 = var_1->line_p.p32 + var_2->posX;
				#else
				var_1->frbuff_p.p32 = var_5->frbuff.p32 + (u32)var_1->curY*var_5->width + var_2->posX;
				#endif /* NGIFLIB_ENABLE_CALLBACKS */
			}
#endif /* NGIFLIB_INDEXED_ONLY */
		}
		var_4 -= var_7;
	}
}
"
113163,CWE-94,14B,Qwen2.5-Coder-14B-Instruct,baseline,"The vulnerability in this C code is that it uses `base::Unretained(this)` to pass `this` pointer to a callback function. This can lead to undefined behavior if the object is destroyed before the callback is executed. If the object is destroyed, the callback will try to access memory that has already been freed, which can cause crashes or security vulnerabilities.

The vulnerability is dangerous because it can lead to crashes or security vulnerabilities. If an attacker can control the timing of the destruction of the object, they may be able to trigger the callback after the object has been destroyed, leading to arbitrary code execution or other malicious actions. This can be particularly dangerous if the object contains sensitive information or if the callback performs sensitive operations. To mitigate this vulnerability, the code should use `base::RetainedRef(this)` instead of `base::Unretained(this)` to ensure that the object remains alive until the callback is executed.","  void LaunchServiceProcessControl(bool wait) {
     ServiceProcessControl::GetInstance()->Launch(
        base::Bind(&ServiceProcessControlBrowserTest::ProcessControlLaunched,
                   base::Unretained(this)),
        base::Bind(
             &ServiceProcessControlBrowserTest::ProcessControlLaunchFailed,
            base::Unretained(this)));
    if (wait)
      content::RunMessageLoop();
  }
"
113163,CWE-94,14B,Qwen2.5-Coder-14B-Instruct,perturbed,"The vulnerability in this C++ code is related to the use of `base::Unretained(this)` in the `base::Bind` calls. This function is used to pass a raw pointer (`this`) to a callback, which can lead to undefined behavior if the object is destroyed before the callback is executed. If the `LaunchServiceProcessControl` function returns or the object is deleted while the callback is still pending, the callback will attempt to access a dangling pointer, leading to potential crashes or security vulnerabilities.

To mitigate this risk, you should ensure that the object remains valid for the duration of the callback execution. One way to do this is by using `base::RetainedRef` or `base::WeakPtr` to manage the lifetime of the object more safely. Additionally, consider redesigning the code to avoid passing raw pointers to callbacks whenever possible.

The vulnerability in this C++ code is related to the use of `base::Unretained(this)` in the `base::Bind` calls. This function is used to pass a raw pointer (`this`) to a callback, which can lead to undefined behavior if the object is destroyed before the callback is executed. If the `LaunchServiceProcessControl` function returns or the object is deleted while the callback is still pending, the callback will attempt to access a dangling pointer, leading to potential crashes or security vulnerabilities.

To mitigate this risk, you should ensure that the object remains valid for the duration of the callback execution. One way to do this is by using `base::RetainedRef` or `base::WeakPtr` to manage the lifetime of the object more safely. Additionally, consider redesigning the code to avoid passing raw pointers to callbacks whenever possible.

The vulnerability in this C++ code is related to the use of `base::Unretained(this)` in the `base::Bind` calls. This function is used to pass a raw pointer (`this`) to a callback, which can lead to undefined behavior if the object is destroyed before the callback is executed. If the `LaunchServiceProcessControl` function returns or the object is deleted while the callback is still pending, the callback will attempt to access a dangling pointer, leading to potential crashes or security vulnerabilities.

To mitigate this risk, you should ensure that the object remains valid for the duration of the callback execution. One way to do this is by using `base::RetainedRef` or `base::WeakPtr` to manage the lifetime of the object more safely. Additionally, consider redesigning the code to avoid passing","  void LaunchServiceProcessControl(bool var_1) {
     ServiceProcessControl::GetInstance()->Launch(
        base::Bind(&ServiceProcessControlBrowserTest::ProcessControlLaunched,
                   base::Unretained(this)),
        base::Bind(
             &ServiceProcessControlBrowserTest::ProcessControlLaunchFailed,
            base::Unretained(this)));
    if (var_1)
      content::RunMessageLoop();
  }
"
52673,CWE-415,14B,Qwen2.5-Coder-14B-Instruct,baseline,"The vulnerability in the provided C code is a potential buffer overflow. The code assumes that the `wbmp->bitmap` array has enough space to store the pixel data for the entire image. However, if the dimensions of the image are very large, the size of the `wbmp->bitmap` array may not be sufficient to hold all the pixel data, leading to a buffer overflow. This can result in writing data outside the bounds of the allocated memory, which can corrupt other data in memory or even lead to arbitrary code execution if an attacker can control the contents of the overflowing data. To fix this vulnerability, the code should check that the size of the `wbmp->bitmap` array is sufficient to hold the pixel data before attempting to write to it. Additionally, the code should handle any errors that occur during the allocation of memory for the `wbmp->bitmap` array. ``` ``` ``` ``` ``` ``` ``` ``` ``` ``` ``` ``` ``` ``` ``` ``` ``` ``` ``` ``` ``` ``` ``` ``` ``` ``` ``` ``` ``` ``` ``` ``` ``` ``` ``` ``` ``` ``` ``` ``` ``` ``` ``` ``` ``` ``` ``` ``` ``` ``` ``` ``` ``` ``` ``` ``` ``` ``` ``` ``` ``` ``` ``` ``` ``` ``` ``` ``` ``` ``` ``` ``` ``` ``` ``` ``` ``` ``` ``` ``` ``` ``` ``` ``` ``` ``` ``` ``` ``` ``` ``` ``` ``` ``` ``` ``` ``` ``` ``` ``` ``` ``` ``` ``` ``` ``` ``` ``` ``` ``` ``` ``` ``` ``` ``` ``` ``` ``` ``` ``` ``` ``` ``` ``` ``` ``` ``` ``` ``` ``` ``` ``` ``` ``` ``` ``` ``` ``` ``` ``` ``` ``` ``` ``` ``` ``` ``` ``` ``` ``` ``` ``` ``` ``` ``` ``` ``` ``` ``` ``` ``` ``` ``` ``` ``` ``` ``` ``` ``` ``` ``` ``` ``` ``` ``` ``` ``` ``` ``` ``` ``` ``` ``` ``` ``` ``` ``` ``` ``` ``` ``` ``` ``` ``` ``` ``` ``` ``` ``` ``` ``` ``` ``` ``` ``` ``` ``` ``` ``` ``` ``` ``` ``` ``` ``` ``` ``` ``` ``` ``` ``` ``` ``` ``` ``` ``` ``` ``` ``` ``` ``` ``` ``` ``` ``` ``` ``` ``` ``` ``` ``` ``` ``` ``` ``` ``` ``` ``` ``` ``` ``` ``` ``` ``` ``` ``` ``` ``` ``` ``` ``` ``` ``` ``` ``` ``` ``` ``` ``` ``` ``` ``` ``` ``` ``` ``` ``` ``` ``` ``` ``` ``` ``` ``` ``` ``` ``` ``` ``` ``` ``` ``` ``` ``` ``` ``` ``` ``` ``` ``` ``` ``` ``` ``` ``` ``` ``` ``` ``` ``` ``` ``` ``` ``` ``` ``` ``` ``` ``` ``` ``` ``` ``` ``` ``` ``` ``` ``` ``` ``` ``` ``` ``` ```"," void gdImageWBMPCtx (gdImagePtr image, int fg, gdIOCtx * out)
 {
 	int x, y, pos;
 	Wbmp *wbmp;
 
 	/* create the WBMP */
 	if ((wbmp = createwbmp (gdImageSX (image), gdImageSY (image), WBMP_WHITE)) == NULL) {
 		gd_error(""Could not create WBMP"");
		return;
 	}
 
 	/* fill up the WBMP structure */
	pos = 0;
	for (y = 0; y < gdImageSY(image); y++) {
		for (x = 0; x < gdImageSX(image); x++) {
			if (gdImageGetPixel (image, x, y) == fg) {
				wbmp->bitmap[pos] = WBMP_BLACK;
			}
			pos++;
		}
	}
 
 	/* write the WBMP to a gd file descriptor */
 	if (writewbmp (wbmp, &gd_putout, out)) {
 		gd_error(""Could not save WBMP"");
 	}
 	/* des submitted this bugfix: gdFree the memory. */
 	freewbmp(wbmp);
}
"
52673,CWE-415,14B,Qwen2.5-Coder-14B-Instruct,perturbed,"The vulnerability in the provided C code is a potential buffer overflow. The code assumes that the `createwbmp` function allocates enough memory for the bitmap array based on the dimensions of the input image (`gdImageSX(var_2)` and `gdImageSY(var_2)`). However, if `createwbmp` does not correctly allocate the required amount of memory or if there is an error in calculating the size needed, writing to `var_4->bitmap[pos]` could exceed the bounds of the allocated memory. This can lead to undefined behavior, including data corruption, crashes, or even security vulnerabilities such as arbitrary code execution.

To mitigate this risk, the code should include checks to ensure that the memory allocation was successful and that the calculated position `pos` does not exceed the allocated size of the bitmap array. Additionally, proper error handling should be implemented to manage any issues that arise during memory allocation or when accessing the bitmap array."," void gdImageWBMPCtx (gdImagePtr var_2, int var_1, gdIOCtx * var_3)
 {
 	int var_5, y, pos;
 	Wbmp *var_4;
 
 	/* create the WBMP */
 	if ((var_4 = createwbmp (gdImageSX (var_2), gdImageSY (var_2), WBMP_WHITE)) == NULL) {
 		gd_error(""Could not create WBMP"");
		return;
 	}
 
 	/* fill up the WBMP structure */
	pos = 0;
	for (y = 0; y < gdImageSY(var_2); y++) {
		for (var_5 = 0; var_5 < gdImageSX(var_2); var_5++) {
			if (gdImageGetPixel (var_2, var_5, y) == var_1) {
				var_4->bitmap[pos] = WBMP_BLACK;
			}
			pos++;
		}
	}
 
 	/* write the WBMP to a gd file descriptor */
 	if (writewbmp (var_4, &gd_putout, var_3)) {
 		gd_error(""Could not save WBMP"");
 	}
 	/* des submitted this bugfix: gdFree the memory. */
 	freewbmp(var_4);
}
"
100598,CWE-119,14B,Qwen2.5-Coder-14B-Instruct,baseline,"The vulnerability in this C code is a double free error. The `defs` pointer is allocated memory using `calloc` and then freed in the `out_error` label. However, there is another check for `defs` being `NULL` after the allocation, which will never be true because `defs` has already been allocated. This redundant check leads to a double free error if an error condition is met after the allocation. The correct behavior would be to remove the redundant check or ensure that the `defs` pointer is only freed once. This vulnerability can lead to undefined behavior, crashes, or security vulnerabilities such as memory corruption. To fix this, the redundant check should be removed, ensuring that `defs` is only freed once, either at the end of the function or in the `out_error` label. ``` ``` ``` ``` ``` ``` ``` ``` ``` ``` ``` ``` ``` ``` ``` ``` ``` ``` ``` ``` ``` ``` ``` ``` ``` ``` ``` ``` ``` ``` ``` ``` ``` ``` ``` ``` ``` ``` ``` ``` ``` ``` ``` ``` ``` ``` ``` ``` ``` ``` ``` ``` ``` ``` ``` ``` ``` ``` ``` ``` ``` ``` ``` ``` ``` ``` ``` ``` ``` ``` ``` ``` ``` ``` ``` ``` ``` ``` ``` ``` ``` ``` ``` ``` ``` ``` ``` ``` ``` ``` ``` ``` ``` ``` ``` ``` ``` ``` ``` ``` ``` ``` ``` ``` ``` ``` ``` ``` ``` ``` ``` ``` ``` ``` ``` ``` ``` ``` ``` ``` ``` ``` ``` ``` ``` ``` ``` ``` ``` ``` ``` ``` ``` ``` ``` ``` ``` ``` ``` ``` ``` ``` ``` ``` ``` ``` ``` ``` ``` ``` ``` ``` ``` ``` ``` ``` ``` ``` ``` ``` ``` ``` ``` ``` ``` ``` ``` ``` ``` ``` ``` ``` ``` ``` ``` ``` ``` ``` ``` ``` ``` ``` ``` ``` ``` ``` ``` ``` ``` ``` ``` ``` ``` ``` ``` ``` ``` ``` ``` ``` ``` ``` ``` ``` ``` ``` ``` ``` ``` ``` ``` ``` ``` ``` ``` ``` ``` ``` ``` ``` ``` ``` ``` ``` ``` ``` ``` ``` ``` ``` ``` ``` ``` ``` ``` ``` ``` ``` ``` ``` ``` ``` ``` ``` ``` ``` ``` ``` ``` ``` ``` ``` ``` ``` ``` ``` ``` ``` ``` ``` ``` ``` ``` ``` ``` ``` ``` ``` ``` ``` ``` ``` ``` ``` ``` ``` ``` ``` ``` ``` ``` ``` ``` ``` ``` ``` ``` ``` ``` ``` ``` ``` ``` ``` ``` ``` ``` ``` ``` ``` ``` ``` ``` ``` ``` ``` ``` ``` ``` ``` ``` ``` ``` ``` ``` ``` ``` ``` ``` ``` ``` ``` ``` ``` ``` ``` ``` ``` ``` ``` ``` ``` ``` ``` ``` ``` ``` ``` ``` ``` ``` ``` ``` ``` ``` ``` ``` ```","static Sdb *store_versioninfo_gnu_verdef(ELFOBJ *bin, Elf_(Shdr) *shdr, int sz) {
	const char *section_name = """";
	const char *link_section_name = """";
	char *end = NULL;
	Elf_(Shdr) *link_shdr = NULL;
	ut8 dfs[sizeof (Elf_(Verdef))] = {0};
	Sdb *sdb;
	int cnt, i;
	if (shdr->sh_link > bin->ehdr.e_shnum) {
		return false;
	}
	link_shdr = &bin->shdr[shdr->sh_link];
	if (shdr->sh_size < 1) {
		return false;
	}
	Elf_(Verdef) *defs = calloc (shdr->sh_size, sizeof (char));
	if (!defs) {
		return false;
	}
	if (bin->shstrtab && shdr->sh_name < bin->shstrtab_size) {
		section_name = &bin->shstrtab[shdr->sh_name];
	}
	if (link_shdr && bin->shstrtab && link_shdr->sh_name < bin->shstrtab_size) {
		link_section_name = &bin->shstrtab[link_shdr->sh_name];
	}
	if (!defs) {
		bprintf (""Warning: Cannot allocate memory (Check Elf_(Verdef))\n"");
		return NULL;
	}
	sdb = sdb_new0 ();
	end = (char *)defs + shdr->sh_size;
	sdb_set (sdb, ""section_name"", section_name, 0);
	sdb_num_set (sdb, ""entries"", shdr->sh_info, 0);
	sdb_num_set (sdb, ""addr"", shdr->sh_addr, 0);
	sdb_num_set (sdb, ""offset"", shdr->sh_offset, 0);
 	sdb_num_set (sdb, ""link"", shdr->sh_link, 0);
 	sdb_set (sdb, ""link_section_name"", link_section_name, 0);
 
	for (cnt = 0, i = 0; cnt < shdr->sh_info && ((char *)defs + i < end); ++cnt) {
 		Sdb *sdb_verdef = sdb_new0 ();
 		char *vstart = ((char*)defs) + i;
 		char key[32] = {0};
		Elf_(Verdef) *verdef = (Elf_(Verdef)*)vstart;
		Elf_(Verdaux) aux = {0};
		int j = 0;
		int isum = 0;

		r_buf_read_at (bin->b, shdr->sh_offset + i, dfs, sizeof (Elf_(Verdef)));
		verdef->vd_version = READ16 (dfs, j)
		verdef->vd_flags = READ16 (dfs, j)
		verdef->vd_ndx = READ16 (dfs, j)
		verdef->vd_cnt = READ16 (dfs, j)
		verdef->vd_hash = READ32 (dfs, j)
		verdef->vd_aux = READ32 (dfs, j)
		verdef->vd_next = READ32 (dfs, j)
		vstart += verdef->vd_aux;
		if (vstart > end || vstart + sizeof (Elf_(Verdaux)) > end) {
			sdb_free (sdb_verdef);
			goto out_error;
		}

		j = 0;
		aux.vda_name = READ32 (vstart, j)
		aux.vda_next = READ32 (vstart, j)

		isum = i + verdef->vd_aux;
		if (aux.vda_name > bin->dynstr_size) {
			sdb_free (sdb_verdef);
			goto out_error;
		}

		sdb_num_set (sdb_verdef, ""idx"", i, 0);
		sdb_num_set (sdb_verdef, ""vd_version"", verdef->vd_version, 0);
		sdb_num_set (sdb_verdef, ""vd_ndx"", verdef->vd_ndx, 0);
		sdb_num_set (sdb_verdef, ""vd_cnt"", verdef->vd_cnt, 0);
		sdb_set (sdb_verdef, ""vda_name"", &bin->dynstr[aux.vda_name], 0);
		sdb_set (sdb_verdef, ""flags"", get_ver_flags (verdef->vd_flags), 0);

		for (j = 1; j < verdef->vd_cnt; ++j) {
			int k;
			Sdb *sdb_parent = sdb_new0 ();
			isum += aux.vda_next;
			vstart += aux.vda_next;
			if (vstart > end || vstart + sizeof(Elf_(Verdaux)) > end) {
				sdb_free (sdb_verdef);
				sdb_free (sdb_parent);
				goto out_error;
			}
			k = 0;
			aux.vda_name = READ32 (vstart, k)
			aux.vda_next = READ32 (vstart, k)
			if (aux.vda_name > bin->dynstr_size) {
				sdb_free (sdb_verdef);
				sdb_free (sdb_parent);
				goto out_error;
			}
			sdb_num_set (sdb_parent, ""idx"", isum, 0);
			sdb_num_set (sdb_parent, ""parent"", j, 0);
			sdb_set (sdb_parent, ""vda_name"", &bin->dynstr[aux.vda_name], 0);
			snprintf (key, sizeof (key), ""parent%d"", j - 1);
			sdb_ns_set (sdb_verdef, key, sdb_parent);
		}

		snprintf (key, sizeof (key), ""verdef%d"", cnt);
		sdb_ns_set (sdb, key, sdb_verdef);
		if (!verdef->vd_next) {
 			sdb_free (sdb_verdef);
 			goto out_error;
 		}
 		i += verdef->vd_next;
 	}
 	free (defs);
	return sdb;
out_error:
	free (defs);
	sdb_free (sdb);
	return NULL;
}
"
100598,CWE-119,14B,Qwen2.5-Coder-14B-Instruct,perturbed,"The vulnerability in this C code is a buffer overflow. The code allocates memory for an array of `Elf_(Verdef)` structures using `calloc`, but then it attempts to read data into a fixed-size buffer `var_4` that is only large enough to hold one `Elf_(Verdef)` structure. If the `sh_size` field of the section header is larger than the size of `var_4`, this will result in a buffer overflow when reading data into `var_4`. This can lead to arbitrary code execution or other security vulnerabilities. To fix this vulnerability, the code should allocate a buffer of sufficient size to hold all of the `Elf_(Verdef)` structures in the section. Additionally, the code should check that the `sh_size` field is not too large before allocating memory, to prevent integer overflow vulnerabilities.","static Sdb *store_versioninfo_gnu_verdef(ELFOBJ *var_2, Elf_(Shdr) *var_15, int var_16) {
	const char *var_14 = """";
	const char *var_10 = """";
	char *var_5 = NULL;
	Elf_(Shdr) *link_shdr = NULL;
	ut8 var_4[sizeof (Elf_(Verdef))] = {0};
	Sdb *var_11;
	int var_3, i;
	if (var_15->sh_link > var_2->ehdr.e_shnum) {
		return false;
	}
	link_shdr = &var_2->shdr[var_15->sh_link];
	if (var_15->sh_size < 1) {
		return false;
	}
	Elf_(Verdef) *defs = calloc (var_15->sh_size, sizeof (char));
	if (!defs) {
		return false;
	}
	if (var_2->shstrtab && var_15->sh_name < var_2->shstrtab_size) {
		var_14 = &var_2->shstrtab[var_15->sh_name];
	}
	if (link_shdr && var_2->shstrtab && link_shdr->sh_name < var_2->shstrtab_size) {
		var_10 = &var_2->shstrtab[link_shdr->sh_name];
	}
	if (!defs) {
		bprintf (""Warning: Cannot allocate memory (Check Elf_(Verdef))\n"");
		return NULL;
	}
	var_11 = sdb_new0 ();
	var_5 = (char *)defs + var_15->sh_size;
	sdb_set (var_11, ""section_name"", var_14, 0);
	sdb_num_set (var_11, ""entries"", var_15->sh_info, 0);
	sdb_num_set (var_11, ""addr"", var_15->sh_addr, 0);
	sdb_num_set (var_11, ""offset"", var_15->sh_offset, 0);
 	sdb_num_set (var_11, ""link"", var_15->sh_link, 0);
 	sdb_set (var_11, ""link_section_name"", var_10, 0);
 
	var_3 = 0, i = 0;
while (var_3 < var_15->sh_info && ((char *)defs + i < var_5)) {
    Sdb *var_13 = sdb_new0 ();
 		char *var_17 = ((char*)defs) + i;
 		char var_9[32] = {0};
		Elf_(Verdef) *verdef = (Elf_(Verdef)*)var_17;
		Elf_(Verdaux) var_1 = {0};
		int var_7 = 0;
		int var_6 = 0;

		r_buf_read_at (var_2->b, var_15->sh_offset + i, var_4, sizeof (Elf_(Verdef)));
		verdef->vd_version = READ16 (var_4, var_7)
		verdef->vd_flags = READ16 (var_4, var_7)
		verdef->vd_ndx = READ16 (var_4, var_7)
		verdef->vd_cnt = READ16 (var_4, var_7)
		verdef->vd_hash = READ32 (var_4, var_7)
		verdef->vd_aux = READ32 (var_4, var_7)
		verdef->vd_next = READ32 (var_4, var_7)
		var_17 += verdef->vd_aux;
		if (var_17 > var_5 || var_17 + sizeof (Elf_(Verdaux)) > var_5) {
			sdb_free (var_13);
			goto out_error;
		}

		var_7 = 0;
		var_1.vda_name = READ32 (var_17, var_7)
		aux.vda_next = READ32 (var_17, var_7)

		var_6 = i + verdef->vd_aux;
		if (var_1.vda_name > var_2->dynstr_size) {
			sdb_free (var_13);
			goto out_error;
		}

		sdb_num_set (var_13, ""idx"", i, 0);
		sdb_num_set (var_13, ""vd_version"", verdef->vd_version, 0);
		sdb_num_set (var_13, ""vd_ndx"", verdef->vd_ndx, 0);
		sdb_num_set (var_13, ""vd_cnt"", verdef->vd_cnt, 0);
		sdb_set (var_13, ""vda_name"", &var_2->dynstr[var_1.vda_name], 0);
		sdb_set (var_13, ""flags"", get_ver_flags (verdef->vd_flags), 0);

		var_7 = 1;
while (var_7 < verdef->vd_cnt) {
    int var_8;
			Sdb *var_12 = sdb_new0 ();
			var_6 += var_1.vda_next;
			var_17 += var_1.vda_next;
			if (var_17 > var_5 || var_17 + sizeof(Elf_(Verdaux)) > var_5) {
				sdb_free (var_13);
				sdb_free (var_12);
				goto out_error;
			}
			var_8 = 0;
			var_1.vda_name = READ32 (var_17, var_8)
			aux.vda_next = READ32 (var_17, var_8)
			if (var_1.vda_name > var_2->dynstr_size) {
				sdb_free (var_13);
				sdb_free (var_12);
				goto out_error;
    ++var_7;
}
			sdb_num_set (var_12, ""idx"", var_6, 0);
			sdb_num_set (var_12, ""parent"", var_7, 0);
			sdb_set (var_12, ""vda_name"", &var_2->dynstr[var_1.vda_name], 0);
			snprintf (var_9, sizeof (var_9), ""parent%d"", var_7 - 1);
			sdb_ns_set (var_13, var_9, var_12);
    ++var_3;
}

		snprintf (var_9, sizeof (var_9), ""verdef%d"", var_3);
		sdb_ns_set (var_11, var_9, var_13);
		if (!verdef->vd_next) {
 			sdb_free (var_13);
 			goto out_error;
 		}
 		i += verdef->vd_next;
 	}
 	free (defs);
	return var_11;
out_error:
	free (defs);
	sdb_free (var_11);
	return NULL;
}
"
140968,CWE-78,14B,Qwen2.5-Coder-14B-Instruct,baseline,"The vulnerability in this C code is a buffer overflow. The function `__filterQuotedShell` allocates memory for a new string that is the same length as the input string `arg`. However, it does not account for the fact that the output string may be shorter than the input string due to the removal of certain characters. This can lead to writing past the end of the allocated memory, which can cause undefined behavior, crashes, or security vulnerabilities such as code execution. To fix this vulnerability, the function should allocate enough memory to hold the maximum possible output string, which would be the same length as the input string. Alternatively, the function could use a dynamic memory allocation strategy that resizes the allocated memory as needed.","static char *__filterQuotedShell(const char *arg) {
	r_return_val_if_fail (arg, NULL);
	char *a = malloc (strlen (arg) + 1);
	if (!a) {
		return NULL;
	}
	char *b = a;
	while (*arg) {
 		switch (*arg) {
 		case ' ':
 		case '=':
 		case '\r':
 		case '\n':
 			break;
		default:
			*b++ = *arg;
			break;
		}
		arg++;
	}
	*b = 0;
	return a;
}
"
140968,CWE-78,14B,Qwen2.5-Coder-14B-Instruct,perturbed,"The function `__filterQuotedShell` takes a string as input and returns a new string with certain characters removed. The characters that are removed are spaces, equal signs, carriage returns, and newlines. The function uses `malloc` to allocate memory for the new string, but it does not check if the allocation was successful. This can lead to a buffer overflow if the input string is very large and the system runs out of memory. Additionally, the function does not handle quoted strings correctly, which can lead to unexpected behavior if the input string contains quotes. For example, if the input string is `""hello world""`, the function will return `""helloworld""` instead of `""hello world""`. This can be dangerous if the function is used to filter user input, as it can allow malicious users to inject unexpected characters into the output string. To fix these issues, the function should check if the allocation was successful and handle quoted strings correctly. ``` ``` ``` ``` ``` ``` ``` ``` ``` ``` ``` ``` ``` ``` ``` ``` ``` ``` ``` ``` ``` ``` ``` ``` ``` ``` ``` ``` ``` ``` ``` ``` ``` ``` ``` ``` ``` ``` ``` ``` ``` ``` ``` ``` ``` ``` ``` ``` ``` ``` ``` ``` ``` ``` ``` ``` ``` ``` ``` ``` ``` ``` ``` ``` ``` ``` ``` ``` ``` ``` ``` ``` ``` ``` ``` ``` ``` ``` ``` ``` ``` ``` ``` ``` ``` ``` ``` ``` ``` ``` ``` ``` ``` ``` ``` ``` ``` ``` ``` ``` ``` ``` ``` ``` ``` ``` ``` ``` ``` ``` ``` ``` ``` ``` ``` ``` ``` ``` ``` ``` ``` ``` ``` ``` ``` ``` ``` ``` ``` ``` ``` ``` ``` ``` ``` ``` ``` ``` ``` ``` ``` ``` ``` ``` ``` ``` ``` ``` ``` ``` ``` ``` ``` ``` ``` ``` ``` ``` ``` ``` ``` ``` ``` ``` ``` ``` ``` ``` ``` ``` ``` ``` ``` ``` ``` ``` ``` ``` ``` ``` ``` ``` ``` ``` ``` ``` ``` ``` ``` ``` ``` ``` ``` ``` ``` ``` ``` ``` ``` ``` ``` ``` ``` ``` ``` ``` ``` ``` ``` ``` ``` ``` ``` ``` ``` ``` ``` ``` ``` ``` ``` ``` ``` ``` ``` ``` ``` ``` ``` ``` ``` ``` ``` ``` ``` ``` ``` ``` ``` ``` ``` ``` ``` ``` ``` ``` ``` ``` ``` ``` ``` ``` ``` ``` ``` ``` ``` ``` ``` ``` ``` ``` ``` ``` ``` ``` ``` ``` ``` ``` ``` ``` ``` ``` ``` ``` ``` ``` ``` ``` ``` ``` ``` ``` ``` ``` ``` ``` ``` ``` ``` ``` ``` ``` ``` ``` ``` ``` ``` ``` ``` ``` ``` ``` ``` ``` ``` ``` ``` ``` ``` ``` ``` ``` ``` ``` ``` ``` ``` ``` ``` ```","static char *__filterQuotedShell(const char *var_2) {
	r_return_val_if_fail (var_2, NULL);
	char *var_1 = malloc (strlen (var_2) + 1);
	if (!var_1) {
		return NULL;
	}
	char *var_3 = var_1;
	while (*var_2) {
 		switch (*var_2) {
 		case ' ':
 		case '=':
 		case '\r':
 		case '\n':
 			break;
		default:
			*var_3++ = *var_2;
			break;
		}
		var_2++;
	}
	*var_3 = 0;
	return var_1;
}
"
17768,CWE-20,14B,Qwen2.5-Coder-14B-Instruct,baseline,"The vulnerability in this C code is that it does not check if the `ioc` parameter is NULL before using it. This can lead to a segmentation fault if `ioc` is NULL, as the function will attempt to dereference a NULL pointer. This is dangerous because it can cause the program to crash or behave unpredictably, potentially leading to security vulnerabilities if the crash can be triggered by an attacker. To fix this vulnerability, the function should include a check for `ioc` being NULL before proceeding with any operations on it. ```c
static gboolean nbd_negotiate_continue(QIOChannel *ioc,
                                       GIOCondition condition,
                                       void *opaque)
{
    if (ioc == NULL) {
        // Handle the error, e.g., log an error message or return an error code
        return FALSE;
    }
    qemu_coroutine_enter(opaque);
    return TRUE;
}
```

This modification ensures that the function safely handles the case where `ioc` is NULL, preventing potential crashes and improving the overall robustness of the code.","static gboolean nbd_negotiate_continue(QIOChannel *ioc,
                                       GIOCondition condition,
                                       void *opaque)
{
    qemu_coroutine_enter(opaque);
    return TRUE;
}
"
17768,CWE-20,14B,Qwen2.5-Coder-14B-Instruct,perturbed,"The vulnerability in this C code is that it does not check if the `var_3` pointer is NULL before dereferencing it. Dereferencing a NULL pointer can lead to undefined behavior, which can cause the program to crash or be exploited by an attacker to execute arbitrary code. This is a common type of vulnerability known as a null pointer dereference.

To fix this vulnerability, you should add a check to ensure that `var_3` is not NULL before calling `qemu_coroutine_enter`. Here's an example of how you could modify the code to include this check:

```c
static gboolean nbd_negotiate_continue(QIOChannel *var_2,
                                       GIOCondition var_1,
                                       void *var_3)
{
    if (var_3 == NULL) {
        // Handle the error, e.g., log an error message or return an error code
        return FALSE;
    }
    qemu_coroutine_enter(var_3);
    return TRUE;
}
```

By adding this check, you can prevent the program from crashing due to a null pointer dereference and make it more robust against potential attacks.","static gboolean nbd_negotiate_continue(QIOChannel *var_2,
                                       GIOCondition var_1,
                                       void *var_3)
{
    qemu_coroutine_enter(var_3);
    return TRUE;
}
"
114628,CWE-119,14B,Qwen2.5-Coder-14B-Instruct,baseline,"The vulnerability in this C code is a buffer overflow. The code reads bytes from the image file into the `byte` variable using `ReadBlobByte(image)`. However, it does not check if the end of the file has been reached before reading the next byte. This can lead to reading beyond the bounds of the allocated memory, which can cause undefined behavior, crashes, or even security vulnerabilities such as code execution.

To fix this vulnerability, the code should check if the end of the file has been reached before attempting to read the next byte. This can be done by adding a condition to check the return value of `ReadBlobByte(image)` and breaking out of the loop if it returns `EOF`.

Here is the corrected code:

```c
for (x = 0; x < (ssize_t) image->columns; x++)
{
  if (bit == 0)
  {
    byte = (size_t) ReadBlobByte(image);
    if (byte == EOF)
      break; // Check if end of file is reached
  }
  if (image_info->endian == LSBEndian)
    SetPixelIndex(indexes + x, ((byte & 0x01) != 0) ? 0x00 : 0x01);
  else
    SetPixelIndex(indexes + x, ((byte & 0x01) != 0) ? 0x01 : 0x00);
  bit++;
  if (bit == 8)
    bit = 0;
  byte >>= 1;
}
```

By adding this check, the code ensures that it does not attempt to read beyond the end of the file, thus preventing buffer overflow and related security issues.","static Image *ReadMONOImage(const ImageInfo *image_info,
  ExceptionInfo *exception)
{
  Image
    *image;

  MagickBooleanType
    status;

  register IndexPacket
    *indexes;

  register PixelPacket
    *q;

  register ssize_t
    x;

  size_t
    bit,
    byte;

  ssize_t
    y;

  /*
    Open image file.
  */
  assert(image_info != (const ImageInfo *) NULL);
  assert(image_info->signature == MagickSignature);
  if (image_info->debug != MagickFalse)
    (void) LogMagickEvent(TraceEvent,GetMagickModule(),""%s"",
      image_info->filename);
  assert(exception != (ExceptionInfo *) NULL);
  assert(exception->signature == MagickSignature);
  image=AcquireImage(image_info);
  if ((image->columns == 0) || (image->rows == 0))
    ThrowReaderException(OptionError,""MustSpecifyImageSize"");
  status=OpenBlob(image_info,image,ReadBinaryBlobMode,exception);
  if (status == MagickFalse)
    {
      image=DestroyImageList(image);
      return((Image *) NULL);
    }
  if (DiscardBlobBytes(image,image->offset) == MagickFalse)
    ThrowFileException(exception,CorruptImageError,""UnexpectedEndOfFile"",
      image->filename);
  /*
    Initialize image colormap.
  */
  image->depth=1;
  if (AcquireImageColormap(image,2) == MagickFalse)
    ThrowReaderException(ResourceLimitError,""MemoryAllocationFailed"");
  if (image_info->ping != MagickFalse)
    {
       (void) CloseBlob(image);
       return(GetFirstImageInList(image));
     }
   /*
     Convert bi-level image to pixel packets.
   */
  for (y=0; y < (ssize_t) image->rows; y++)
  {
    q=QueueAuthenticPixels(image,0,y,image->columns,1,exception);
    if (q == (PixelPacket *) NULL)
      break;
    indexes=GetAuthenticIndexQueue(image);
    bit=0;
    byte=0;
    for (x=0; x < (ssize_t) image->columns; x++)
    {
      if (bit == 0)
        byte=(size_t) ReadBlobByte(image);
      if (image_info->endian == LSBEndian)
        SetPixelIndex(indexes+x,((byte & 0x01) != 0) ? 0x00 : 0x01)
      else
        SetPixelIndex(indexes+x,((byte & 0x01) != 0) ? 0x01 : 0x00)
      bit++;
      if (bit == 8)
        bit=0;
      byte>>=1;
    }
    if (SyncAuthenticPixels(image,exception) == MagickFalse)
      break;
    status=SetImageProgress(image,LoadImageTag,(MagickOffsetType) y,
      image->rows);
    if (status == MagickFalse)
      break;
  }
  (void) SyncImage(image);
  if (EOFBlob(image) != MagickFalse)
    ThrowFileException(exception,CorruptImageError,""UnexpectedEndOfFile"",
      image->filename);
  (void) CloseBlob(image);
  return(GetFirstImageInList(image));
}
"
114628,CWE-119,14B,Qwen2.5-Coder-14B-Instruct,perturbed,"The vulnerability in this C code is a potential buffer overflow. The code reads bytes from the image file using ReadBlobByte and processes them to set pixel indices. However, there is no check to ensure that the number of columns or rows read does not exceed the allocated memory for the image. If the image file is crafted to have more columns or rows than expected, it could lead to writing beyond the bounds of the allocated memory, causing a buffer overflow. This can result in undefined behavior, including crashes, data corruption, or even execution of arbitrary code by an attacker. To mitigate this vulnerability, the code should include checks to ensure that the number of columns and rows read does not exceed the allocated memory for the image.","static Image *ReadMONOImage(const ImageInfo *var_4,
  ExceptionInfo *var_2)
{
  Image
    *var_3;

  MagickBooleanType
    var_7;

  register IndexPacket
    *var_5;

  register PixelPacket
    *var_6;

  register ssize_t
    var_8;

  size_t
    var_1,
    byte;

  ssize_t
    var_9;

  /*
    Open image file.
  */
  assert(var_4 != (const ImageInfo *) NULL);
  assert(var_4->signature == MagickSignature);
  if (var_4->debug != MagickFalse)
    (void) LogMagickEvent(TraceEvent,GetMagickModule(),""%s"",
      var_4->filename);
  assert(var_2 != (ExceptionInfo *) NULL);
  assert(var_2->signature == MagickSignature);
  var_3=AcquireImage(var_4);
  if ((var_3->columns == 0) || (var_3->rows == 0))
    ThrowReaderException(OptionError,""MustSpecifyImageSize"");
  var_7=OpenBlob(var_4,var_3,ReadBinaryBlobMode,var_2);
  if (var_7 == MagickFalse)
    {
      var_3=DestroyImageList(var_3);
      return((Image *) NULL);
    }
  if (DiscardBlobBytes(var_3,var_3->offset) == MagickFalse)
    ThrowFileException(var_2,CorruptImageError,""UnexpectedEndOfFile"",
      var_3->filename);
  /*
    Initialize image colormap.
  */
  var_3->depth=1;
  if (AcquireImageColormap(var_3,2) == MagickFalse)
    ThrowReaderException(ResourceLimitError,""MemoryAllocationFailed"");
  if (var_4->ping != MagickFalse)
    {
       (void) CloseBlob(var_3);
       return(GetFirstImageInList(var_3));
     }
   /*
     Convert bi-level image to pixel packets.
   */
  for (var_9=0; var_9 < (ssize_t) var_3->rows; var_9++)
  {
    var_6=QueueAuthenticPixels(var_3,0,var_9,var_3->columns,1,var_2);
    if (var_6 == (PixelPacket *) NULL)
      break;
    var_5=GetAuthenticIndexQueue(var_3);
    var_1=0;
    byte=0;
    for (var_8=0; var_8 < (ssize_t) var_3->columns; var_8++)
    {
      if (var_1 == 0)
        byte=(size_t) ReadBlobByte(var_3);
      if (var_4->endian == LSBEndian)
        SetPixelIndex(var_5+var_8,((byte & 0x01) != 0) ? 0x00 : 0x01)
      else
        SetPixelIndex(var_5+var_8,((byte & 0x01) != 0) ? 0x01 : 0x00)
      var_1++;
      if (var_1 == 8)
        var_1=0;
      byte>>=1;
    }
    if (SyncAuthenticPixels(var_3,var_2) == MagickFalse)
      break;
    var_7=SetImageProgress(var_3,LoadImageTag,(MagickOffsetType) var_9,
      var_3->rows);
    if (var_7 == MagickFalse)
      break;
  }
  (void) SyncImage(var_3);
  if (EOFBlob(var_3) != MagickFalse)
    ThrowFileException(var_2,CorruptImageError,""UnexpectedEndOfFile"",
      var_3->filename);
  (void) CloseBlob(var_3);
  return(GetFirstImageInList(var_3));
}
"
105318,CWE-125,14B,Qwen2.5-Coder-14B-Instruct,baseline,"The vulnerability in this C code is a buffer overflow. The code does not check if the length of the input data is sufficient to fill the `ke` structure before copying it into memory using `UNALIGNED_MEMCPY`. This can lead to reading beyond the bounds of the input data, potentially accessing uninitialized memory or even malicious data. This is dangerous because it can cause the program to crash, leak sensitive information, or execute arbitrary code.

To fix this vulnerability, the code should include a check to ensure that the length of the input data is at least as large as the size of the `ke` structure before performing the copy operation. Here is an example of how this could be done:

```c
if (ntohs(ext->len) < sizeof(struct ikev2_ke)) {
    ND_PRINT((ndo, "" [Invalid length for KE payload]""));
    return NULL;
}
```

This check ensures that the length of the input data is sufficient to fill the `ke` structure, preventing a buffer overflow from occurring.","ikev2_ke_print(netdissect_options *ndo, u_char tpay,
		const struct isakmp_gen *ext,
		u_int item_len _U_, const u_char *ep _U_,
		uint32_t phase _U_, uint32_t doi _U_,
		uint32_t proto _U_, int depth _U_)
{
	struct ikev2_ke ke;
 	const struct ikev2_ke *k;
 
 	k = (const struct ikev2_ke *)ext;
	ND_TCHECK(*ext);
 	UNALIGNED_MEMCPY(&ke, ext, sizeof(ke));
 	ikev2_pay_print(ndo, NPSTR(tpay), ke.h.critical);
 
	ND_PRINT((ndo,"" len=%u group=%s"", ntohs(ke.h.len) - 8,
		  STR_OR_ID(ntohs(ke.ke_group), dh_p_map)));

	if (2 < ndo->ndo_vflag && 8 < ntohs(ke.h.len)) {
		ND_PRINT((ndo,"" ""));
		if (!rawprint(ndo, (const uint8_t *)(k + 1), ntohs(ke.h.len) - 8))
			goto trunc;
	}
	return (const u_char *)ext + ntohs(ke.h.len);
trunc:
	ND_PRINT((ndo,"" [|%s]"", NPSTR(tpay)));
	return NULL;
}
"
105318,CWE-125,14B,Qwen2.5-Coder-14B-Instruct,perturbed,"The vulnerability in this C code is a buffer overflow. The code uses the `UNALIGNED_MEMCPY` function to copy data from the `ext` pointer to the `var_2` structure. However, the length of the data being copied is not checked against the size of the `var_2` structure. This can lead to copying more data than the `var_2` structure can hold, resulting in a buffer overflow. This is dangerous because it can allow an attacker to overwrite adjacent memory, potentially leading to arbitrary code execution or other malicious actions. To fix this vulnerability, the code should check that the length of the data being copied does not exceed the size of the `var_2` structure before performing the copy.","ikev2_ke_print(netdissect_options *ndo, u_char tpay,
		const struct isakmp_gen *ext,
		u_int item_len _U_, const u_char *ep _U_,
		uint32_t phase _U_, uint32_t doi _U_,
		uint32_t proto _U_, int depth _U_)
{
	struct ikev2_ke var_2;
 	const struct ikev2_ke *var_1;
 
 	var_1 = (const struct ikev2_ke *)ext;
	ND_TCHECK(*ext);
 	UNALIGNED_MEMCPY(&var_2, ext, sizeof(var_2));
 	ikev2_pay_print(ndo, NPSTR(tpay), var_2.h.critical);
 
	ND_PRINT((ndo,"" len=%u group=%s"", ntohs(var_2.h.len) - 8,
		  STR_OR_ID(ntohs(var_2.ke_group), dh_p_map)));

	if (2 < ndo->ndo_vflag && 8 < ntohs(var_2.h.len)) {
		ND_PRINT((ndo,"" ""));
		if (!rawprint(ndo, (const uint8_t *)(var_1 + 1), ntohs(var_2.h.len) - 8))
			goto trunc;
	}
	return (const u_char *)ext + ntohs(var_2.h.len);
trunc:
	ND_PRINT((ndo,"" [|%s]"", NPSTR(tpay)));
	return NULL;
}
"
71998,CWE-787,14B,Qwen2.5-Coder-14B-Instruct,baseline,"The vulnerability in this C code is a potential buffer overflow. The code allocates memory for `compact_pixels` based on the `length` variable, which is determined by the maximum value in the `sizes` array. However, the code does not check if the `sizes` array values are within a valid range, which could lead to an allocation of too much or too little memory. This can result in a buffer overflow if the `sizes` array contains values that exceed the expected range, allowing an attacker to potentially overwrite adjacent memory locations or cause the program to crash. Additionally, the arbitrary limit of `row_size + 256` for `length` may not be sufficient to prevent all overflow scenarios, especially if the input data is crafted maliciously. To mitigate this vulnerability, the code should include checks to ensure that the `sizes` array values are within a safe range before using them to allocate memory.","static MagickBooleanType ReadPSDChannelRLE(Image *image,const PSDInfo *psd_info,
  const ssize_t type,MagickOffsetType *sizes,ExceptionInfo *exception)
{
  MagickBooleanType
    status;

  size_t
    length,
    row_size;

  ssize_t
    count,
    y;

  unsigned char
    *compact_pixels,
    *pixels;

  if (image->debug != MagickFalse)
    (void) LogMagickEvent(CoderEvent,GetMagickModule(),
       ""      layer data is RLE compressed"");

  row_size=GetPSDRowSize(image);
  pixels=(unsigned char *) AcquireQuantumMemory(row_size,sizeof(*pixels));
  if (pixels == (unsigned char *) NULL)
    ThrowBinaryException(ResourceLimitError,""MemoryAllocationFailed"",
      image->filename);

  length=0;
  for (y=0; y < (ssize_t) image->rows; y++)
    if ((MagickOffsetType) length < sizes[y])
      length=(size_t) sizes[y];

   if (length > row_size + 256) // arbitrary number
     {
       pixels=(unsigned char *) RelinquishMagickMemory(pixels);
      ThrowBinaryException(ResourceLimitError,""InvalidLength"",
        image->filename);
     }
 
   compact_pixels=(unsigned char *) AcquireQuantumMemory(length,sizeof(*pixels));
  if (compact_pixels == (unsigned char *) NULL)
    {
      pixels=(unsigned char *) RelinquishMagickMemory(pixels);
      ThrowBinaryException(ResourceLimitError,""MemoryAllocationFailed"",
        image->filename);
    }

  (void) ResetMagickMemory(compact_pixels,0,length*sizeof(*compact_pixels));

  status=MagickTrue;
  for (y=0; y < (ssize_t) image->rows; y++)
  {
    status=MagickFalse;

    count=ReadBlob(image,(size_t) sizes[y],compact_pixels);
    if (count != (ssize_t) sizes[y])
      break;

    count=DecodePSDPixels((size_t) sizes[y],compact_pixels,
      (ssize_t) (image->depth == 1 ? 123456 : image->depth),row_size,pixels);
    if (count != (ssize_t) row_size)
      break;

    status=ReadPSDChannelPixels(image,psd_info->channels,y,type,pixels,
      exception);
    if (status == MagickFalse)
      break;
  }

  compact_pixels=(unsigned char *) RelinquishMagickMemory(compact_pixels);
  pixels=(unsigned char *) RelinquishMagickMemory(pixels);
  return(status);
}
"
71998,CWE-787,14B,Qwen2.5-Coder-14B-Instruct,perturbed,"The vulnerability in this C code is a potential buffer overflow. The variable `var_5` is calculated based on the maximum value in the `var_7` array, which represents the length of the RLE compressed data for each row. However, there is no check to ensure that `var_5` does not exceed the size of the allocated memory for `var_1`. If an attacker can control the values in `var_7`, they could potentially cause `var_5` to be larger than the allocated memory, leading to a buffer overflow when the RLE compressed data is read into `var_1`. This could allow an attacker to execute arbitrary code or crash the program. To fix this vulnerability, the code should include a check to ensure that `var_5` does not exceed the size of the allocated memory for `var_1` before reading the RLE compressed data into `var_1`.","static MagickBooleanType ReadPSDChannelRLE(Image *var_4,const PSDInfo *var_6,
  const ssize_t var_9,MagickOffsetType *var_7,ExceptionInfo *var_3)
{
  MagickBooleanType
    var_8;

  size_t
    var_5,
    row_size;

  ssize_t
    var_2,
    y;

  unsigned char
    *var_1,
    *pixels;

  if (var_4->debug != MagickFalse)
    (void) LogMagickEvent(CoderEvent,GetMagickModule(),
       ""      layer data is RLE compressed"");

  row_size=GetPSDRowSize(var_4);
  pixels=(unsigned char *) AcquireQuantumMemory(row_size,sizeof(*pixels));
  if (pixels == (unsigned char *) NULL)
    ThrowBinaryException(ResourceLimitError,""MemoryAllocationFailed"",
      var_4->filename);

  var_5=0;
  for (y=0; y < (ssize_t) var_4->rows; y++)
    if ((MagickOffsetType) var_5 < var_7[y])
      var_5=(size_t) var_7[y];

   if (var_5 > row_size + 256) // arbitrary number
     {
       pixels=(unsigned char *) RelinquishMagickMemory(pixels);
      ThrowBinaryException(ResourceLimitError,""InvalidLength"",
        var_4->filename);
     }
 
   var_1=(unsigned char *) AcquireQuantumMemory(var_5,sizeof(*pixels));
  if (var_1 == (unsigned char *) NULL)
    {
      pixels=(unsigned char *) RelinquishMagickMemory(pixels);
      ThrowBinaryException(ResourceLimitError,""MemoryAllocationFailed"",
        var_4->filename);
    }

  (void) ResetMagickMemory(var_1,0,var_5*sizeof(*var_1));

  var_8=MagickTrue;
  for (y=0; y < (ssize_t) var_4->rows; y++)
  {
    var_8=MagickFalse;

    var_2=ReadBlob(var_4,(size_t) var_7[y],var_1);
    if (var_2 != (ssize_t) var_7[y])
      break;

    var_2=DecodePSDPixels((size_t) var_7[y],var_1,
      (ssize_t) (var_4->depth == 1 ? 123456 : var_4->depth),row_size,pixels);
    if (var_2 != (ssize_t) row_size)
      break;

    var_8=ReadPSDChannelPixels(var_4,var_6->channels,y,var_9,pixels,
      var_3);
    if (var_8 == MagickFalse)
      break;
  }

  var_1=(unsigned char *) RelinquishMagickMemory(var_1);
  pixels=(unsigned char *) RelinquishMagickMemory(pixels);
  return(var_8);
}
"
73323,CWE-119,14B,Qwen2.5-Coder-14B-Instruct,baseline,"The vulnerability in this C code is that it does not check if the pointers being freed are NULL before calling png_free. This can lead to undefined behavior if a pointer has already been freed or was never allocated in the first place. Additionally, the code does not handle the case where png_free fails, which could result in a memory leak or other issues. It is important to always check for NULL pointers before freeing them and to handle any potential errors that may occur during the freeing process. The vulnerability is dangerous because it can lead to crashes, security vulnerabilities, and other unpredictable behavior in the program. To fix this vulnerability, the code should be modified to include checks for NULL pointers before calling png_free and to handle any potential errors that may occur during the freeing process.","png_write_destroy(png_structp png_ptr)
{
#ifdef PNG_SETJMP_SUPPORTED
   jmp_buf tmp_jmp; /* Save jump buffer */
#endif
   png_error_ptr error_fn;
   png_error_ptr warning_fn;
   png_voidp error_ptr;
#ifdef PNG_USER_MEM_SUPPORTED
   png_free_ptr free_fn;
#endif

   png_debug(1, ""in png_write_destroy"");

   /* Free any memory zlib uses */
   deflateEnd(&png_ptr->zstream);

   /* Free our memory.  png_free checks NULL for us. */
   png_free(png_ptr, png_ptr->zbuf);
   png_free(png_ptr, png_ptr->row_buf);
#ifdef PNG_WRITE_FILTER_SUPPORTED
   png_free(png_ptr, png_ptr->prev_row);
   png_free(png_ptr, png_ptr->sub_row);
   png_free(png_ptr, png_ptr->up_row);
   png_free(png_ptr, png_ptr->avg_row);
   png_free(png_ptr, png_ptr->paeth_row);
#endif

#ifdef PNG_TIME_RFC1123_SUPPORTED
    png_free(png_ptr, png_ptr->time_buffer);
 #endif
 
#ifdef PNG_WRITE_WEIGHTED_FILTER_SUPPORTED
   png_free(png_ptr, png_ptr->prev_filters);
   png_free(png_ptr, png_ptr->filter_weights);
   png_free(png_ptr, png_ptr->inv_filter_weights);
   png_free(png_ptr, png_ptr->filter_costs);
   png_free(png_ptr, png_ptr->inv_filter_costs);
#endif
 #ifdef PNG_SETJMP_SUPPORTED
    /* Reset structure */
    png_memcpy(tmp_jmp, png_ptr->jmpbuf, png_sizeof(jmp_buf));
#endif

   error_fn = png_ptr->error_fn;
   warning_fn = png_ptr->warning_fn;
   error_ptr = png_ptr->error_ptr;
#ifdef PNG_USER_MEM_SUPPORTED
   free_fn = png_ptr->free_fn;
#endif

   png_memset(png_ptr, 0, png_sizeof(png_struct));

   png_ptr->error_fn = error_fn;
   png_ptr->warning_fn = warning_fn;
   png_ptr->error_ptr = error_ptr;
#ifdef PNG_USER_MEM_SUPPORTED
   png_ptr->free_fn = free_fn;
#endif

#ifdef PNG_SETJMP_SUPPORTED
   png_memcpy(png_ptr->jmpbuf, tmp_jmp, png_sizeof(jmp_buf));
#endif
}
"
73323,CWE-119,14B,Qwen2.5-Coder-14B-Instruct,perturbed,"The vulnerability in this C code is that it does not check if the pointers being freed are NULL before calling png_free. This can lead to undefined behavior, such as a segmentation fault, if the pointers are already freed or never allocated. It is dangerous because it can cause the program to crash or execute arbitrary code, potentially leading to security vulnerabilities. To fix this, the code should add checks to ensure that the pointers are not NULL before freeing them.
The vulnerability in this C code is that it does not check if the pointers being freed are NULL before calling png_free. This can lead to undefined behavior, such as a segmentation fault, if the pointers are already freed or never allocated. It is dangerous because it can cause the program to crash or execute arbitrary code, potentially leading to security vulnerabilities. To fix this, the code should add checks to ensure that the pointers are not NULL before freeing them.","png_write_destroy(png_structp png_ptr)
{
#ifdef PNG_SETJMP_SUPPORTED
   jmp_buf var_4; /* Save jump buffer */
#endif
   png_error_ptr var_1;
   png_error_ptr var_5;
   png_voidp var_2;
#ifdef PNG_USER_MEM_SUPPORTED
   png_free_ptr var_3;
#endif

   png_debug(1, ""in png_write_destroy"");

   /* Free any memory zlib uses */
   deflateEnd(&png_ptr->zstream);

   /* Free our memory.  png_free checks NULL for us. */
   png_free(png_ptr, png_ptr->zbuf);
   png_free(png_ptr, png_ptr->row_buf);
#ifdef PNG_WRITE_FILTER_SUPPORTED
   png_free(png_ptr, png_ptr->prev_row);
   png_free(png_ptr, png_ptr->sub_row);
   png_free(png_ptr, png_ptr->up_row);
   png_free(png_ptr, png_ptr->avg_row);
   png_free(png_ptr, png_ptr->paeth_row);
#endif

#ifdef PNG_TIME_RFC1123_SUPPORTED
    png_free(png_ptr, png_ptr->time_buffer);
 #endif
 
#ifdef PNG_WRITE_WEIGHTED_FILTER_SUPPORTED
   png_free(png_ptr, png_ptr->prev_filters);
   png_free(png_ptr, png_ptr->filter_weights);
   png_free(png_ptr, png_ptr->inv_filter_weights);
   png_free(png_ptr, png_ptr->filter_costs);
   png_free(png_ptr, png_ptr->inv_filter_costs);
#endif
 #ifdef PNG_SETJMP_SUPPORTED
    /* Reset structure */
    png_memcpy(var_4, png_ptr->jmpbuf, png_sizeof(jmp_buf));
#endif

   var_1 = png_ptr->error_fn;
   var_5 = png_ptr->warning_fn;
   var_2 = png_ptr->error_ptr;
#ifdef PNG_USER_MEM_SUPPORTED
   var_3 = png_ptr->free_fn;
#endif

   png_memset(png_ptr, 0, png_sizeof(png_struct));

   png_ptr->error_fn = var_1;
   png_ptr->warning_fn = var_5;
   png_ptr->error_ptr = var_2;
#ifdef PNG_USER_MEM_SUPPORTED
   png_ptr->free_fn = var_3;
#endif

#ifdef PNG_SETJMP_SUPPORTED
   png_memcpy(png_ptr->jmpbuf, var_4, png_sizeof(jmp_buf));
#endif
}
"
12423,CWE-20,14B,Qwen2.5-Coder-14B-Instruct,baseline,"The vulnerability in the provided C++ code is related to the use of raw pointers without proper memory management. Specifically, the `content::WebContents* web_contents` parameter is a raw pointer that could potentially be null or point to invalid memory. If `web_contents` is null, calling methods on it, such as `tab_strip_model_->GetIndexOfWebContents(web_contents)` or `web_contents->Focus()`, will result in undefined behavior, which can lead to crashes, security vulnerabilities, or other unpredictable issues.

To mitigate this vulnerability, the code should include checks to ensure that `web_contents` is not null before using it. Additionally, if the `WebContents` object is dynamically allocated, proper memory management techniques, such as smart pointers or reference counting, should be used to manage its lifetime and prevent memory leaks or dangling pointers.

Here's an example of how you might add a null check to the code:

```cpp
void Browser::SetWebContentsBlocked(content::WebContents* web_contents,
                                    bool blocked) {
  if (!web_contents) {
    // Handle the error, e.g., log an error message or return early
    return;
  }

  int index = tab_strip_model_->GetIndexOfWebContents(web_contents);
  if (index == TabStripModel::kNoTab) {
    return;
  }
  tab_strip_model_->SetTabBlocked(index, blocked);

  bool browser_active = BrowserList::GetInstance()->GetLastActive() == this;
  bool contents_is_active =
      tab_strip_model_->GetActiveWebContents() == web_contents;
  if (!blocked && contents_is_active && browser_active)
    web_contents->Focus();
}
```

By adding this null check, you can prevent the program from attempting to dereference a null pointer, thus avoiding undefined behavior and potential security risks.","void Browser::SetWebContentsBlocked(content::WebContents* web_contents,
                                    bool blocked) {
  int index = tab_strip_model_->GetIndexOfWebContents(web_contents);
  if (index == TabStripModel::kNoTab) {
     return;
   }
   tab_strip_model_->SetTabBlocked(index, blocked);
 
   bool browser_active = BrowserList::GetInstance()->GetLastActive() == this;
  bool contents_is_active =
      tab_strip_model_->GetActiveWebContents() == web_contents;
  if (!blocked && contents_is_active && browser_active)
    web_contents->Focus();
}
"
12423,CWE-20,14B,Qwen2.5-Coder-14B-Instruct,perturbed,"The vulnerability in this C++ code is a potential null pointer dereference. The function `SetWebContentsBlocked` takes a pointer to a `content::WebContents` object as an argument. If this pointer is null, the function will attempt to dereference it when calling `tab_strip_model_->GetIndexOfWebContents(var_5)`. This can lead to undefined behavior, crashes, or security vulnerabilities such as arbitrary code execution.

To fix this vulnerability, the function should first check if the pointer is null before attempting to dereference it. For example:

```cpp
void Browser::SetWebContentsBlocked(content::WebContents* var_5,
                                    bool var_1) {
  if (var_5 == nullptr) {
    return; // or handle the error appropriately
  }
  int var_4 = tab_strip_model_->GetIndexOfWebContents(var_5);
  if (var_4 == TabStripModel::kNoTab) {
     return;
   }
   tab_strip_model_->SetTabBlocked(var_4, var_1);
 
   bool var_2 = BrowserList::GetInstance()->GetLastActive() == this;
  bool var_3 =
      tab_strip_model_->GetActiveWebContents() == var_5;
  if (!var_1 && var_3 && var_2)
    var_5->Focus();
}
```

This modification ensures that the function safely handles the case where the input pointer is null, preventing potential null pointer dereferences and associated risks.","void Browser::SetWebContentsBlocked(content::WebContents* var_5,
                                    bool var_1) {
  int var_4 = tab_strip_model_->GetIndexOfWebContents(var_5);
  if (var_4 == TabStripModel::kNoTab) {
     return;
   }
   tab_strip_model_->SetTabBlocked(var_4, var_1);
 
   bool var_2 = BrowserList::GetInstance()->GetLastActive() == this;
  bool var_3 =
      tab_strip_model_->GetActiveWebContents() == var_5;
  if (!var_1 && var_3 && var_2)
    var_5->Focus();
}
"
93528,CWE-824,14B,Qwen2.5-Coder-14B-Instruct,baseline,"The vulnerability in this C code is a buffer overflow. The `strtol` function is used to convert a string to a long integer, but it does not check if the resulting integer is within the bounds of the array `ctx->hdrs`. If the input string represents an integer that is larger than or equal to `ctx->hdrmax`, the code will attempt to access an out-of-bounds memory location when trying to assign a value to `ctx->hdrs[i]`. This can lead to undefined behavior, including overwriting adjacent memory, crashing the program, or executing arbitrary code. To fix this vulnerability, the code should check if the index is within the valid range before accessing the array. ``` ``` ``` ``` ``` ``` ``` ``` ``` ``` ``` ``` ``` ``` ``` ``` ``` ``` ``` ``` ``` ``` ``` ``` ``` ``` ``` ``` ``` ``` ``` ``` ``` ``` ``` ``` ``` ``` ``` ``` ``` ``` ``` ``` ``` ``` ``` ``` ``` ``` ``` ``` ``` ``` ``` ``` ``` ``` ``` ``` ``` ``` ``` ``` ``` ``` ``` ``` ``` ``` ``` ``` ``` ``` ``` ``` ``` ``` ``` ``` ``` ``` ``` ``` ``` ``` ``` ``` ``` ``` ``` ``` ``` ``` ``` ``` ``` ``` ``` ``` ``` ``` ``` ``` ``` ``` ``` ``` ``` ``` ``` ``` ``` ``` ``` ``` ``` ``` ``` ``` ``` ``` ``` ``` ``` ``` ``` ``` ``` ``` ``` ``` ``` ``` ``` ``` ``` ``` ``` ``` ``` ``` ``` ``` ``` ``` ``` ``` ``` ``` ``` ``` ``` ``` ``` ``` ``` ``` ``` ``` ``` ``` ``` ``` ``` ``` ``` ``` ``` ``` ``` ``` ``` ``` ``` ``` ``` ``` ``` ``` ``` ``` ``` ``` ``` ``` ``` ``` ``` ``` ``` ``` ``` ``` ``` ``` ``` ``` ``` ``` ``` ``` ``` ``` ``` ``` ``` ``` ``` ``` ``` ``` ``` ``` ``` ``` ``` ``` ``` ``` ``` ``` ``` ``` ``` ``` ``` ``` ``` ``` ``` ``` ``` ``` ``` ``` ``` ``` ``` ``` ``` ``` ``` ``` ``` ``` ``` ``` ``` ``` ``` ``` ``` ``` ``` ``` ``` ``` ``` ``` ``` ``` ``` ``` ``` ``` ``` ``` ``` ``` ``` ``` ``` ``` ``` ``` ``` ``` ``` ``` ``` ``` ``` ``` ``` ``` ``` ``` ``` ``` ``` ``` ``` ``` ``` ``` ``` ``` ``` ``` ``` ``` ``` ``` ``` ``` ``` ``` ``` ``` ``` ``` ``` ``` ``` ``` ``` ``` ``` ``` ``` ``` ``` ``` ``` ``` ``` ``` ``` ``` ``` ``` ``` ``` ``` ``` ``` ``` ``` ``` ``` ``` ``` ``` ``` ``` ``` ``` ``` ``` ``` ``` ``` ``` ``` ``` ``` ``` ``` ``` ``` ``` ``` ``` ``` ``` ``` ``` ``` ```","static int fetch_uidl(char *line, void *data)
{
  int i, index;
  struct Context *ctx = (struct Context *) data;
  struct PopData *pop_data = (struct PopData *) ctx->data;
  char *endp = NULL;

  errno = 0;
  index = strtol(line, &endp, 10);
  if (errno)
    return -1;
  while (*endp == ' ')
     endp++;
   memmove(line, endp, strlen(endp) + 1);
 
   for (i = 0; i < ctx->msgcount; i++)
     if (mutt_str_strcmp(line, ctx->hdrs[i]->data) == 0)
       break;

  if (i == ctx->msgcount)
  {
    mutt_debug(1, ""new header %d %s\n"", index, line);

    if (i >= ctx->hdrmax)
      mx_alloc_memory(ctx);

    ctx->msgcount++;
    ctx->hdrs[i] = mutt_header_new();
    ctx->hdrs[i]->data = mutt_str_strdup(line);
  }
  else if (ctx->hdrs[i]->index != index - 1)
    pop_data->clear_cache = true;

  ctx->hdrs[i]->refno = index;
  ctx->hdrs[i]->index = index - 1;

  return 0;
}
"
93528,CWE-824,14B,Qwen2.5-Coder-14B-Instruct,perturbed,"The vulnerability in this C code is a buffer overflow. The function `fetch_uidl` takes a string `var_5` as input and uses `strtol` to convert it to an integer. However, it does not check if the converted integer is within the bounds of the array `var_1->hdrs`. If the integer is too large, it can cause a buffer overflow when accessing `var_1->hdrs[index]`. This can lead to arbitrary memory access and potentially allow an attacker to execute arbitrary code. To fix this vulnerability, the code should add a check to ensure that the index is within the valid range of the array before accessing it. ``` ``` ``` ``` ``` ``` ``` ``` ``` ``` ``` ``` ``` ``` ``` ``` ``` ``` ``` ``` ``` ``` ``` ``` ``` ``` ``` ``` ``` ``` ``` ``` ``` ``` ``` ``` ``` ``` ``` ``` ``` ``` ``` ``` ``` ``` ``` ``` ``` ``` ``` ``` ``` ``` ``` ``` ``` ``` ``` ``` ``` ``` ``` ``` ``` ``` ``` ``` ``` ``` ``` ``` ``` ``` ``` ``` ``` ``` ``` ``` ``` ``` ``` ``` ``` ``` ``` ``` ``` ``` ``` ``` ``` ``` ``` ``` ``` ``` ``` ``` ``` ``` ``` ``` ``` ``` ``` ``` ``` ``` ``` ``` ``` ``` ``` ``` ``` ``` ``` ``` ``` ``` ``` ``` ``` ``` ``` ``` ``` ``` ``` ``` ``` ``` ``` ``` ``` ``` ``` ``` ``` ``` ``` ``` ``` ``` ``` ``` ``` ``` ``` ``` ``` ``` ``` ``` ``` ``` ``` ``` ``` ``` ``` ``` ``` ``` ``` ``` ``` ``` ``` ``` ``` ``` ``` ``` ``` ``` ``` ``` ``` ``` ``` ``` ``` ``` ``` ``` ``` ``` ``` ``` ``` ``` ``` ``` ``` ``` ``` ``` ``` ``` ``` ``` ``` ``` ``` ``` ``` ``` ``` ``` ``` ``` ``` ``` ``` ``` ``` ``` ``` ``` ``` ``` ``` ``` ``` ``` ``` ``` ``` ``` ``` ``` ``` ``` ``` ``` ``` ``` ``` ``` ``` ``` ``` ``` ``` ``` ``` ``` ``` ``` ``` ``` ``` ``` ``` ``` ``` ``` ``` ``` ``` ``` ``` ``` ``` ``` ``` ``` ``` ``` ``` ``` ``` ``` ``` ``` ``` ``` ``` ``` ``` ``` ``` ``` ``` ``` ``` ``` ``` ``` ``` ``` ``` ``` ``` ``` ``` ``` ``` ``` ``` ``` ``` ``` ``` ``` ``` ``` ``` ``` ``` ``` ``` ``` ``` ``` ``` ``` ``` ``` ``` ``` ``` ``` ``` ``` ``` ``` ``` ``` ``` ``` ``` ``` ``` ``` ``` ``` ``` ``` ``` ``` ``` ``` ``` ``` ``` ``` ``` ``` ``` ``` ``` ``` ``` ``` ``` ``` ``` ``` ``` ``` ``` ``` ``` ``` ``` ``` ``` ``` ``` ``` ``` ```","static int fetch_uidl(char *var_5, void *var_2)
{
  int var_4, index;
  struct Context *var_1 = (struct Context *) var_2;
  struct PopData *var_6 = (struct PopData *) var_1->data;
  char *var_3 = NULL;

  errno = 0;
  index = strtol(var_5, &var_3, 10);
  if (errno)
    return -1;
  while (*var_3 == ' ')
     var_3++;
   memmove(var_5, var_3, strlen(var_3) + 1);
 
   var_4 = 0;
while (var_4 < var_1->msgcount) {
    if (mutt_str_strcmp(var_5, var_1->hdrs[var_4]->data) == 0)
       break;
    var_4++;
}

  if (var_4 == var_1->msgcount)
  {
    mutt_debug(1, ""new header %d %s\n"", index, var_5);

    if (var_4 >= var_1->hdrmax)
      mx_alloc_memory(var_1);

    var_1->msgcount++;
    var_1->hdrs[var_4] = mutt_header_new();
    var_1->hdrs[var_4]->data = mutt_str_strdup(var_5);
  }
  else if (var_1->hdrs[var_4]->index != index - 1)
    var_6->clear_cache = true;

  var_1->hdrs[var_4]->refno = index;
  var_1->hdrs[var_4]->index = index - 1;

  return 0;
}
"
19303,CWE-200,14B,Qwen2.5-Coder-14B-Instruct,baseline,"The vulnerability in this C code is a buffer overflow. The `snprintf` function is used to format the `notifymsg` string into the `obj->buffer`. However, the size of the buffer (`obj->buffersize`) is hardcoded to 1024 bytes. If the formatted string exceeds this size, it will overflow the buffer, potentially overwriting adjacent memory locations. This can lead to undefined behavior, crashes, or even security vulnerabilities such as arbitrary code execution if an attacker can control the input data that contributes to the formatted string. To mitigate this vulnerability, the buffer size should be dynamically calculated based on the expected size of the formatted string, or the code should use safer functions like `asprintf` that automatically allocate the required amount of memory. Additionally, input validation should be performed to ensure that the data being formatted does not exceed the buffer's capacity.","static void upnp_event_prepare(struct upnp_event_notify * obj)
{
	static const char notifymsg[] =
		""NOTIFY %s HTTP/1.1\r\n""
		""Host: %s%s\r\n""
#if (UPNP_VERSION_MAJOR == 1) && (UPNP_VERSION_MINOR == 0)
		""Content-Type: text/xml\r\n""	/* UDA v1.0 */
#else
		""Content-Type: text/xml; charset=\""utf-8\""\r\n""	/* UDA v1.1 or later */
#endif
		""Content-Length: %d\r\n""
		""NT: upnp:event\r\n""
		""NTS: upnp:propchange\r\n""
		""SID: %s\r\n""
		""SEQ: %u\r\n""
		""Connection: close\r\n""
		""Cache-Control: no-cache\r\n""
		""\r\n""
		""%.*s\r\n"";
	char * xml;
	int l;
	if(obj->sub == NULL) {
		obj->state = EError;
		return;
	}
	switch(obj->sub->service) {
	case EWanCFG:
		xml = getVarsWANCfg(&l);
		break;
	case EWanIPC:
		xml = getVarsWANIPCn(&l);
		break;
#ifdef ENABLE_L3F_SERVICE
	case EL3F:
		xml = getVarsL3F(&l);
		break;
#endif
#ifdef ENABLE_6FC_SERVICE
	case E6FC:
		xml = getVars6FC(&l);
		break;
#endif
#ifdef ENABLE_DP_SERVICE
	case EDP:
		xml = getVarsDP(&l);
		break;
#endif
	default:
		xml = NULL;
 		l = 0;
 	}
 	obj->buffersize = 1024;
	obj->buffer = malloc(obj->buffersize);
	if(!obj->buffer) {
		syslog(LOG_ERR, ""%s: malloc returned NULL"", ""upnp_event_prepare"");
		if(xml) {
			free(xml);
 		}
		obj->state = EError;
		return;
 	}
	obj->tosend = snprintf(obj->buffer, obj->buffersize, notifymsg,
	                       obj->path, obj->addrstr, obj->portstr, l+2,
	                       obj->sub->uuid, obj->sub->seq,
	                       l, xml);
 	if(xml) {
 		free(xml);
 		xml = NULL;
	}
	obj->state = ESending;
}
"
19303,CWE-200,14B,Qwen2.5-Coder-14B-Instruct,perturbed,"The vulnerability in this C code is a buffer overflow. The `snprintf` function is used to format a string into a buffer, but the size of the buffer (`var_3->buffersize`) is hardcoded to 1024 bytes. If the formatted string exceeds this size, it will overflow the buffer, potentially overwriting adjacent memory locations. This can lead to undefined behavior, crashes, or even security vulnerabilities such as code execution if an attacker can control the input data.

To fix this vulnerability, the buffer size should be dynamically determined based on the expected maximum length of the formatted string, or the code should use safer functions that handle buffer sizes more gracefully, such as `asprintf` which automatically allocates the necessary memory for the output string. Additionally, input validation should be performed to ensure that the data being formatted does not exceed the buffer's capacity.","static void upnp_event_prepare(struct upnp_event_notify * var_3)
{
	static const char var_2[] =
		""NOTIFY %s HTTP/1.1\r\n""
		""Host: %s%s\r\n""
#if (UPNP_VERSION_MAJOR == 1) && (UPNP_VERSION_MINOR == 0)
		""Content-Type: text/xml\r\n""	/* UDA v1.0 */
#else
		""Content-Type: text/xml; charset=\""utf-8\""\r\n""	/* UDA v1.1 or later */
#endif
		""Content-Length: %d\r\n""
		""NT: upnp:event\r\n""
		""NTS: upnp:propchange\r\n""
		""SID: %s\r\n""
		""SEQ: %u\r\n""
		""Connection: close\r\n""
		""Cache-Control: no-cache\r\n""
		""\r\n""
		""%.*s\r\n"";
	char * var_4;
	int var_1;
	if(var_3->sub == NULL) {
		var_3->state = EError;
		return;
	}
	switch(var_3->sub->service) {
	case EWanCFG:
		var_4 = getVarsWANCfg(&var_1);
		break;
	case EWanIPC:
		var_4 = getVarsWANIPCn(&var_1);
		break;
#ifdef ENABLE_L3F_SERVICE
	case EL3F:
		var_4 = getVarsL3F(&var_1);
		break;
#endif
#ifdef ENABLE_6FC_SERVICE
	case E6FC:
		var_4 = getVars6FC(&var_1);
		break;
#endif
#ifdef ENABLE_DP_SERVICE
	case EDP:
		var_4 = getVarsDP(&var_1);
		break;
#endif
	default:
		var_4 = NULL;
 		var_1 = 0;
 	}
 	var_3->buffersize = 1024;
	var_3->buffer = malloc(var_3->buffersize);
	if(!var_3->buffer) {
		syslog(LOG_ERR, ""%s: malloc returned NULL"", ""upnp_event_prepare"");
		if(var_4) {
			free(var_4);
 		}
		var_3->state = EError;
		return;
 	}
	var_3->tosend = snprintf(var_3->buffer, var_3->buffersize, var_2,
	                       var_3->path, var_3->addrstr, var_3->portstr, var_1+2,
	                       var_3->sub->uuid, var_3->sub->seq,
	                       var_1, var_4);
 	if(var_4) {
 		free(var_4);
 		var_4 = NULL;
	}
	var_3->state = ESending;
}
"
51628,CWE-20,14B,Qwen2.5-Coder-14B-Instruct,baseline,"The vulnerability in this C code is a potential buffer overflow. The function `nbd_negotiate_drop_sync` allocates a buffer of size `MIN(65536, size)` using `g_malloc`. However, the loop that reads data into the buffer does not check if the total amount of data read exceeds the allocated buffer size. If `size` is greater than 65536, the loop will continue to read data into the buffer, potentially overwriting adjacent memory. This can lead to undefined behavior, crashes, or security vulnerabilities such as code execution. To fix this vulnerability, the code should ensure that the total amount of data read does not exceed the allocated buffer size. ``` ``` ``` ``` ``` ``` ``` ``` ``` ``` ``` ``` ``` ``` ``` ``` ``` ``` ``` ``` ``` ``` ``` ``` ``` ``` ``` ``` ``` ``` ``` ``` ``` ``` ``` ``` ``` ``` ``` ``` ``` ``` ``` ``` ``` ``` ``` ``` ``` ``` ``` ``` ``` ``` ``` ``` ``` ``` ``` ``` ``` ``` ``` ``` ``` ``` ``` ``` ``` ``` ``` ``` ``` ``` ``` ``` ``` ``` ``` ``` ``` ``` ``` ``` ``` ``` ``` ``` ``` ``` ``` ``` ``` ``` ``` ``` ``` ``` ``` ``` ``` ``` ``` ``` ``` ``` ``` ``` ``` ``` ``` ``` ``` ``` ``` ``` ``` ``` ``` ``` ``` ``` ``` ``` ``` ``` ``` ``` ``` ``` ``` ``` ``` ``` ``` ``` ``` ``` ``` ``` ``` ``` ``` ``` ``` ``` ``` ``` ``` ``` ``` ``` ``` ``` ``` ``` ``` ``` ``` ``` ``` ``` ``` ``` ``` ``` ``` ``` ``` ``` ``` ``` ``` ``` ``` ``` ``` ``` ``` ``` ``` ``` ``` ``` ``` ``` ``` ``` ``` ``` ``` ``` ``` ``` ``` ``` ``` ``` ``` ``` ``` ``` ``` ``` ``` ``` ``` ``` ``` ``` ``` ``` ``` ``` ``` ``` ``` ``` ``` ``` ``` ``` ``` ``` ``` ``` ``` ``` ``` ``` ``` ``` ``` ``` ``` ``` ``` ``` ``` ``` ``` ``` ``` ``` ``` ``` ``` ``` ``` ``` ``` ``` ``` ``` ``` ``` ``` ``` ``` ``` ``` ``` ``` ``` ``` ``` ``` ``` ``` ``` ``` ``` ``` ``` ``` ``` ``` ``` ``` ``` ``` ``` ``` ``` ``` ``` ``` ``` ``` ``` ``` ``` ``` ``` ``` ``` ``` ``` ``` ``` ``` ``` ``` ``` ``` ``` ``` ``` ``` ``` ``` ``` ``` ``` ``` ``` ``` ``` ``` ``` ``` ``` ``` ``` ``` ``` ``` ``` ``` ``` ``` ``` ``` ``` ``` ``` ``` ``` ``` ``` ``` ``` ``` ``` ``` ``` ``` ``` ``` ``` ``` ``` ``` ``` ``` ``` ``` ``` ``` ``` ``` ``` ``` ``` ``` ``` ``` ``` ```","static int nbd_negotiate_drop_sync(QIOChannel *ioc, size_t size)
{
    ssize_t ret;
    uint8_t *buffer = g_malloc(MIN(65536, size));
    while (size > 0) {
        size_t count = MIN(65536, size);
        ret = nbd_negotiate_read(ioc, buffer, count);
        if (ret < 0) {
            g_free(buffer);
            return ret;
        }
        size -= count;
    }
    g_free(buffer);
    return 0;
}
"
51628,CWE-20,14B,Qwen2.5-Coder-14B-Instruct,perturbed,"The vulnerability in this C code is a potential buffer overflow. The function `nbd_negotiate_drop_sync` allocates memory for a buffer `var_1` using `g_malloc`, but it does not check if the allocation was successful. If `g_malloc` fails to allocate the requested amount of memory, it returns `NULL`. When the function attempts to use `var_1` as a buffer, it will dereference a `NULL` pointer, leading to undefined behavior, which can include crashes or security vulnerabilities such as arbitrary code execution. This is dangerous because it allows an attacker to potentially exploit the program by causing it to crash or execute malicious code.

The vulnerability in this C code is a potential buffer overflow. The function `nbd_negotiate_drop_sync` allocates memory for a buffer `var_1` using `g_malloc`, but it does not check if the allocation was successful. If `g_malloc` fails to allocate the requested amount of memory, it returns `NULL`. When the function attempts to use `var_1` as a buffer, it will dereference a `NULL` pointer, leading to undefined behavior, which can include crashes or security vulnerabilities such as arbitrary code execution. This is dangerous because it allows an attacker to potentially exploit the program by causing it to crash or execute malicious code.

To fix this vulnerability, the code should check if `g_malloc` returns `NULL` and handle the error appropriately, such as by returning an error code or logging an error message. Here is an example of how the code could be modified to include this check:

```c
static int nbd_negotiate_drop_sync(QIOChannel *var_3, size_t var_5)
{
    ssize_t var_4;
    uint8_t *var_1 = g_malloc(MIN(65536, var_5));
    if (var_1 == NULL) {
        // Handle memory allocation failure
        return -1; // or some other error code
    }
    while (var_5 > 0) {
        size_t var_2 = MIN(65536, var_5);
        var_4 = nbd_negotiate_read(var_3, var_1, var_2);
        if (var_4 < 0) {
            g_free(var_1);
            return var_4;
        }
        var_5 -= var_2;
    }
    g_free(var_1);
    return","static int nbd_negotiate_drop_sync(QIOChannel *var_3, size_t var_5)
{
    ssize_t var_4;
    uint8_t *var_1 = g_malloc(MIN(65536, var_5));
    while (var_5 > 0) {
        size_t var_2 = MIN(65536, var_5);
        var_4 = nbd_negotiate_read(var_3, var_1, var_2);
        if (var_4 < 0) {
            g_free(var_1);
            return var_4;
        }
        var_5 -= var_2;
    }
    g_free(var_1);
    return 0;
}
"
147323,CWE-119,14B,Qwen2.5-Coder-14B-Instruct,baseline,"The vulnerability in this C code is a potential buffer overflow. The code reads characters from the input stream and appends them to a buffer without checking if the buffer has enough space to hold the new characters. This can lead to writing past the end of the buffer, which can overwrite adjacent memory locations and potentially cause the program to crash or execute arbitrary code. The danger of this vulnerability is that it can be exploited by an attacker to gain control of the program's execution flow, leading to a security breach. To fix this vulnerability, the code should check the size of the buffer before appending new characters and resize the buffer if necessary. Additionally, the code should handle errors gracefully and avoid using fixed-size buffers when possible.","xmlLoadEntityContent(xmlParserCtxtPtr ctxt, xmlEntityPtr entity) {
    xmlParserInputPtr input;
    xmlBufferPtr buf;
    int l, c;
    int count = 0;

    if ((ctxt == NULL) || (entity == NULL) ||
        ((entity->etype != XML_EXTERNAL_PARAMETER_ENTITY) &&
	 (entity->etype != XML_EXTERNAL_GENERAL_PARSED_ENTITY)) ||
	(entity->content != NULL)) {
	xmlFatalErr(ctxt, XML_ERR_INTERNAL_ERROR,
	            ""xmlLoadEntityContent parameter error"");
        return(-1);
    }

    if (xmlParserDebugEntities)
	xmlGenericError(xmlGenericErrorContext,
		""Reading %s entity content input\n"", entity->name);

    buf = xmlBufferCreate();
    if (buf == NULL) {
	xmlFatalErr(ctxt, XML_ERR_INTERNAL_ERROR,
	            ""xmlLoadEntityContent parameter error"");
        return(-1);
    }

    input = xmlNewEntityInputStream(ctxt, entity);
    if (input == NULL) {
	xmlFatalErr(ctxt, XML_ERR_INTERNAL_ERROR,
	            ""xmlLoadEntityContent input error"");
	xmlBufferFree(buf);
        return(-1);
    }

    /*
     * Push the entity as the current input, read char by char
     * saving to the buffer until the end of the entity or an error
     */
    if (xmlPushInput(ctxt, input) < 0) {
        xmlBufferFree(buf);
	return(-1);
    }

    GROW;
    c = CUR_CHAR(l);
    while ((ctxt->input == input) && (ctxt->input->cur < ctxt->input->end) &&
           (IS_CHAR(c))) {
        xmlBufferAdd(buf, ctxt->input->cur, l);
 	if (count++ > 100) {
 	    count = 0;
 	    GROW;
 	}
 	NEXTL(l);
 	c = CUR_CHAR(l);
    }

    if ((ctxt->input == input) && (ctxt->input->cur >= ctxt->input->end)) {
        xmlPopInput(ctxt);
    } else if (!IS_CHAR(c)) {
        xmlFatalErrMsgInt(ctxt, XML_ERR_INVALID_CHAR,
                          ""xmlLoadEntityContent: invalid char value %d\n"",
	                  c);
	xmlBufferFree(buf);
	return(-1);
    }
    entity->content = buf->content;
    buf->content = NULL;
    xmlBufferFree(buf);

    return(0);
}
"
147323,CWE-119,14B,Qwen2.5-Coder-14B-Instruct,perturbed,"The vulnerability in this C code is a potential buffer overflow. The code reads characters from an input stream and appends them to a buffer without checking if the buffer has enough space to hold the new characters. This can lead to writing past the end of the buffer, which can overwrite adjacent memory locations and potentially cause the program to crash or execute arbitrary code. The vulnerability is particularly dangerous because it can be exploited by an attacker to inject malicious data into the buffer, leading to a successful attack. To fix this vulnerability, the code should check the size of the buffer before appending new characters and allocate more space if necessary. Additionally, the code should handle errors gracefully and avoid leaving the program in an inconsistent state if an error occurs.","xmlLoadEntityContent(xmlParserCtxtPtr ctxt, xmlEntityPtr entity) {
    xmlParserInputPtr var_3;
    xmlBufferPtr var_1;
    int var_4, c;
    int var_2 = 0;

    if ((ctxt == NULL) || (entity == NULL) ||
        ((entity->etype != XML_EXTERNAL_PARAMETER_ENTITY) &&
	 (entity->etype != XML_EXTERNAL_GENERAL_PARSED_ENTITY)) ||
	(entity->content != NULL)) {
	xmlFatalErr(ctxt, XML_ERR_INTERNAL_ERROR,
	            ""xmlLoadEntityContent parameter error"");
        return(-1);
    }

    if (xmlParserDebugEntities)
	xmlGenericError(xmlGenericErrorContext,
		""Reading %s entity content input\n"", entity->name);

    var_1 = xmlBufferCreate();
    if (var_1 == NULL) {
	xmlFatalErr(ctxt, XML_ERR_INTERNAL_ERROR,
	            ""xmlLoadEntityContent parameter error"");
        return(-1);
    }

    var_3 = xmlNewEntityInputStream(ctxt, entity);
    if (var_3 == NULL) {
	xmlFatalErr(ctxt, XML_ERR_INTERNAL_ERROR,
	            ""xmlLoadEntityContent input error"");
	xmlBufferFree(var_1);
        return(-1);
    }

    /*
     * Push the entity as the current input, read char by char
     * saving to the buffer until the end of the entity or an error
     */
    if (xmlPushInput(ctxt, var_3) < 0) {
        xmlBufferFree(var_1);
	return(-1);
    }

    GROW;
    c = CUR_CHAR(var_4);
    while ((ctxt->input == var_3) && (ctxt->input->cur < ctxt->input->end) &&
           (IS_CHAR(c))) {
        xmlBufferAdd(var_1, ctxt->input->cur, var_4);
 	if (var_2++ > 100) {
 	    var_2 = 0;
 	    GROW;
 	}
 	NEXTL(var_4);
 	c = CUR_CHAR(var_4);
    }

    if ((ctxt->input == var_3) && (ctxt->input->cur >= ctxt->input->end)) {
        xmlPopInput(ctxt);
    } else if (!IS_CHAR(c)) {
        xmlFatalErrMsgInt(ctxt, XML_ERR_INVALID_CHAR,
                          ""xmlLoadEntityContent: invalid char value %d\n"",
	                  c);
	xmlBufferFree(var_1);
	return(-1);
    }
    entity->content = var_1->content;
    var_1->content = NULL;
    xmlBufferFree(var_1);

    return(0);
}
"
142063,CWE-20,14B,Qwen2.5-Coder-14B-Instruct,baseline,"The vulnerability in this C code is a buffer overflow. The function `zend_parse_parameters` is used to parse the input parameters, but it does not check if the length of the input string exceeds the size of the buffer allocated for it. This can lead to a buffer overflow if the input string is longer than the buffer, allowing an attacker to overwrite adjacent memory locations and potentially execute arbitrary code.

The vulnerability is dangerous because it can be exploited by an attacker to gain unauthorized access to the system, execute arbitrary code, or cause a denial of service by crashing the application. The lack of proper input validation and buffer checking makes the code susceptible to such attacks.

To mitigate this vulnerability, the code should include checks to ensure that the length of the input string does not exceed the size of the buffer allocated for it. Additionally, using safer functions like `zend_parse_parameters_ex` with appropriate flags can help prevent buffer overflows. It's also important to review and test the code thoroughly to identify and fix other potential vulnerabilities.","PHP_METHOD(Phar, offsetSet)
{
	char *fname, *cont_str = NULL;
	size_t fname_len, cont_len;
	zval *zresource;
	PHAR_ARCHIVE_OBJECT();

	if (PHAR_G(readonly) && !phar_obj->archive->is_data) {
		zend_throw_exception_ex(spl_ce_BadMethodCallException, 0, ""Write operations disabled by the php.ini setting phar.readonly"");
                return;
        }
 
       if (zend_parse_parameters_ex(ZEND_PARSE_PARAMS_QUIET, ZEND_NUM_ARGS(), ""sr"", &fname, &fname_len, &zresource) == FAILURE
       && zend_parse_parameters(ZEND_NUM_ARGS(), ""ss"", &fname, &fname_len, &cont_str, &cont_len) == FAILURE) {
                return;
        }
 
	if (fname_len == sizeof("".phar/stub.php"")-1 && !memcmp(fname, "".phar/stub.php"", sizeof("".phar/stub.php"")-1)) {
		zend_throw_exception_ex(spl_ce_BadMethodCallException, 0, ""Cannot set stub \"".phar/stub.php\"" directly in phar \""%s\"", use setStub"", phar_obj->archive->fname);
		return;
	}

	if (fname_len == sizeof("".phar/alias.txt"")-1 && !memcmp(fname, "".phar/alias.txt"", sizeof("".phar/alias.txt"")-1)) {
		zend_throw_exception_ex(spl_ce_BadMethodCallException, 0, ""Cannot set alias \"".phar/alias.txt\"" directly in phar \""%s\"", use setAlias"", phar_obj->archive->fname);
		return;
	}

	if (fname_len >= sizeof("".phar"")-1 && !memcmp(fname, "".phar"", sizeof("".phar"")-1)) {
		zend_throw_exception_ex(spl_ce_BadMethodCallException, 0, ""Cannot set any files or directories in magic \"".phar\"" directory"", phar_obj->archive->fname);
		return;
	}

	phar_add_file(&(phar_obj->archive), fname, fname_len, cont_str, cont_len, zresource);
}
"
142063,CWE-20,14B,Qwen2.5-Coder-14B-Instruct,perturbed,"The vulnerability in this C code is a buffer overflow. The function `zend_parse_parameters` is used to parse the input parameters, but it does not check if the size of the input string exceeds the allocated buffer size. This can lead to a buffer overflow if the input string is larger than the buffer, allowing an attacker to overwrite adjacent memory locations and potentially execute arbitrary code.

The vulnerability is dangerous because it can be exploited by an attacker to execute arbitrary code with the privileges of the process running the PHP script. This can lead to unauthorized access to sensitive data, modification of system files, or even complete control over the server.

To mitigate this vulnerability, the code should include checks to ensure that the size of the input string does not exceed the allocated buffer size before copying it into the buffer. Additionally, using safer functions such as `strncpy` instead of `strcpy` can help prevent buffer overflows by limiting the number of characters copied into the buffer.","PHP_METHOD(Phar, offsetSet)
{
	char *var_2, *var_1 = NULL;
	size_t var_3, cont_len;
	zval *var_4;
	PHAR_ARCHIVE_OBJECT();

	if (PHAR_G(readonly) && !phar_obj->archive->is_data) {
		zend_throw_exception_ex(spl_ce_BadMethodCallException, 0, ""Write operations disabled by the php.ini setting phar.readonly"");
                return;
        }
 
       if (zend_parse_parameters_ex(ZEND_PARSE_PARAMS_QUIET, ZEND_NUM_ARGS(), ""sr"", &var_2, &var_3, &var_4) == FAILURE
       && zend_parse_parameters(ZEND_NUM_ARGS(), ""ss"", &var_2, &var_3, &var_1, &cont_len) == FAILURE) {
                return;
        }
 
	if (var_3 == sizeof("".phar/stub.php"")-1 && !memcmp(var_2, "".phar/stub.php"", sizeof("".phar/stub.php"")-1)) {
		zend_throw_exception_ex(spl_ce_BadMethodCallException, 0, ""Cannot set stub \"".phar/stub.php\"" directly in phar \""%s\"", use setStub"", phar_obj->archive->fname);
		return;
	}

	if (var_3 == sizeof("".phar/alias.txt"")-1 && !memcmp(var_2, "".phar/alias.txt"", sizeof("".phar/alias.txt"")-1)) {
		zend_throw_exception_ex(spl_ce_BadMethodCallException, 0, ""Cannot set alias \"".phar/alias.txt\"" directly in phar \""%s\"", use setAlias"", phar_obj->archive->fname);
		return;
	}

	if (var_3 >= sizeof("".phar"")-1 && !memcmp(var_2, "".phar"", sizeof("".phar"")-1)) {
		zend_throw_exception_ex(spl_ce_BadMethodCallException, 0, ""Cannot set any files or directories in magic \"".phar\"" directory"", phar_obj->archive->fname);
		return;
	}

	phar_add_file(&(phar_obj->archive), var_2, var_3, var_1, cont_len, var_4);
}
"
133253,CWE-476,14B,Qwen2.5-Coder-14B-Instruct,baseline,"The vulnerability in this code is that it does not check if the `src` pointer is within the bounds of the allocated memory before accessing it. This can lead to a buffer overflow if the calculated `src_x` and `src_y` values are outside the valid range of the source buffer. The `av_clip` function is used to clip the `src_x` and `src_y` values to be within the valid range, but this only prevents out-of-bounds access to the source buffer itself, not to the destination buffer or any other buffers that may be accessed by the `pix_op` function. Additionally, the `emulated_edge_mc` function may also access memory outside the bounds of the source buffer if the calculated `src_x` and `src_y` values are too large. This can lead to undefined behavior, including crashes, data corruption, or security vulnerabilities such as code execution. To fix this vulnerability, the code should add additional checks to ensure that the `src` pointer is within the bounds of the allocated memory before accessing it. This can be done by checking the values of `src_x` and `src_y` against the size of the source buffer, and by ensuring that the `pix_op` function does not access any memory outside the bounds of the destination buffer or any other buffers that may be accessed by the function.","static inline int hpel_motion(MpegEncContext *s,
                              uint8_t *dest, uint8_t *src,
                              int src_x, int src_y,
                              op_pixels_func *pix_op,
                              int motion_x, int motion_y)
{
    int dxy = 0;
    int emu = 0;

    src_x += motion_x >> 1;
    src_y += motion_y >> 1;

    /* WARNING: do no forget half pels */
    src_x = av_clip(src_x, -16, s->width); // FIXME unneeded for emu?
    if (src_x != s->width)
        dxy |= motion_x & 1;
    src_y = av_clip(src_y, -16, s->height);
    if (src_y != s->height)
         dxy |= (motion_y & 1) << 1;
     src += src_y * s->linesize + src_x;
 
    if (s->unrestricted_mv) {
        if ((unsigned)src_x > FFMAX(s->h_edge_pos - (motion_x & 1) - 8, 0) ||
            (unsigned)src_y > FFMAX(s->v_edge_pos - (motion_y & 1) - 8, 0)) {
            s->vdsp.emulated_edge_mc(s->sc.edge_emu_buffer, src,
                                     s->linesize, s->linesize,
                                     9, 9,
                                     src_x, src_y, s->h_edge_pos,
                                     s->v_edge_pos);
            src = s->sc.edge_emu_buffer;
            emu = 1;
        }
     }
     pix_op[dxy](dest, src, s->linesize, 8);
     return emu;
    }
"
133253,CWE-476,14B,Qwen2.5-Coder-14B-Instruct,perturbed,"The vulnerability in this C code is a potential buffer overflow. The function `hpel_motion` takes several parameters, including pointers to image data (`var_1` and `var_8`) and dimensions of the image (`var_7->width` and `var_7->height`). The function calculates new positions for these pointers based on motion vectors (`var_4` and `var_5`) and then uses these pointers to access image data.

The vulnerability arises from the lack of proper bounds checking when calculating the new positions for the pointers. Specifically, the code does not check if the calculated positions exceed the bounds of the allocated memory for the image data. This can lead to accessing memory outside the allocated buffer, which can result in undefined behavior, crashes, or even security vulnerabilities such as arbitrary code execution.

To mitigate this vulnerability, the code should include additional checks to ensure that the calculated positions for the pointers do not exceed the bounds of the allocated memory. For example, before accessing the image data at `var_8`, the code should verify that `var_9` and `var_10` are within the valid range of the image dimensions. Additionally, the code should handle cases where the calculated positions are out of bounds by either clamping them to the nearest valid position or by returning an error.","static inline int hpel_motion(MpegEncContext *var_7,
                              uint8_t *var_1, uint8_t *var_8,
                              int var_9, int var_10,
                              op_pixels_func *var_6,
                              int var_4, int var_5)
{
    int var_2 = 0;
    int var_3 = 0;

    var_9 += var_4 >> 1;
    var_10 += var_5 >> 1;

    /* WARNING: do no forget half pels */
    var_9 = av_clip(var_9, -16, var_7->width); // FIXME unneeded for emu?
    if (var_9 != var_7->width)
        var_2 |= var_4 & 1;
    var_10 = av_clip(var_10, -16, var_7->height);
    if (var_10 != var_7->height)
         var_2 |= (var_5 & 1) << 1;
     var_8 += var_10 * var_7->linesize + var_9;
 
    if (var_7->unrestricted_mv) {
        if ((unsigned)var_9 > FFMAX(var_7->h_edge_pos - (var_4 & 1) - 8, 0) ||
            (unsigned)var_10 > FFMAX(var_7->v_edge_pos - (var_5 & 1) - 8, 0)) {
            var_7->vdsp.emulated_edge_mc(var_7->sc.edge_emu_buffer, var_8,
                                     var_7->linesize, var_7->linesize,
                                     9, 9,
                                     var_9, var_10, var_7->h_edge_pos,
                                     var_7->v_edge_pos);
            var_8 = var_7->sc.edge_emu_buffer;
            var_3 = 1;
        }
     }
     var_6[var_2](var_1, var_8, var_7->linesize, 8);
     return var_3;
    }
"
90623,CWE-264,14B,Qwen2.5-Coder-14B-Instruct,baseline,"The function `my_object_increment` takes a pointer to an object of type `MyObject`, two integers `x` and `*ret`, and a pointer to a `GError`. It increments the value of `x` by 1 and assigns it to `*ret`. However, there is no check to ensure that `*ret` is not NULL before dereferencing it. This can lead to undefined behavior if `*ret` is NULL, which can be exploited by an attacker to execute arbitrary code or cause a crash.

The vulnerability in the provided C code is a potential null pointer dereference. Specifically, the function `my_object_increment` takes a pointer to an integer `gint32 *ret` as one of its parameters. The function then attempts to dereference this pointer and assign a value to it:

```c
*ret = x + 1;
```

If the caller of this function passes a `NULL` pointer for `ret`, the above line will result in a null pointer dereference. This can lead to undefined behavior, which might include:

1. **Crash**: The program may crash due to a segmentation fault.
2. **Security Vulnerability**: An attacker could exploit this vulnerability to execute arbitrary code. By carefully crafting the input, an attacker might be able to overwrite memory locations that control the flow of execution, leading to a buffer overflow or other types of attacks.

To mitigate this vulnerability, the function should check if `ret` is `NULL` before attempting to dereference it. If `ret` is `NULL`, the function should handle the error appropriately, possibly by setting an error message through the `GError` parameter and returning `FALSE` to indicate failure. Here is an example of how this could be done:

```c
my_object_increment (MyObject *obj, gint32 x, gint32 *ret, GError **error)
{
  if (ret == NULL) {
    g_set_error(error, MY_ERROR_DOMAIN, MY_ERROR_INVALID_ARGUMENT, ""ret cannot be NULL"");
    return FALSE;
  }
  
  *ret = x + 1;
  return TRUE;
}
```

In this revised version, the function first checks if `ret` is `NULL`. If it is, the function sets an appropriate error message using `g_set_error` and returns `FALSE` to indicate that the operation failed. This prevents the null pointer dereference and makes the function more robust and secure.","my_object_increment (MyObject *obj, gint32 x, gint32 *ret, GError **error)
{
  *ret = x +1;
  return TRUE;
}
"
90623,CWE-264,14B,Qwen2.5-Coder-14B-Instruct,perturbed,"The function `my_object_increment` takes a pointer to an object of type `MyObject`, two integers `x` and `*ret`, and a pointer to a `GError`. It increments the value of `x` by 1 and assigns it to `*ret`. However, there is no check to ensure that `*ret` is not NULL before dereferencing it. This can lead to undefined behavior if `*ret` is NULL, which can be exploited by an attacker to execute arbitrary code or cause a crash.

The vulnerability in the provided C code is a potential null pointer dereference. Specifically, the function `my_object_increment` takes a pointer to an integer `gint32 *ret` as one of its parameters. The function then attempts to dereference this pointer and assign a value to it:

```c
*ret = x + 1;
```

If the caller of this function passes a `NULL` pointer for `ret`, the above line will result in a null pointer dereference. This can lead to undefined behavior, which might include:

1. **Crash**: The program may crash due to a segmentation fault.
2. **Security Vulnerability**: An attacker could exploit this vulnerability to execute arbitrary code. By carefully crafting the input, an attacker might be able to overwrite memory locations that control the flow of execution, leading to a buffer overflow or other types of attacks.

To mitigate this vulnerability, the function should check if `ret` is `NULL` before attempting to dereference it. If `ret` is `NULL`, the function should handle the error appropriately, possibly by setting an error message through the `GError` parameter and returning an error code. Here is an example of how this could be done:

```c
#include <glib.h>

gboolean my_object_increment(MyObject *obj, gint32 x, gint32 *ret, GError **error) {
    if (ret == NULL) {
        g_set_error(error, G_MY_ERROR_DOMAIN, G_MY_ERROR_INVALID_ARGUMENT,
                     ""Return pointer 'ret' cannot be NULL"");
        return FALSE;
    }

    *ret = x + 1;
    return TRUE;
}
```

In this revised version, the function checks if `ret` is `NULL` and sets an appropriate error message if it is. This prevents the null pointer dereference and makes the function more robust and secure.","my_object_increment (MyObject *obj, gint32 x, gint32 *ret, GError **error)
{
  *ret = x +1;
  return TRUE;
}
"
119333,CWE-354,14B,Qwen2.5-Coder-14B-Instruct,baseline,"The vulnerability in this C code is a potential buffer overflow. The function `parse_csum_name` takes a pointer to a string `name` and an integer `len`. If `len` is less than 0 and `name` is not NULL, the function calculates the length of the string using `strlen(name)`. However, if `name` is NULL, the function will attempt to dereference a NULL pointer when calling `strlen(name)`, which can lead to undefined behavior or a crash. This is dangerous because it allows an attacker to potentially control the program's execution flow by providing a NULL pointer as input. To fix this vulnerability, the function should check if `name` is NULL before calling `strlen(name)`.

The vulnerability in this C code is a potential buffer overflow. The function `parse_csum_name` takes a pointer to a string `name` and an integer `len`. If `len` is less than 0 and `name` is not NULL, the function calculates the length of the string using `strlen(name)`. However, if `name` is NULL, the function will attempt to dereference a NULL pointer when calling `strlen(name)`, which can lead to undefined behavior or a crash. This is dangerous because it allows an attacker to potentially control the program's execution flow by providing a NULL pointer as input. To fix this vulnerability, the function should check if `name` is NULL before calling `strlen(name)`.

The vulnerability in this C code is a potential buffer overflow. The function `parse_csum_name` takes a pointer to a string `name` and an integer `len`. If `len` is less than 0 and `name` is not NULL, the function calculates the length of the string using `strlen(name)`. However, if `name` is NULL, the function will attempt to dereference a NULL pointer when calling `strlen(name)`, which can lead to undefined behavior or a crash. This is dangerous because it allows an attacker to potentially control the program's execution flow by providing a NULL pointer as input. To fix this vulnerability, the function should check if `name` is NULL before calling `strlen(name)`.

The vulnerability in this C code is a potential buffer overflow. The function `parse_csum_name` takes a pointer to a string `name` and an integer `len`. If `len` is less than 0 and `name` is not NULL, the function calculates the length of the string using `strlen(name)`. However,","int parse_csum_name(const char *name, int len)
{
	if (len < 0 && name)
		len = strlen(name);

	if (!name || (len == 4 && strncasecmp(name, ""auto"", 4) == 0)) {
		if (protocol_version >= 30)
			return CSUM_MD5;
		if (protocol_version >= 27)
                        return CSUM_MD4_OLD;
                if (protocol_version >= 21)
                        return CSUM_MD4_BUSTED;
               return CSUM_ARCHAIC;
        }
        if (len == 3 && strncasecmp(name, ""md4"", 3) == 0)
                return CSUM_MD4;
	if (len == 3 && strncasecmp(name, ""md5"", 3) == 0)
		return CSUM_MD5;
	if (len == 4 && strncasecmp(name, ""none"", 4) == 0)
		return CSUM_NONE;

	rprintf(FERROR, ""unknown checksum name: %s\n"", name);
	exit_cleanup(RERR_UNSUPPORTED);
}
"
119333,CWE-354,14B,Qwen2.5-Coder-14B-Instruct,perturbed,"The vulnerability in this C code is a potential buffer overflow. The function `parse_csum_name` takes two parameters: `var_2`, which is a pointer to a string, and `var_1`, which is an integer. If `var_1` is less than 0 and `var_2` is not null, the function sets `var_1` to the length of `var_2`. However, there is no check to ensure that `var_1` does not exceed the bounds of the string pointed to by `var_2`. This can lead to a buffer overflow if `var_1` is set to a value greater than the length of `var_2`. The danger of this vulnerability is that it can allow an attacker to execute arbitrary code or crash the program by providing a specially crafted input that causes the buffer overflow. To fix this vulnerability, the function should include a check to ensure that `var_1` does not exceed the length of `var_2` before using it to access elements of the string pointed to by `var_2`.","int parse_csum_name(const char *var_2, int var_1)
{
	if (var_1 < 0 && var_2)
		var_1 = strlen(var_2);

	if (!var_2 || (var_1 == 4 && strncasecmp(var_2, ""auto"", 4) == 0)) {
		if (protocol_version >= 30)
			return CSUM_MD5;
		if (protocol_version >= 27)
                        return CSUM_MD4_OLD;
                if (protocol_version >= 21)
                        return CSUM_MD4_BUSTED;
               return CSUM_ARCHAIC;
        }
        if (var_1 == 3 && strncasecmp(var_2, ""md4"", 3) == 0)
                return CSUM_MD4;
	if (var_1 == 3 && strncasecmp(var_2, ""md5"", 3) == 0)
		return CSUM_MD5;
	if (var_1 == 4 && strncasecmp(var_2, ""none"", 4) == 0)
		return CSUM_NONE;

	rprintf(FERROR, ""unknown checksum name: %s\n"", var_2);
	exit_cleanup(RERR_UNSUPPORTED);
}
"
86328,CWE-20,14B,Qwen2.5-Coder-14B-Instruct,baseline,"The vulnerability in the provided C code is a buffer overflow. The function `SProcXFixesQueryVersion` does not check if the length of the request (`stuff->length`) is within the bounds of the allocated memory for the request structure. This can lead to reading or writing beyond the allocated memory, potentially overwriting adjacent memory locations or causing the program to crash. This type of vulnerability can be exploited by an attacker to execute arbitrary code with the privileges of the process running the vulnerable software. To mitigate this vulnerability, the code should include checks to ensure that the request length is valid before processing the request. ``` ``` ``` ``` ``` ``` ``` ``` ``` ``` ``` ``` ``` ``` ``` ``` ``` ``` ``` ``` ``` ``` ``` ``` ``` ``` ``` ``` ``` ``` ``` ``` ``` ``` ``` ``` ``` ``` ``` ``` ``` ``` ``` ``` ``` ``` ``` ``` ``` ``` ``` ``` ``` ``` ``` ``` ``` ``` ``` ``` ``` ``` ``` ``` ``` ``` ``` ``` ``` ``` ``` ``` ``` ``` ``` ``` ``` ``` ``` ``` ``` ``` ``` ``` ``` ``` ``` ``` ``` ``` ``` ``` ``` ``` ``` ``` ``` ``` ``` ``` ``` ``` ``` ``` ``` ``` ``` ``` ``` ``` ``` ``` ``` ``` ``` ``` ``` ``` ``` ``` ``` ``` ``` ``` ``` ``` ``` ``` ``` ``` ``` ``` ``` ``` ``` ``` ``` ``` ``` ``` ``` ``` ``` ``` ``` ``` ``` ``` ``` ``` ``` ``` ``` ``` ``` ``` ``` ``` ``` ``` ``` ``` ``` ``` ``` ``` ``` ``` ``` ``` ``` ``` ``` ``` ``` ``` ``` ``` ``` ``` ``` ``` ``` ``` ``` ``` ``` ``` ``` ``` ``` ``` ``` ``` ``` ``` ``` ``` ``` ``` ``` ``` ``` ``` ``` ``` ``` ``` ``` ``` ``` ``` ``` ``` ``` ``` ``` ``` ``` ``` ``` ``` ``` ``` ``` ``` ``` ``` ``` ``` ``` ``` ``` ``` ``` ``` ``` ``` ``` ``` ``` ``` ``` ``` ``` ``` ``` ``` ``` ``` ``` ``` ``` ``` ``` ``` ``` ``` ``` ``` ``` ``` ``` ``` ``` ``` ``` ``` ``` ``` ``` ``` ``` ``` ``` ``` ``` ``` ``` ``` ``` ``` ``` ``` ``` ``` ``` ``` ``` ``` ``` ``` ``` ``` ``` ``` ``` ``` ``` ``` ``` ``` ``` ``` ``` ``` ``` ``` ``` ``` ``` ``` ``` ``` ``` ``` ``` ``` ``` ``` ``` ``` ``` ``` ``` ``` ``` ``` ``` ``` ``` ``` ``` ``` ``` ``` ``` ``` ``` ``` ``` ``` ``` ``` ``` ``` ``` ``` ``` ``` ``` ``` ``` ``` ``` ``` ``` ``` ``` ``` ``` ``` ``` ``` ``` ``` ``` ``` ``` ``` ``` ``` ``` ``` ``` ``` ``` ``` ``` ``` ``` ``` ``` ``` ``` ``` ``` ``` ```"," SProcXFixesQueryVersion(ClientPtr client)
 {
     REQUEST(xXFixesQueryVersionReq);
 
     swaps(&stuff->length);
     swapl(&stuff->majorVersion);
    return (*ProcXFixesVector[stuff->xfixesReqType]) (client);
}
"
86328,CWE-20,14B,Qwen2.5-Coder-14B-Instruct,perturbed,"The vulnerability in the provided C code is a buffer overflow. The function `SProcXFixesQueryVersion` does not check if the length of the request (`stuff->length`) is within the bounds of the allocated memory for the request structure. This can lead to reading or writing beyond the allocated memory, potentially overwriting adjacent memory locations or causing the program to crash. This type of vulnerability can be exploited by an attacker to execute arbitrary code with the privileges of the process running the vulnerable software. To mitigate this vulnerability, the code should include checks to ensure that the request length is valid before processing the request. ``` ``` ``` ``` ``` ``` ``` ``` ``` ``` ``` ``` ``` ``` ``` ``` ``` ``` ``` ``` ``` ``` ``` ``` ``` ``` ``` ``` ``` ``` ``` ``` ``` ``` ``` ``` ``` ``` ``` ``` ``` ``` ``` ``` ``` ``` ``` ``` ``` ``` ``` ``` ``` ``` ``` ``` ``` ``` ``` ``` ``` ``` ``` ``` ``` ``` ``` ``` ``` ``` ``` ``` ``` ``` ``` ``` ``` ``` ``` ``` ``` ``` ``` ``` ``` ``` ``` ``` ``` ``` ``` ``` ``` ``` ``` ``` ``` ``` ``` ``` ``` ``` ``` ``` ``` ``` ``` ``` ``` ``` ``` ``` ``` ``` ``` ``` ``` ``` ``` ``` ``` ``` ``` ``` ``` ``` ``` ``` ``` ``` ``` ``` ``` ``` ``` ``` ``` ``` ``` ``` ``` ``` ``` ``` ``` ``` ``` ``` ``` ``` ``` ``` ``` ``` ``` ``` ``` ``` ``` ``` ``` ``` ``` ``` ``` ``` ``` ``` ``` ``` ``` ``` ``` ``` ``` ``` ``` ``` ``` ``` ``` ``` ``` ``` ``` ``` ``` ``` ``` ``` ``` ``` ``` ``` ``` ``` ``` ``` ``` ``` ``` ``` ``` ``` ``` ``` ``` ``` ``` ``` ``` ``` ``` ``` ``` ``` ``` ``` ``` ``` ``` ``` ``` ``` ``` ``` ``` ``` ``` ``` ``` ``` ``` ``` ``` ``` ``` ``` ``` ``` ``` ``` ``` ``` ``` ``` ``` ``` ``` ``` ``` ``` ``` ``` ``` ``` ``` ``` ``` ``` ``` ``` ``` ``` ``` ``` ``` ``` ``` ``` ``` ``` ``` ``` ``` ``` ``` ``` ``` ``` ``` ``` ``` ``` ``` ``` ``` ``` ``` ``` ``` ``` ``` ``` ``` ``` ``` ``` ``` ``` ``` ``` ``` ``` ``` ``` ``` ``` ``` ``` ``` ``` ``` ``` ``` ``` ``` ``` ``` ``` ``` ``` ``` ``` ``` ``` ``` ``` ``` ``` ``` ``` ``` ``` ``` ``` ``` ``` ``` ``` ``` ``` ``` ``` ``` ``` ``` ``` ``` ``` ``` ``` ``` ``` ``` ``` ``` ``` ``` ``` ``` ``` ``` ``` ``` ``` ``` ``` ``` ``` ``` ``` ``` ``` ``` ``` ``` ``` ``` ``` ``` ``` ``` ``` ``` ``` ``` ``` ```"," SProcXFixesQueryVersion(ClientPtr client)
 {
     REQUEST(xXFixesQueryVersionReq);
 
     swaps(&stuff->length);
     swapl(&stuff->majorVersion);
    return (*ProcXFixesVector[stuff->xfixesReqType]) (client);
}
"
108598,CWE-125,14B,Qwen2.5-Coder-14B-Instruct,baseline,"The vulnerability in this C code is a buffer overflow. The code does not properly validate the input data before accessing it, which can lead to reading or writing outside of the allocated memory. This can result in undefined behavior, crashes, or even security vulnerabilities such as code execution. The specific issue is in the line where `is32` is accessed: `if ( (is32[hi >> 3] & ( 0x80 >> ( hi & 7 ) ) ) == 0 )`. If `hi` is too large, this will access memory outside of the `is32` array, leading to a buffer overflow. To fix this, the code should add a bounds check on `hi` before accessing `is32`. For example:
```c
if ( hi >= 8192 )
  FT_INVALID_DATA;
```

This would ensure that `hi` is within the bounds of the `is32` array before accessing it, preventing a buffer overflow.","  tt_cmap8_validate( FT_Byte*      table,
                     FT_Validator  valid )
  {
    FT_Byte*   p = table + 4;
    FT_Byte*   is32;
    FT_UInt32  length;
    FT_UInt32  num_groups;


    if ( table + 16 + 8192 > valid->limit )
      FT_INVALID_TOO_SHORT;

    length = TT_NEXT_ULONG( p );
    if ( length > (FT_UInt32)( valid->limit - table ) || length < 8192 + 16 )
      FT_INVALID_TOO_SHORT;

    is32       = table + 12;
     p          = is32  + 8192;          /* skip `is32' array */
     num_groups = TT_NEXT_ULONG( p );
 
    if ( p + num_groups * 12 > valid->limit )
       FT_INVALID_TOO_SHORT;
 
     /* check groups, they must be in increasing order */
      FT_UInt32  n, start, end, start_id, count, last = 0;


      for ( n = 0; n < num_groups; n++ )
      {
        FT_UInt   hi, lo;


        start    = TT_NEXT_ULONG( p );
        end      = TT_NEXT_ULONG( p );
        start_id = TT_NEXT_ULONG( p );

        if ( start > end )
          FT_INVALID_DATA;

        if ( n > 0 && start <= last )
          FT_INVALID_DATA;

 
         if ( valid->level >= FT_VALIDATE_TIGHT )
         {
          if ( start_id + end - start >= TT_VALID_GLYPH_COUNT( valid ) )
             FT_INVALID_GLYPH_ID;
 
           count = (FT_UInt32)( end - start + 1 );
            {
              hi = (FT_UInt)( start >> 16 );
              lo = (FT_UInt)( start & 0xFFFFU );

              if ( (is32[hi >> 3] & ( 0x80 >> ( hi & 7 ) ) ) == 0 )
                FT_INVALID_DATA;

              if ( (is32[lo >> 3] & ( 0x80 >> ( lo & 7 ) ) ) == 0 )
                FT_INVALID_DATA;
            }
          }
          else
          {
            /* start_hi == 0; check that is32[i] is 0 for each i in */
            /* the range [start..end]                               */

            /* end_hi cannot be != 0! */
            if ( end & ~0xFFFFU )
              FT_INVALID_DATA;

            for ( ; count > 0; count--, start++ )
            {
              lo = (FT_UInt)( start & 0xFFFFU );

              if ( (is32[lo >> 3] & ( 0x80 >> ( lo & 7 ) ) ) != 0 )
                FT_INVALID_DATA;
            }
          }
        }

        last = end;
      }
"
108598,CWE-125,14B,Qwen2.5-Coder-14B-Instruct,perturbed,"The vulnerability in the provided C code is a buffer overflow. The code does not properly validate the input data before accessing memory locations, which can lead to unauthorized access or even execution of arbitrary code. Specifically, the vulnerability lies in the following lines:

```c
if ( var_7 + var_6 * 12 > valid->limit )
   FT_INVALID_TOO_SHORT;
```

This line checks if the sum of `var_7` and `var_6 * 12` exceeds the limit of the valid data. However, it does not ensure that `var_7` itself is within the valid range before performing the multiplication and addition. If an attacker can control the value of `var_6`, they could potentially cause an overflow by setting it to a very large number, leading to an out-of-bounds memory access.

To mitigate this vulnerability, the code should include additional checks to ensure that `var_7` is within the valid range before performing any arithmetic operations on it. This would prevent the possibility of an overflow and ensure that the code accesses only valid memory locations.","  tt_cmap8_validate( FT_Byte*      table,
                     FT_Validator  valid )
  {
    FT_Byte*   var_7 = table + 4;
    FT_Byte*   var_2;
    FT_UInt32  var_4;
    FT_UInt32  var_6;


    if ( table + 16 + 8192 > valid->limit )
      FT_INVALID_TOO_SHORT;

    var_4 = TT_NEXT_ULONG( var_7 );
    if ( var_4 > (FT_UInt32)( valid->limit - table ) || var_4 < 8192 + 16 )
      FT_INVALID_TOO_SHORT;

    var_2       = table + 12;
     var_7          = var_2  + 8192;          /* skip `is32' array */
     var_6 = TT_NEXT_ULONG( var_7 );
 
    if ( var_7 + var_6 * 12 > valid->limit )
       FT_INVALID_TOO_SHORT;
 
     /* check groups, they must be in increasing order */
      FT_UInt32  var_5, start, end, start_id, count, var_3 = 0;


      for ( var_5 = 0; var_5 < var_6; var_5++ )
      {
        FT_UInt   var_1, lo;


        start    = TT_NEXT_ULONG( var_7 );
        end      = TT_NEXT_ULONG( var_7 );
        start_id = TT_NEXT_ULONG( var_7 );

        if ( start > end )
          FT_INVALID_DATA;

        if ( var_5 > 0 && start <= var_3 )
          FT_INVALID_DATA;

 
         if ( valid->level >= FT_VALIDATE_TIGHT )
         {
          if ( start_id + end - start >= TT_VALID_GLYPH_COUNT( valid ) )
             FT_INVALID_GLYPH_ID;
 
           count = (FT_UInt32)( end - start + 1 );
            {
              var_1 = (FT_UInt)( start >> 16 );
              lo = (FT_UInt)( start & 0xFFFFU );

              if ( (var_2[var_1 >> 3] & ( 0x80 >> ( var_1 & 7 ) ) ) == 0 )
                FT_INVALID_DATA;

              if ( (var_2[lo >> 3] & ( 0x80 >> ( lo & 7 ) ) ) == 0 )
                FT_INVALID_DATA;
            }
          }
          else
          {
            /* start_hi == 0; check that is32[i] is 0 for each i in */
            /* the range [start..end]                               */

            /* end_hi cannot be != 0! */
            if ( end & ~0xFFFFU )
              FT_INVALID_DATA;

            for ( ; count > 0; count--, start++ )
            {
              lo = (FT_UInt)( start & 0xFFFFU );

              if ( (var_2[lo >> 3] & ( 0x80 >> ( lo & 7 ) ) ) != 0 )
                FT_INVALID_DATA;
            }
          }
        }

        var_3 = end;
      }
"
138593,CWE-20,14B,Qwen2.5-Coder-14B-Instruct,baseline,"The vulnerability in this C code is that the `qemu_coroutine_enter` function is called twice for each coroutine in the loop. This means that each coroutine will be entered twice, which can lead to unexpected behavior and potential crashes. The correct code should only call `qemu_coroutine_enter` once per coroutine. This is dangerous because it can cause the program to enter an infinite loop or crash if the coroutine does not handle being entered multiple times correctly. Additionally, if the coroutine is holding any locks or resources, calling it twice could lead to deadlocks or resource leaks. To fix this vulnerability, the code should be modified to only call `qemu_coroutine_enter` once per coroutine. Here is the corrected code:

```c
static void nbd_recv_coroutines_enter_all(NBDClientSession *s)
{
    int i;

    for (i = 0; i < MAX_NBD_REQUESTS; i++) {
        qemu_coroutine_enter(s->recv_coroutine[i]);
    }
}
```

This change ensures that each coroutine is only entered once, preventing any potential issues with unexpected behavior, crashes, deadlocks, or resource leaks.","static void nbd_recv_coroutines_enter_all(NBDClientSession *s)
 {
     int i;
 
     for (i = 0; i < MAX_NBD_REQUESTS; i++) {
            qemu_coroutine_enter(s->recv_coroutine[i]);
             qemu_coroutine_enter(s->recv_coroutine[i]);
         }
     }
"
138593,CWE-20,14B,Qwen2.5-Coder-14B-Instruct,perturbed,"The vulnerability in this C code is that the `qemu_coroutine_enter` function is called twice for each coroutine. This means that each coroutine will be executed twice, which can lead to unexpected behavior and potential security issues. The correct code should only call `qemu_coroutine_enter` once for each coroutine.
The vulnerability in this C code is that the `qemu_coroutine_enter` function is called twice for each coroutine. This means that each coroutine will be executed twice, which can lead to unexpected behavior and potential security issues. The correct code should only call `qemu_coroutine_enter` once for each coroutine. Additionally, the code does not check if the `recv_coroutine` array has been properly initialized before calling `qemu_coroutine_enter`. If the array has not been initialized, calling `qemu_coroutine_enter` could result in undefined behavior and potentially crash the program. To fix this vulnerability, the code should add a check to ensure that the `recv_coroutine` array has been properly initialized before calling `qemu_coroutine_enter`. Additionally, the code should only call `qemu_coroutine_enter` once for each coroutine.","static void nbd_recv_coroutines_enter_all(NBDClientSession *var_2)
 {
     int var_1;
 
     var_1 = 0;
while (var_1 < MAX_NBD_REQUESTS) {
    qemu_coroutine_enter(var_2->recv_coroutine[var_1]);
             qemu_coroutine_enter(var_2->recv_coroutine[var_1]);
    var_1++;
}
     }
"
28138,CWE-416,14B,Qwen2.5-Coder-14B-Instruct,baseline,"The vulnerability in this C code is that it does not check for errors when calling the `bind` function. If the `bind` function fails, the code will return an error code, but it does not handle the case where the `bind` function succeeds but the socket is not bound to the correct address. This can lead to security vulnerabilities, such as a man-in-the-middle attack, where an attacker can intercept and modify the traffic between the client and the server. To fix this vulnerability, the code should check the return value of the `bind` function and ensure that the socket is bound to the correct address before proceeding with any further operations. ```c
int UDPSocketWin::DoBind(const IPEndPoint& address) {
  SockaddrStorage storage;
  if (!address.ToSockAddr(storage.addr, &storage.addr_len))
    return ERR_ADDRESS_INVALID;
  int rv = bind(socket_, storage.addr, storage.addr_len);
  if (rv != 0) {
    int last_error = WSAGetLastError();
    UMA_HISTOGRAM_SPARSE_SLOWLY(""Net.UdpSocketBindErrorFromWinOS"", last_error);
    if (last_error == WSAEACCES || last_error == WSAEINVAL)
      return ERR_ADDRESS_IN_USE;
    return MapSystemError(last_error);
  }
  
  // Check if the socket is bound to the correct address
  sockaddr_in bound_addr;
  socklen_t bound_addr_len = sizeof(bound_addr);
  if (getsockname(socket_, (struct sockaddr*)&bound_addr, &bound_addr_len) != 0) {
    return MapSystemError(WSAGetLastError());
  }
  
  if (bound_addr.sin_family != storage.addr.sa_family ||
      bound_addr.sin_port != storage.addr.sin_port ||
      bound_addr.sin_addr.s_addr != storage.addr.sin_addr.s_addr) {
    return ERR_ADDRESS_MISMATCH;
  }
  
  return OK;
}
```","int UDPSocketWin::DoBind(const IPEndPoint& address) {
  SockaddrStorage storage;
  if (!address.ToSockAddr(storage.addr, &storage.addr_len))
    return ERR_ADDRESS_INVALID;
  int rv = bind(socket_, storage.addr, storage.addr_len);
  if (rv == 0)
    return OK;
   int last_error = WSAGetLastError();
   UMA_HISTOGRAM_SPARSE_SLOWLY(""Net.UdpSocketBindErrorFromWinOS"", last_error);
  if (last_error == WSAEACCES || last_error == WSAEINVAL)
     return ERR_ADDRESS_IN_USE;
   return MapSystemError(last_error);
 }
"
28138,CWE-416,14B,Qwen2.5-Coder-14B-Instruct,perturbed,"The vulnerability in this code is that it does not check for the return value of the `bind` function. If the `bind` function fails, it will return a non-zero value, which indicates an error. However, the code only checks if the return value is zero, which means that if the `bind` function fails, the code will continue to execute and potentially cause undefined behavior or security issues. This is dangerous because it allows an attacker to exploit the vulnerability by causing the `bind` function to fail and then executing arbitrary code on the system. To fix this vulnerability, the code should check the return value of the `bind` function and handle any errors appropriately. ```c
int UDPSocketWin::DoBind(const IPEndPoint& var_1) {
  SockaddrStorage var_4;
  if (!var_1.ToSockAddr(var_4.addr, &var_4.addr_len))
    return ERR_ADDRESS_INVALID;
  int var_3 = bind(socket_, var_4.addr, var_4.addr_len);
  if (var_3 != 0) { // Check if bind failed
    int var_2 = WSAGetLastError();
    UMA_HISTOGRAM_SPARSE_SLOWLY(""Net.UdpSocketBindErrorFromWinOS"", var_2);
    if (var_2 == WSAEACCES || var_2 == WSAEINVAL)
      return ERR_ADDRESS_IN_USE;
    return MapSystemError(var_2);
  }
  return OK; // Bind succeeded
}
```

In this revised code, the return value of the `bind` function is checked to see if it is non-zero, which indicates an error. If an error occurs, the code handles the error appropriately by getting the last error using `WSAGetLastError`, logging the error using `UMA_HISTOGRAM_SPARSE_SLOWLY`, and then returning an appropriate error code. If the `bind` function succeeds, the code returns `OK`. This ensures that the code handles errors correctly and prevents undefined behavior or security issues from occurring.","int UDPSocketWin::DoBind(const IPEndPoint& var_1) {
  SockaddrStorage var_4;
  if (!var_1.ToSockAddr(var_4.addr, &var_4.addr_len))
    return ERR_ADDRESS_INVALID;
  int var_3 = bind(socket_, var_4.addr, var_4.addr_len);
  if (var_3 == 0)
    return OK;
   int var_2 = WSAGetLastError();
   UMA_HISTOGRAM_SPARSE_SLOWLY(""Net.UdpSocketBindErrorFromWinOS"", var_2);
  if (var_2 == WSAEACCES || var_2 == WSAEINVAL)
     return ERR_ADDRESS_IN_USE;
   return MapSystemError(var_2);
 }
"
99088,CWE-119,14B,Qwen2.5-Coder-14B-Instruct,baseline,"The vulnerability in the provided C code is a buffer overflow. This occurs when the function `jsR_calllwfunction` attempts to access memory beyond the bounds of an array or buffer. In this case, the vulnerability arises from the line `v = *stackidx(J, -1);`. The `stackidx` function is likely used to access elements on the stack, but if the stack pointer (`TOP`) is not properly managed, it can point to invalid memory locations. This can lead to undefined behavior, crashes, or even arbitrary code execution, which are severe security risks. To mitigate this vulnerability, proper bounds checking should be implemented when accessing elements on the stack, ensuring that the stack pointer does not exceed the valid range of the stack. Additionally, the code should handle cases where the stack might be empty or corrupted gracefully, preventing potential exploitation of this vulnerability.","static void jsR_calllwfunction(js_State *J, int n, js_Function *F, js_Environment *scope)
{
	js_Value v;
	int i;

        jsR_savescope(J, scope);
 
        if (n > F->numparams) {
               js_pop(J, F->numparams - n);
                n = F->numparams;
        }
        for (i = n; i < F->varlen; ++i)
		js_pushundefined(J);

	jsR_run(J, F);
	v = *stackidx(J, -1);
	TOP = --BOT; /* clear stack */
	js_pushvalue(J, v);

	jsR_restorescope(J);
}
"
99088,CWE-119,14B,Qwen2.5-Coder-14B-Instruct,perturbed,"The vulnerability in the provided C code is a buffer overflow. This occurs when the function `jsR_calllwfunction` attempts to access memory beyond the bounds of an array or buffer. Specifically, the vulnerability arises from the following lines:

```c
if (var_4 > var_1->numparams) {
    js_pop(var_2, var_1->numparams - var_4);
    var_4 = var_1->numparams;
}
```

Here, `js_pop` is called with the argument `var_1->numparams - var_4`, which can be negative if `var_4` is greater than `var_1->numparams`. If `js_pop` is designed to pop elements from a stack, passing a negative number could lead to an underflow condition, where more elements are popped than are present on the stack. This can result in accessing invalid memory locations, leading to undefined behavior, crashes, or even arbitrary code execution.

The danger of this vulnerability lies in its potential to corrupt the program's state, leading to security vulnerabilities such as privilege escalation, data leakage, or denial of service attacks. It is crucial to ensure that functions like `js_pop` handle such edge cases correctly to prevent buffer overflows and other memory-related issues.","static void jsR_calllwfunction(js_State *var_2, int var_4, js_Function *var_1, js_Environment *var_5)
{
	js_Value var_6;
	int var_3;

        jsR_savescope(var_2, var_5);
 
        if (var_4 > var_1->numparams) {
               js_pop(var_2, var_1->numparams - var_4);
                var_4 = var_1->numparams;
        }
        var_3 = var_4;
while (var_3 < var_1->varlen) {
    js_pushundefined(var_2);
    ++var_3;
}

	jsR_run(var_2, var_1);
	var_6 = *stackidx(var_2, -1);
	TOP = --BOT; /* clear stack */
	js_pushvalue(var_2, var_6);

	jsR_restorescope(var_2);
}
"
4363,CWE-415,14B,Qwen2.5-Coder-14B-Instruct,baseline,"The vulnerability in this C code is a buffer overflow. The function `gdNewDynamicCtx` is called with an initial size of 2048 bytes. However, if the image being processed by `gdImageGifCtx` is larger than 2048 bytes, the function will attempt to write beyond the allocated memory, leading to a buffer overflow. This can result in overwriting adjacent memory locations, which can corrupt data or lead to arbitrary code execution if an attacker can control the contents of the image being processed. To fix this vulnerability, the code should dynamically allocate more memory as needed during the image processing, rather than using a fixed-size buffer. ``` ``` ``` ``` ``` ``` ``` ``` ``` ``` ``` ``` ``` ``` ``` ``` ``` ``` ``` ``` ``` ``` ``` ``` ``` ``` ``` ``` ``` ``` ``` ``` ``` ``` ``` ``` ``` ``` ``` ``` ``` ``` ``` ``` ``` ``` ``` ``` ``` ``` ``` ``` ``` ``` ``` ``` ``` ``` ``` ``` ``` ``` ``` ``` ``` ``` ``` ``` ``` ``` ``` ``` ``` ``` ``` ``` ``` ``` ``` ``` ``` ``` ``` ``` ``` ``` ``` ``` ``` ``` ``` ``` ``` ``` ``` ``` ``` ``` ``` ``` ``` ``` ``` ``` ``` ``` ``` ``` ``` ``` ``` ``` ``` ``` ``` ``` ``` ``` ``` ``` ``` ``` ``` ``` ``` ``` ``` ``` ``` ``` ``` ``` ``` ``` ``` ``` ``` ``` ``` ``` ``` ``` ``` ``` ``` ``` ``` ``` ``` ``` ``` ``` ``` ``` ``` ``` ``` ``` ``` ``` ``` ``` ``` ``` ``` ``` ``` ``` ``` ``` ``` ``` ``` ``` ``` ``` ``` ``` ``` ``` ``` ``` ``` ``` ``` ``` ``` ``` ``` ``` ``` ``` ``` ``` ``` ``` ``` ``` ``` ``` ``` ``` ``` ``` ``` ``` ``` ``` ``` ``` ``` ``` ``` ``` ``` ``` ``` ``` ``` ``` ``` ``` ``` ``` ``` ``` ``` ``` ``` ``` ``` ``` ``` ``` ``` ``` ``` ``` ``` ``` ``` ``` ``` ``` ``` ``` ``` ``` ``` ``` ``` ``` ``` ``` ``` ``` ``` ``` ``` ``` ``` ``` ``` ``` ``` ``` ``` ``` ``` ``` ``` ``` ``` ``` ``` ``` ``` ``` ``` ``` ``` ``` ``` ``` ``` ``` ``` ``` ``` ``` ``` ``` ``` ``` ``` ``` ``` ``` ``` ``` ``` ``` ``` ``` ``` ``` ``` ``` ``` ``` ``` ``` ``` ``` ``` ``` ``` ``` ``` ``` ``` ``` ``` ``` ``` ``` ``` ``` ``` ``` ``` ``` ``` ``` ``` ``` ``` ``` ``` ``` ``` ``` ``` ``` ``` ``` ``` ``` ``` ``` ``` ``` ``` ``` ``` ``` ``` ``` ``` ``` ``` ``` ``` ``` ``` ``` ``` ``` ``` ``` ``` ``` ``` ``` ``` ``` ```"," void * gdImageGifPtr (gdImagePtr im, int *size)
 {
   void *rv;
   gdIOCtx *out = gdNewDynamicCtx (2048, NULL);
  gdImageGifCtx (im, out);
  rv = gdDPExtractData (out, size);
   out->gd_free (out);
   return rv;
 }
"
4363,CWE-415,14B,Qwen2.5-Coder-14B-Instruct,perturbed,"The vulnerability in this C code is a potential buffer overflow. The function `gdNewDynamicCtx` is called with a fixed size of 2048 bytes for the dynamic context. If the image data being processed by `gdImageGifCtx` exceeds this size, it will result in a buffer overflow, which can lead to undefined behavior, crashes, or even security vulnerabilities such as arbitrary code execution. This is dangerous because an attacker could potentially exploit this overflow to execute malicious code on the system. To mitigate this risk, the code should dynamically allocate memory based on the size of the image data or implement proper checks to ensure that the data does not exceed the allocated buffer size."," void * gdImageGifPtr (gdImagePtr var_1, int *var_4)
 {
   void *var_3;
   gdIOCtx *var_2 = gdNewDynamicCtx (2048, NULL);
  gdImageGifCtx (var_1, var_2);
  var_3 = gdDPExtractData (var_2, var_4);
   var_2->gd_free (var_2);
   return var_3;
 }
"
102068,CWE-120,14B,Qwen2.5-Coder-14B-Instruct,baseline,"The vulnerability in this C code is a buffer overflow. The code does not check if the length of the vendor IE being copied into the ie_buffer exceeds the size of the buffer. This can lead to writing beyond the allocated memory, potentially overwriting adjacent memory or causing a segmentation fault. This is dangerous because it can lead to arbitrary code execution, data corruption, or system crashes. To fix this vulnerability, the code should include a check to ensure that the length of the vendor IE does not exceed the remaining space in the ie_buffer before performing the memcpy operation. ``` ``` ``` ``` ``` ``` ``` ``` ``` ``` ``` ``` ``` ``` ``` ``` ``` ``` ``` ``` ``` ``` ``` ``` ``` ``` ``` ``` ``` ``` ``` ``` ``` ``` ``` ``` ``` ``` ``` ``` ``` ``` ``` ``` ``` ``` ``` ``` ``` ``` ``` ``` ``` ``` ``` ``` ``` ``` ``` ``` ``` ``` ``` ``` ``` ``` ``` ``` ``` ``` ``` ``` ``` ``` ``` ``` ``` ``` ``` ``` ``` ``` ``` ``` ``` ``` ``` ``` ``` ``` ``` ``` ``` ``` ``` ``` ``` ``` ``` ``` ``` ``` ``` ``` ``` ``` ``` ``` ``` ``` ``` ``` ``` ``` ``` ``` ``` ``` ``` ``` ``` ``` ``` ``` ``` ``` ``` ``` ``` ``` ``` ``` ``` ``` ``` ``` ``` ``` ``` ``` ``` ``` ``` ``` ``` ``` ``` ``` ``` ``` ``` ``` ``` ``` ``` ``` ``` ``` ``` ``` ``` ``` ``` ``` ``` ``` ``` ``` ``` ``` ``` ``` ``` ``` ``` ``` ``` ``` ``` ``` ``` ``` ``` ``` ``` ``` ``` ``` ``` ``` ``` ``` ``` ``` ``` ``` ``` ``` ``` ``` ``` ``` ``` ``` ``` ``` ``` ``` ``` ``` ``` ``` ``` ``` ``` ``` ``` ``` ``` ``` ``` ``` ``` ``` ``` ``` ``` ``` ``` ``` ``` ``` ``` ``` ``` ``` ``` ``` ``` ``` ``` ``` ``` ``` ``` ``` ``` ``` ``` ``` ``` ``` ``` ``` ``` ``` ``` ``` ``` ``` ``` ``` ``` ``` ``` ``` ``` ``` ``` ``` ``` ``` ``` ``` ``` ``` ``` ``` ``` ``` ``` ``` ``` ``` ``` ``` ``` ``` ``` ``` ``` ``` ``` ``` ``` ``` ``` ``` ``` ``` ``` ``` ``` ``` ``` ``` ``` ``` ``` ``` ``` ``` ``` ``` ``` ``` ``` ``` ``` ``` ``` ``` ``` ``` ``` ``` ``` ``` ``` ``` ``` ``` ``` ``` ``` ``` ``` ``` ``` ``` ``` ``` ``` ``` ``` ``` ``` ``` ``` ``` ``` ``` ``` ``` ``` ``` ``` ``` ``` ``` ``` ``` ``` ``` ``` ``` ``` ``` ``` ``` ``` ``` ``` ``` ``` ``` ``` ``` ``` ``` ``` ``` ``` ``` ``` ``` ``` ``` ``` ``` ``` ``` ``` ``` ``` ``` ``` ``` ``` ```","static int mwifiex_update_vs_ie(const u8 *ies, int ies_len,
				struct mwifiex_ie **ie_ptr, u16 mask,
				unsigned int oui, u8 oui_type)
{
	struct ieee_types_header *vs_ie;
	struct mwifiex_ie *ie = *ie_ptr;
	const u8 *vendor_ie;

	vendor_ie = cfg80211_find_vendor_ie(oui, oui_type, ies, ies_len);
	if (vendor_ie) {
		if (!*ie_ptr) {
			*ie_ptr = kzalloc(sizeof(struct mwifiex_ie),
					  GFP_KERNEL);
			if (!*ie_ptr)
				return -ENOMEM;
			ie = *ie_ptr;
 		}
 
 		vs_ie = (struct ieee_types_header *)vendor_ie;
 		memcpy(ie->ie_buffer + le16_to_cpu(ie->ie_length),
 		       vs_ie, vs_ie->len + 2);
 		le16_unaligned_add_cpu(&ie->ie_length, vs_ie->len + 2);
		ie->mgmt_subtype_mask = cpu_to_le16(mask);
		ie->ie_index = cpu_to_le16(MWIFIEX_AUTO_IDX_MASK);
	}

	*ie_ptr = ie;
	return 0;
}
"
102068,CWE-120,14B,Qwen2.5-Coder-14B-Instruct,perturbed,"The vulnerability in this C code is a buffer overflow. The code does not check if the length of the input data (var_4) exceeds the size of the allocated memory for the ie_buffer. This can lead to writing beyond the bounds of the allocated memory, potentially overwriting adjacent memory locations or causing the program to crash. This is dangerous because it can be exploited by an attacker to execute arbitrary code or cause a denial of service. To fix this vulnerability, the code should include a check to ensure that the length of the input data does not exceed the remaining space in the ie_buffer before copying the data. ``` ``` ``` ``` ``` ``` ``` ``` ``` ``` ``` ``` ``` ``` ``` ``` ``` ``` ``` ``` ``` ``` ``` ``` ``` ``` ``` ``` ``` ``` ``` ``` ``` ``` ``` ``` ``` ``` ``` ``` ``` ``` ``` ``` ``` ``` ``` ``` ``` ``` ``` ``` ``` ``` ``` ``` ``` ``` ``` ``` ``` ``` ``` ``` ``` ``` ``` ``` ``` ``` ``` ``` ``` ``` ``` ``` ``` ``` ``` ``` ``` ``` ``` ``` ``` ``` ``` ``` ``` ``` ``` ``` ``` ``` ``` ``` ``` ``` ``` ``` ``` ``` ``` ``` ``` ``` ``` ``` ``` ``` ``` ``` ``` ``` ``` ``` ``` ``` ``` ``` ``` ``` ``` ``` ``` ``` ``` ``` ``` ``` ``` ``` ``` ``` ``` ``` ``` ``` ``` ``` ``` ``` ``` ``` ``` ``` ``` ``` ``` ``` ``` ``` ``` ``` ``` ``` ``` ``` ``` ``` ``` ``` ``` ``` ``` ``` ``` ``` ``` ``` ``` ``` ``` ``` ``` ``` ``` ``` ``` ``` ``` ``` ``` ``` ``` ``` ``` ``` ``` ``` ``` ``` ``` ``` ``` ``` ``` ``` ``` ``` ``` ``` ``` ``` ``` ``` ``` ``` ``` ``` ``` ``` ``` ``` ``` ``` ``` ``` ``` ``` ``` ``` ``` ``` ``` ``` ``` ``` ``` ``` ``` ``` ``` ``` ``` ``` ``` ``` ``` ``` ``` ``` ``` ``` ``` ``` ``` ``` ``` ``` ``` ``` ``` ``` ``` ``` ``` ``` ``` ``` ``` ``` ``` ``` ``` ``` ``` ``` ``` ``` ``` ``` ``` ``` ``` ``` ``` ``` ``` ``` ``` ``` ``` ``` ``` ``` ``` ``` ``` ``` ``` ``` ``` ``` ``` ``` ``` ``` ``` ``` ``` ``` ``` ``` ``` ``` ``` ``` ``` ``` ``` ``` ``` ``` ``` ``` ``` ``` ``` ``` ``` ``` ``` ``` ``` ``` ``` ``` ``` ``` ``` ``` ``` ``` ``` ``` ``` ``` ``` ``` ``` ``` ``` ``` ``` ``` ``` ``` ``` ``` ``` ``` ``` ``` ``` ``` ``` ``` ``` ``` ``` ``` ``` ``` ``` ``` ``` ``` ``` ``` ``` ``` ``` ``` ``` ``` ``` ``` ``` ``` ``` ``` ``` ``` ``` ``` ``` ``` ```","static int mwifiex_update_vs_ie(const u8 *var_3, int var_4,
				struct mwifiex_ie **var_2, u16 var_5,
				unsigned int var_6, u8 var_7)
{
	struct ieee_types_header *var_9;
	struct mwifiex_ie *var_1 = *var_2;
	const u8 *var_8;

	var_8 = cfg80211_find_vendor_ie(var_6, var_7, var_3, var_4);
	if (var_8) {
		if (!*var_2) {
			*var_2 = kzalloc(sizeof(struct mwifiex_ie),
					  GFP_KERNEL);
			if (!*var_2)
				return -ENOMEM;
			var_1 = *var_2;
 		}
 
 		var_9 = (struct ieee_types_header *)var_8;
 		memcpy(var_1->ie_buffer + le16_to_cpu(var_1->ie_length),
 		       var_9, var_9->len + 2);
 		le16_unaligned_add_cpu(&var_1->ie_length, var_9->len + 2);
		var_1->mgmt_subtype_mask = cpu_to_le16(var_5);
		var_1->ie_index = cpu_to_le16(MWIFIEX_AUTO_IDX_MASK);
	}

	*var_2 = var_1;
	return 0;
}
"
114753,CWE-20,14B,Qwen2.5-Coder-14B-Instruct,baseline,"The vulnerability in this code is related to the use of `base::Unretained(this)` in the `base::Bind` function. This can lead to a use-after-free error if the object is deleted before the callback is executed. The `base::Unretained` function does not manage the lifetime of the object, so if the object is destroyed while the callback is still pending, accessing `this` will result in undefined behavior. This is dangerous because it can lead to security vulnerabilities such as arbitrary code execution or information disclosure.

The vulnerability in this code is related to the use of `base::Unretained(this)` in the `base::Bind` function. This can lead to a use-after-free error if the object is deleted before the callback is executed. The `base::Unretained` function does not manage the lifetime of the object, so if the object is destroyed while the callback is still pending, accessing `this` will result in undefined behavior. This is dangerous because it can lead to security vulnerabilities such as arbitrary code execution or information disclosure.

The vulnerability in this code is related to the use of `base::Unretained(this)` in the `base::Bind` function. This can lead to a use-after-free error if the object is deleted before the callback is executed. The `base::Unretained` function does not manage the lifetime of the object, so if the object is destroyed while the callback is still pending, accessing `this` will result in undefined behavior. This is dangerous because it can lead to security vulnerabilities such as arbitrary code execution or information disclosure.

The vulnerability in this code is related to the use of `base::Unretained(this)` in the `base::Bind` function. This can lead to a use-after-free error if the object is deleted before the callback is executed. The `base::Unretained` function does not manage the lifetime of the object, so if the object is destroyed while the callback is still pending, accessing `this` will result in undefined behavior. This is dangerous because it can lead to security vulnerabilities such as arbitrary code execution or information disclosure.

The vulnerability in this code is related to the use of `base::Unretained(this)` in the `base::Bind` function. This can lead to a use-after-free error if the object is deleted before the callback is executed. The `base::Unretained` function does not manage the lifetime of the object, so if the object is destroyed while the callback is still pending, accessing","void WebContentsImpl::RunBeforeUnloadConfirm(
     RenderFrameHost* render_frame_host,
     bool is_reload,
     IPC::Message* reply_msg) {
   RenderFrameHostImpl* rfhi =
       static_cast<RenderFrameHostImpl*>(render_frame_host);
   if (delegate_)
    delegate_->WillRunBeforeUnloadConfirm();

  bool suppress_this_message =
      !rfhi->is_active() ||
      ShowingInterstitialPage() || !delegate_ ||
      delegate_->ShouldSuppressDialogs(this) ||
      !delegate_->GetJavaScriptDialogManager(this);
  if (suppress_this_message) {
    rfhi->JavaScriptDialogClosed(reply_msg, true, base::string16());
    return;
  }

  is_showing_before_unload_dialog_ = true;
  dialog_manager_ = delegate_->GetJavaScriptDialogManager(this);
  dialog_manager_->RunBeforeUnloadDialog(
      this, is_reload,
      base::Bind(&WebContentsImpl::OnDialogClosed, base::Unretained(this),
                 render_frame_host->GetProcess()->GetID(),
                 render_frame_host->GetRoutingID(), reply_msg,
                 false));
}
"
114753,CWE-20,14B,Qwen2.5-Coder-14B-Instruct,perturbed,"The vulnerability in the provided C++ code is related to the use of `base::Unretained(this)` in the `base::Bind` function. This can lead to a use-after-free error if the `WebContentsImpl` object is destroyed before the bound callback is executed. Here's a detailed explanation:

1. **Callback Binding**: The `base::Bind` function is used to create a callback that will be executed later. The callback is bound to the `WebContentsImpl::OnDialogClosed` method of the current object (`this`).

2. **Use of `base::Unretained`**: The `base::Unretained(this)` is used to pass `this` pointer to the callback without increasing its reference count. This means that the callback does not own the `WebContentsImpl` object and will not prevent it from being destroyed.

3. **Potential for Use-After-Free**: If the `WebContentsImpl` object is destroyed before the callback is executed, calling `OnDialogClosed` on a destroyed object will result in undefined behavior, which could lead to crashes or security vulnerabilities.

4. **Mitigation**: To avoid this issue, one should ensure that the `WebContentsImpl` object remains alive until the callback is executed. This can be done by using `base::RetainedRef` or other mechanisms to manage the lifetime of the object.

This vulnerability highlights the importance of carefully managing object lifetimes and ensuring that callbacks do not outlive the objects they operate on. It is a common source of bugs in asynchronous programming and can lead to serious security issues if not handled properly.","void WebContentsImpl::RunBeforeUnloadConfirm(
     RenderFrameHost* var_2,
     bool var_1,
     IPC::Message* var_3) {
   RenderFrameHostImpl* var_4 =
       static_cast<RenderFrameHostImpl*>(var_2);
   if (delegate_)
    delegate_->WillRunBeforeUnloadConfirm();

  bool var_5 =
      !var_4->is_active() ||
      ShowingInterstitialPage() || !delegate_ ||
      delegate_->ShouldSuppressDialogs(this) ||
      !delegate_->GetJavaScriptDialogManager(this);
  if (var_5) {
    var_4->JavaScriptDialogClosed(var_3, true, base::string16());
    return;
  }

  is_showing_before_unload_dialog_ = true;
  dialog_manager_ = delegate_->GetJavaScriptDialogManager(this);
  dialog_manager_->RunBeforeUnloadDialog(
      this, var_1,
      base::Bind(&WebContentsImpl::OnDialogClosed, base::Unretained(this),
                 var_2->GetProcess()->GetID(),
                 var_2->GetRoutingID(), var_3,
                 false));
}
"
110773,CWE-119,14B,Qwen2.5-Coder-14B-Instruct,baseline,"The vulnerability in this C code is a buffer overflow. The code does not check if the size of the input buffer is sufficient to hold the data being copied into it. This can lead to a buffer overflow, where data is written beyond the end of the allocated memory, potentially overwriting adjacent memory locations or causing the program to crash. In this specific case, the vulnerability lies in the line where the buffer size is being set: `port->mDef.nBufferSize = defParams->nBufferSize;`. If `defParams->nBufferSize` is larger than the allocated buffer size, it will cause a buffer overflow. To fix this vulnerability, the code should check if `defParams->nBufferSize` is within the valid range before setting it. Additionally, the code should ensure that the input buffer is large enough to hold the data being copied into it. This can be done by checking the size of the input buffer against the expected size of the data being copied. If the input buffer is too small, the code should return an error indicating that the buffer is too small. This will prevent a buffer overflow from occurring and ensure that the program remains stable and secure. ``` ``` ``` ``` ``` ``` ``` ``` ``` ``` ``` ``` ``` ``` ``` ``` ``` ``` ``` ``` ``` ``` ``` ``` ``` ``` ``` ``` ``` ``` ``` ``` ``` ``` ``` ``` ``` ``` ``` ``` ``` ``` ``` ``` ``` ``` ``` ``` ``` ``` ``` ``` ``` ``` ``` ``` ``` ``` ``` ``` ``` ``` ``` ``` ``` ``` ``` ``` ``` ``` ``` ``` ``` ``` ``` ``` ``` ``` ``` ``` ``` ``` ``` ``` ``` ``` ``` ``` ``` ``` ``` ``` ``` ``` ``` ``` ``` ``` ``` ``` ``` ``` ``` ``` ``` ``` ``` ``` ``` ``` ``` ``` ``` ``` ``` ``` ``` ``` ``` ``` ``` ``` ``` ``` ``` ``` ``` ``` ``` ``` ``` ``` ``` ``` ``` ``` ``` ``` ``` ``` ``` ``` ``` ``` ``` ``` ``` ``` ``` ``` ``` ``` ``` ``` ``` ``` ``` ``` ``` ``` ``` ``` ``` ``` ``` ``` ``` ``` ``` ``` ``` ``` ``` ``` ``` ``` ``` ``` ``` ``` ``` ``` ``` ``` ``` ``` ``` ``` ``` ``` ``` ``` ``` ``` ``` ``` ``` ``` ``` ``` ``` ``` ``` ``` ``` ``` ``` ``` ``` ``` ``` ``` ``` ``` ``` ``` ``` ``` ``` ``` ``` ``` ``` ``` ``` ``` ``` ``` ``` ``` ``` ``` ``` ``` ``` ``` ``` ``` ``` ``` ``` ``` ``` ``` ``` ``` ``` ``` ``` ``` ``` ``` ``` ``` ``` ``` ``` ``` ``` ``` ``` ``` ``` ``` ``` ``` ``` ``` ``` ``` ``` ``` ``` ``` ``` ``` ``` ```","OMX_ERRORTYPE SimpleSoftOMXComponent::internalSetParameter(
        OMX_INDEXTYPE index, const OMX_PTR params) {
 switch (index) {
 case OMX_IndexParamPortDefinition:
 {

             OMX_PARAM_PORTDEFINITIONTYPE *defParams =
                 (OMX_PARAM_PORTDEFINITIONTYPE *)params;
 
             if (defParams->nPortIndex >= mPorts.size()) {
                 return OMX_ErrorBadPortIndex;
             }
 if (defParams->nSize != sizeof(OMX_PARAM_PORTDEFINITIONTYPE)) {
 return OMX_ErrorUnsupportedSetting;
 }

 PortInfo *port =
 &mPorts.editItemAt(defParams->nPortIndex);

 if (defParams->nBufferSize > port->mDef.nBufferSize) {
                port->mDef.nBufferSize = defParams->nBufferSize;
 }

 if (defParams->nBufferCountActual < port->mDef.nBufferCountMin) {
                ALOGW(""component requires at least %u buffers (%u requested)"",
                        port->mDef.nBufferCountMin, defParams->nBufferCountActual);
 return OMX_ErrorUnsupportedSetting;
 }

            port->mDef.nBufferCountActual = defParams->nBufferCountActual;
 return OMX_ErrorNone;
 }

 default:
 return OMX_ErrorUnsupportedIndex;
 }
}
"
110773,CWE-119,14B,Qwen2.5-Coder-14B-Instruct,perturbed,"The vulnerability in this C code is a buffer overflow. The code does not check if the size of the input buffer (`var_3`) is sufficient to hold an `OMX_PARAM_PORTDEFINITIONTYPE` structure before casting it to that type. This can lead to undefined behavior if the input buffer is smaller than expected, potentially allowing an attacker to overwrite adjacent memory locations with arbitrary data. This is dangerous because it can lead to crashes, data corruption, or even remote code execution if the overwritten memory contains executable code. To fix this vulnerability, the code should verify that the size of `var_3` is at least `sizeof(OMX_PARAM_PORTDEFINITIONTYPE)` before performing the cast. ``` ``` ``` ``` ``` ``` ``` ``` ``` ``` ``` ``` ``` ``` ``` ``` ``` ``` ``` ``` ``` ``` ``` ``` ``` ``` ``` ``` ``` ``` ``` ``` ``` ``` ``` ``` ``` ``` ``` ``` ``` ``` ``` ``` ``` ``` ``` ``` ``` ``` ``` ``` ``` ``` ``` ``` ``` ``` ``` ``` ``` ``` ``` ``` ``` ``` ``` ``` ``` ``` ``` ``` ``` ``` ``` ``` ``` ``` ``` ``` ``` ``` ``` ``` ``` ``` ``` ``` ``` ``` ``` ``` ``` ``` ``` ``` ``` ``` ``` ``` ``` ``` ``` ``` ``` ``` ``` ``` ``` ``` ``` ``` ``` ``` ``` ``` ``` ``` ``` ``` ``` ``` ``` ``` ``` ``` ``` ``` ``` ``` ``` ``` ``` ``` ``` ``` ``` ``` ``` ``` ``` ``` ``` ``` ``` ``` ``` ``` ``` ``` ``` ``` ``` ``` ``` ``` ``` ``` ``` ``` ``` ``` ``` ``` ``` ``` ``` ``` ``` ``` ``` ``` ``` ``` ``` ``` ``` ``` ``` ``` ``` ``` ``` ``` ``` ``` ``` ``` ``` ``` ``` ``` ``` ``` ``` ``` ``` ``` ``` ``` ``` ``` ``` ``` ``` ``` ``` ``` ``` ``` ``` ``` ``` ``` ``` ``` ``` ``` ``` ``` ``` ``` ``` ``` ``` ``` ``` ``` ``` ``` ``` ``` ``` ``` ``` ``` ``` ``` ``` ``` ``` ``` ``` ``` ``` ``` ``` ``` ``` ``` ``` ``` ``` ``` ``` ``` ``` ``` ``` ``` ``` ``` ``` ``` ``` ``` ``` ``` ``` ``` ``` ``` ``` ``` ``` ``` ``` ``` ``` ``` ``` ``` ``` ``` ``` ``` ``` ``` ``` ``` ``` ``` ``` ``` ``` ``` ``` ``` ``` ``` ``` ``` ``` ``` ``` ``` ``` ``` ``` ``` ``` ``` ``` ``` ``` ``` ``` ``` ``` ``` ``` ``` ``` ``` ``` ``` ``` ``` ``` ``` ``` ``` ``` ``` ``` ``` ``` ``` ``` ``` ``` ``` ``` ``` ``` ``` ``` ``` ``` ``` ``` ``` ``` ``` ``` ``` ``` ``` ``` ``` ``` ``` ``` ``` ``` ``` ``` ``` ```","OMX_ERRORTYPE SimpleSoftOMXComponent::internalSetParameter(
        OMX_INDEXTYPE var_2, const OMX_PTR var_3) {
 switch (var_2) {
 case OMX_IndexParamPortDefinition:
 {

             OMX_PARAM_PORTDEFINITIONTYPE *var_1 =
                 (OMX_PARAM_PORTDEFINITIONTYPE *)var_3;
 
             if (var_1->nPortIndex >= mPorts.size()) {
                 return OMX_ErrorBadPortIndex;
             }
 if (var_1->nSize != sizeof(OMX_PARAM_PORTDEFINITIONTYPE)) {
 return OMX_ErrorUnsupportedSetting;
 }

 PortInfo *var_4 =
 &mPorts.editItemAt(var_1->nPortIndex);

 if (var_1->nBufferSize > var_4->mDef.nBufferSize) {
                var_4->mDef.nBufferSize = var_1->nBufferSize;
 }

 if (var_1->nBufferCountActual < var_4->mDef.nBufferCountMin) {
                ALOGW(""component requires at least %u buffers (%u requested)"",
                        var_4->mDef.nBufferCountMin, var_1->nBufferCountActual);
 return OMX_ErrorUnsupportedSetting;
 }

            var_4->mDef.nBufferCountActual = var_1->nBufferCountActual;
 return OMX_ErrorNone;
 }

 default:
 return OMX_ErrorUnsupportedIndex;
 }
}
"
104208,CWE-119,14B,Qwen2.5-Coder-14B-Instruct,baseline,"The vulnerability in this code is that it does not check if the size of the input data is less than 4 bytes. If the size is less than 4 bytes, the loop will access out-of-bounds memory, which can lead to undefined behavior, crashes, or security vulnerabilities such as buffer overflows. This is dangerous because an attacker could exploit this vulnerability to execute arbitrary code or cause a denial of service by providing a maliciously crafted input. To fix this vulnerability, the code should include a check to ensure that the size is at least 4 bytes before attempting to access the data array. ```c
if (size < 4) {
    // Handle error, e.g., return an error code or log an error message
    return -1;
}
```

By adding this check, the function ensures that it only attempts to access valid memory locations, thus mitigating the risk of out-of-bounds memory access."," jbig2_decode_mmr_init(Jbig2MmrCtx *mmr, int width, int height, const byte *data, size_t size)
 {
    int i;
     uint32_t word = 0;
 
     mmr->width = width;
    mmr->size = size;
    mmr->data_index = 0;
    mmr->bit_index = 0;

    for (i = 0; i < size && i < 4; i++)
        word |= (data[i] << ((3 - i) << 3));
    mmr->word = word;
}
"
104208,CWE-119,14B,Qwen2.5-Coder-14B-Instruct,perturbed,"The vulnerability in the given C code is a buffer overflow. The loop iterates over the 'data' array up to the minimum of 'size' and 4. However, if 'size' is less than 4, the loop will only read up to 'size' elements from 'data'. This can lead to accessing uninitialized memory if 'size' is less than 4, which can cause undefined behavior, crashes, or security vulnerabilities such as code execution. To fix this, the loop should always iterate exactly 4 times, regardless of the value of 'size', or the code should check that 'size' is at least 4 before accessing the 'data' array. ```c
jbig2_decode_mmr_init(Jbig2MmrCtx *mmr, int width, int height, const byte *data, size_t size)
{
    int var_1;
    uint32_t var_2 = 0;

    mmr->width = width;
    mmr->size = size;
    mmr->data_index = 0;
    mmr->bit_index = 0;

    // Ensure we only access up to 4 elements in 'data'
    for (var_1 = 0; var_1 < 4; var_1++) {
        if (var_1 < size) {
            var_2 |= (data[var_1] << ((3 - var_1) << 3));
        } else {
            // Handle the case where 'size' is less than 4
            // For example, you could set the remaining bytes to 0
            var_2 |= (0 << ((3 - var_1) << 3));
        }
    }
    mmr->word = var_2;
}
```

This modification ensures that the loop always iterates exactly 4 times, and if `size` is less than 4, it sets the remaining bytes to 0 to avoid accessing uninitialized memory. This prevents potential buffer overflow issues."," jbig2_decode_mmr_init(Jbig2MmrCtx *mmr, int width, int height, const byte *data, size_t size)
 {
    int var_1;
     uint32_t var_2 = 0;
 
     mmr->width = width;
    mmr->size = size;
    mmr->data_index = 0;
    mmr->bit_index = 0;

    for (var_1 = 0; var_1 < size && var_1 < 4; var_1++)
        var_2 |= (data[var_1] << ((3 - var_1) << 3));
    mmr->word = var_2;
}
"
49163,CWE-125,14B,Qwen2.5-Coder-14B-Instruct,baseline,"The vulnerability in this C code is related to the use of `curlx_mvaprintf` function. This function is used to format a string based on the format specifier provided in `fmt` and the variable arguments in `ap`. However, there is no check for the length of the formatted string before it is allocated memory. This can lead to a buffer overflow if the formatted string is longer than the allocated memory. This is dangerous because it can allow an attacker to execute arbitrary code or crash the program. To fix this vulnerability, the code should check the length of the formatted string before allocating memory for it. ``` ``` ``` ``` ``` ``` ``` ``` ``` ``` ``` ``` ``` ``` ``` ``` ``` ``` ``` ``` ``` ``` ``` ``` ``` ``` ``` ``` ``` ``` ``` ``` ``` ``` ``` ``` ``` ``` ``` ``` ``` ``` ``` ``` ``` ``` ``` ``` ``` ``` ``` ``` ``` ``` ``` ``` ``` ``` ``` ``` ``` ``` ``` ``` ``` ``` ``` ``` ``` ``` ``` ``` ``` ``` ``` ``` ``` ``` ``` ``` ``` ``` ``` ``` ``` ``` ``` ``` ``` ``` ``` ``` ``` ``` ``` ``` ``` ``` ``` ``` ``` ``` ``` ``` ``` ``` ``` ``` ``` ``` ``` ``` ``` ``` ``` ``` ``` ``` ``` ``` ``` ``` ``` ``` ``` ``` ``` ``` ``` ``` ``` ``` ``` ``` ``` ``` ``` ``` ``` ``` ``` ``` ``` ``` ``` ``` ``` ``` ``` ``` ``` ``` ``` ``` ``` ``` ``` ``` ``` ``` ``` ``` ``` ``` ``` ``` ``` ``` ``` ``` ``` ``` ``` ``` ``` ``` ``` ``` ``` ``` ``` ``` ``` ``` ``` ``` ``` ``` ``` ``` ``` ``` ``` ``` ``` ``` ``` ``` ``` ``` ``` ``` ``` ``` ``` ``` ``` ``` ``` ``` ``` ``` ``` ``` ``` ``` ``` ``` ``` ``` ``` ``` ``` ``` ``` ``` ``` ``` ``` ``` ``` ``` ``` ``` ``` ``` ``` ``` ``` ``` ``` ``` ``` ``` ``` ``` ``` ``` ``` ``` ``` ``` ``` ``` ``` ``` ``` ``` ``` ``` ``` ``` ``` ``` ``` ``` ``` ``` ``` ``` ``` ``` ``` ``` ``` ``` ``` ``` ``` ``` ``` ``` ``` ``` ``` ``` ``` ``` ``` ``` ``` ``` ``` ``` ``` ``` ``` ``` ``` ``` ``` ``` ``` ``` ``` ``` ``` ``` ``` ``` ``` ``` ``` ``` ``` ``` ``` ``` ``` ``` ``` ``` ``` ``` ``` ``` ``` ``` ``` ``` ``` ``` ``` ``` ``` ``` ``` ``` ``` ``` ``` ``` ``` ``` ``` ``` ``` ``` ``` ``` ``` ``` ``` ``` ``` ``` ``` ``` ``` ``` ``` ``` ``` ``` ``` ``` ``` ``` ``` ``` ``` ``` ``` ``` ``` ``` ``` ``` ``` ``` ``` ``` ``` ``` ``` ``` ``` ```","static void voutf(struct GlobalConfig *config,
                  const char *prefix,
                  const char *fmt,
                  va_list ap)
{
  size_t width = (79 - strlen(prefix));
  if(!config->mute) {
    size_t len;
    char *ptr;
    char *print_buffer;

    print_buffer = curlx_mvaprintf(fmt, ap);
    if(!print_buffer)
      return;
    len = strlen(print_buffer);

    ptr = print_buffer;
    while(len > 0) {
      fputs(prefix, config->errors);

      if(len > width) {
        size_t cut = width-1;

        while(!ISSPACE(ptr[cut]) && cut) {
          cut--;
        }
        if(0 == cut)
          /* not a single cutting position was found, just cut it at the
             max text width then! */
          cut = width-1;

         (void)fwrite(ptr, cut + 1, 1, config->errors);
         fputs(""\n"", config->errors);
         ptr += cut + 1; /* skip the space too */
        len -= cut;
       }
       else {
         fputs(ptr, config->errors);
        len = 0;
      }
    }
    curl_free(print_buffer);
  }
}
"
49163,CWE-125,14B,Qwen2.5-Coder-14B-Instruct,perturbed,"The vulnerability in this C code is a buffer overflow. The code uses the `curlx_mvaprintf` function to format a string based on the input `var_4` and `var_1`. However, it does not check if the resulting string exceeds the maximum allowed length of 79 characters. If the formatted string is longer than 79 characters, it will be truncated when writing to the output stream, potentially leading to a buffer overflow. This can cause undefined behavior, including crashes or security vulnerabilities.

The vulnerability is dangerous because it allows an attacker to potentially overwrite adjacent memory locations, leading to arbitrary code execution or other malicious actions. To fix this vulnerability, the code should include a check to ensure that the formatted string does not exceed the maximum allowed length before writing it to the output stream. Additionally, using safer functions like `snprintf` instead of `curlx_mvaprintf` can help prevent buffer overflows by limiting the number of characters written to the output buffer.","static void voutf(struct GlobalConfig *var_2,
                  const char *var_6,
                  const char *var_4,
                  va_list var_1)
{
  size_t var_9 = (79 - strlen(var_6));
  if(!var_2->mute) {
    size_t var_5;
    char *var_8;
    char *var_7;

    var_7 = curlx_mvaprintf(var_4, var_1);
    if(!var_7)
      return;
    var_5 = strlen(var_7);

    var_8 = var_7;
    while(var_5 > 0) {
      fputs(var_6, var_2->errors);

      if(var_5 > var_9) {
        size_t var_3 = var_9-1;

        while(!ISSPACE(var_8[var_3]) && var_3) {
          var_3--;
        }
        if(0 == var_3)
          /* not a single cutting position was found, just cut it at the
             max text width then! */
          var_3 = var_9-1;

         (void)fwrite(var_8, var_3 + 1, 1, var_2->errors);
         fputs(""\n"", var_2->errors);
         var_8 += var_3 + 1; /* skip the space too */
        var_5 -= var_3;
       }
       else {
         fputs(var_8, var_2->errors);
        var_5 = 0;
      }
    }
    curl_free(var_7);
  }
}
"
52148,CWE-704,14B,Qwen2.5-Coder-14B-Instruct,baseline,"The vulnerability in this C code is a potential buffer overflow. The code does not check if the `count` variable exceeds the length of the `values_or_entries` array before setting a value at that index. This can lead to writing beyond the bounds of the array, which can corrupt memory and potentially allow an attacker to execute arbitrary code. To fix this vulnerability, the code should include a check to ensure that `count` does not exceed the length of `values_or_entries` before setting a value at that index. ``` ``` ``` ``` ``` ``` ``` ``` ``` ``` ``` ``` ``` ``` ``` ``` ``` ``` ``` ``` ``` ``` ``` ``` ``` ``` ``` ``` ``` ``` ``` ``` ``` ``` ``` ``` ``` ``` ``` ``` ``` ``` ``` ``` ``` ``` ``` ``` ``` ``` ``` ``` ``` ``` ``` ``` ``` ``` ``` ``` ``` ``` ``` ``` ``` ``` ``` ``` ``` ``` ``` ``` ``` ``` ``` ``` ``` ``` ``` ``` ``` ``` ``` ``` ``` ``` ``` ``` ``` ``` ``` ``` ``` ``` ``` ``` ``` ``` ``` ``` ``` ``` ``` ``` ``` ``` ``` ``` ``` ``` ``` ``` ``` ``` ``` ``` ``` ``` ``` ``` ``` ``` ``` ``` ``` ``` ``` ``` ``` ``` ``` ``` ``` ``` ``` ``` ``` ``` ``` ``` ``` ``` ``` ``` ``` ``` ``` ``` ``` ``` ``` ``` ``` ``` ``` ``` ``` ``` ``` ``` ``` ``` ``` ``` ``` ``` ``` ``` ``` ``` ``` ``` ``` ``` ``` ``` ``` ``` ``` ``` ``` ``` ``` ``` ``` ``` ``` ``` ``` ``` ``` ``` ``` ``` ``` ``` ``` ``` ``` ``` ``` ``` ``` ``` ``` ``` ``` ``` ``` ``` ``` ``` ``` ``` ``` ``` ``` ``` ``` ``` ``` ``` ``` ``` ``` ``` ``` ``` ``` ``` ``` ``` ``` ``` ``` ``` ``` ``` ``` ``` ``` ``` ``` ``` ``` ``` ``` ``` ``` ``` ``` ``` ``` ``` ``` ``` ``` ``` ``` ``` ``` ``` ``` ``` ``` ``` ``` ``` ``` ``` ``` ``` ``` ``` ``` ``` ``` ``` ``` ``` ``` ``` ``` ``` ``` ``` ``` ``` ``` ``` ``` ``` ``` ``` ``` ``` ``` ``` ``` ``` ``` ``` ``` ``` ``` ``` ``` ``` ``` ``` ``` ``` ``` ``` ``` ``` ``` ``` ``` ``` ``` ``` ``` ``` ``` ``` ``` ``` ``` ``` ``` ``` ``` ``` ``` ``` ``` ``` ``` ``` ``` ``` ``` ``` ``` ``` ``` ``` ``` ``` ``` ``` ``` ``` ``` ``` ``` ``` ``` ``` ``` ``` ``` ``` ``` ``` ``` ``` ``` ``` ``` ``` ``` ``` ``` ``` ``` ``` ``` ``` ``` ``` ``` ``` ``` ``` ``` ``` ``` ``` ``` ``` ``` ``` ``` ``` ``` ``` ``` ``` ``` ``` ``` ``` ``` ``` ``` ```"," static Maybe<bool> CollectValuesOrEntriesImpl(

       Isolate* isolate, Handle<JSObject> object,
       Handle<FixedArray> values_or_entries, bool get_entries, int* nof_items,
       PropertyFilter filter) {
    int count = 0;
     KeyAccumulator accumulator(isolate, KeyCollectionMode::kOwnOnly,
                                ALL_PROPERTIES);
     Subclass::CollectElementIndicesImpl(
         object, handle(object->elements(), isolate), &accumulator);
     Handle<FixedArray> keys = accumulator.GetKeys();
 
    for (int i = 0; i < keys->length(); ++i) {
       Handle<Object> key(keys->get(i), isolate);
      Handle<Object> value;
       uint32_t index;
       if (!key->ToUint32(&index)) continue;
 
       uint32_t entry = Subclass::GetEntryForIndexImpl(
           isolate, *object, object->elements(), index, filter);
       if (entry == kMaxUInt32) continue;
 
       PropertyDetails details = Subclass::GetDetailsImpl(*object, entry);
 
       if (details.kind() == kData) {
         value = Subclass::GetImpl(isolate, object->elements(), entry);
       } else {
         LookupIterator it(isolate, object, index, LookupIterator::OWN);
         ASSIGN_RETURN_ON_EXCEPTION_VALUE(
             isolate, value, Object::GetProperty(&it), Nothing<bool>());
       }
      if (get_entries) {
        value = MakeEntryPair(isolate, index, value);
       }
       values_or_entries->set(count++, *value);
     }
 
 *nof_items = count;
 return Just(true);
 }
"
52148,CWE-704,14B,Qwen2.5-Coder-14B-Instruct,perturbed,"The vulnerability in this C code is a buffer overflow. The code does not check if the length of the `keys` array exceeds the length of the `var_13` array before setting values in `var_13`. This can lead to writing beyond the bounds of `var_13`, potentially overwriting adjacent memory or causing a crash. The danger lies in the fact that an attacker could exploit this vulnerability to execute arbitrary code or cause a denial of service by manipulating the input data to trigger the overflow. To fix this, the code should include a check to ensure that `var_2` does not exceed the length of `var_13` before setting values in it. ``` ``` ``` ``` ``` ``` ``` ``` ``` ``` ``` ``` ``` ``` ``` ``` ``` ``` ``` ``` ``` ``` ``` ``` ``` ``` ``` ``` ``` ``` ``` ``` ``` ``` ``` ``` ``` ``` ``` ``` ``` ``` ``` ``` ``` ``` ``` ``` ``` ``` ``` ``` ``` ``` ``` ``` ``` ``` ``` ``` ``` ``` ``` ``` ``` ``` ``` ``` ``` ``` ``` ``` ``` ``` ``` ``` ``` ``` ``` ``` ``` ``` ``` ``` ``` ``` ``` ``` ``` ``` ``` ``` ``` ``` ``` ``` ``` ``` ``` ``` ``` ``` ``` ``` ``` ``` ``` ``` ``` ``` ``` ``` ``` ``` ``` ``` ``` ``` ``` ``` ``` ``` ``` ``` ``` ``` ``` ``` ``` ``` ``` ``` ``` ``` ``` ``` ``` ``` ``` ``` ``` ``` ``` ``` ``` ``` ``` ``` ``` ``` ``` ``` ``` ``` ``` ``` ``` ``` ``` ``` ``` ``` ``` ``` ``` ``` ``` ``` ``` ``` ``` ``` ``` ``` ``` ``` ``` ``` ``` ``` ``` ``` ``` ``` ``` ``` ``` ``` ``` ``` ``` ``` ``` ``` ``` ``` ``` ``` ``` ``` ``` ``` ``` ``` ``` ``` ``` ``` ``` ``` ``` ``` ``` ``` ``` ``` ``` ``` ``` ``` ``` ``` ``` ``` ``` ``` ``` ``` ``` ``` ``` ``` ``` ``` ``` ``` ``` ``` ``` ``` ``` ``` ``` ``` ``` ``` ``` ``` ``` ``` ``` ``` ``` ``` ``` ``` ``` ``` ``` ``` ``` ``` ``` ``` ``` ``` ``` ``` ``` ``` ``` ``` ``` ``` ``` ``` ``` ``` ``` ``` ``` ``` ``` ``` ``` ``` ``` ``` ``` ``` ``` ``` ``` ``` ``` ``` ``` ``` ``` ``` ``` ``` ``` ``` ``` ``` ``` ``` ``` ``` ``` ``` ``` ``` ``` ``` ``` ``` ``` ``` ``` ``` ``` ``` ``` ``` ``` ``` ``` ``` ``` ``` ``` ``` ``` ``` ``` ``` ``` ``` ``` ``` ``` ``` ``` ``` ``` ``` ``` ``` ``` ``` ``` ``` ``` ``` ``` ``` ``` ``` ``` ``` ``` ``` ``` ``` ``` ``` ``` ``` ```"," static Maybe<bool> CollectValuesOrEntriesImpl(

       Isolate* var_9, Handle<JSObject> var_12,
       Handle<FixedArray> var_13, bool var_6, int* var_11,
       PropertyFilter var_5) {
    int var_2 = 0;
     KeyAccumulator var_1(isolate, KeyCollectionMode::var_10,
                                ALL_PROPERTIES);
     Subclass::CollectElementIndicesImpl(
         var_12, handle(var_12->elements(), var_9), &var_1);
     Handle<FixedArray> keys = var_1.GetKeys();
 
    for (int var_7 = 0; var_7 < keys->length(); ++var_7) {
       Handle<Object> key(keys->get(var_7), var_9);
      Handle<Object> value;
       uint32_t var_8;
       if (!key->ToUint32(&var_8)) continue;
 
       uint32_t var_4 = Subclass::GetEntryForIndexImpl(
           var_9, *var_12, var_12->elements(), var_8, var_5);
       if (var_4 == kMaxUInt32) continue;
 
       PropertyDetails var_3 = Subclass::GetDetailsImpl(*var_12, var_4);
 
       if (var_3.kind() == kData) {
         value = Subclass::GetImpl(var_9, var_12->elements(), var_4);
       } else {
         LookupIterator it(var_9, var_12, var_8, LookupIterator::OWN);
         ASSIGN_RETURN_ON_EXCEPTION_VALUE(
             var_9, value, Object::GetProperty(&it), Nothing<bool>());
       }
      if (var_6) {
        value = MakeEntryPair(var_9, var_8, value);
       }
       var_13->set(var_2++, *value);
     }
 
 *var_11 = var_2;
 return Just(true);
 }
"
132439,CWE-399,14B,Qwen2.5-Coder-14B-Instruct,baseline,"The vulnerability in the provided C code is related to the handling of the `csock` variable. Specifically, the code does not properly handle the case where the `accept` system call fails. If `accept` fails, the function returns `TRUE`, which could lead to incorrect behavior or security issues.

The `accept` system call is used to accept a connection on a socket that has been put into listening mode. If `accept` fails, it returns `-1` and sets the `errno` variable to indicate the error. In the provided code, if `accept` fails, the function logs an error message with `crm_err(""accept socket failed"")` and then returns `TRUE`. This is problematic because returning `TRUE` suggests that the function successfully handled the situation, when in fact it did not.

This vulnerability is dangerous because it can lead to several issues:

1. **Resource Leaks**: If the function returns `TRUE` after a failed `accept` call, it might not properly clean up resources, leading to resource leaks.

2. **Incorrect Behavior**: Returning `TRUE` might cause the calling code to assume that a valid connection was accepted, leading to incorrect behavior down the line.

3. **Security Risks**: If the function does not properly handle errors, it might open up security vulnerabilities, such as allowing unauthorized access or enabling attacks by exploiting the incorrect error handling.

To fix this vulnerability, the function should return `FALSE` or some other value that indicates failure when `accept` fails. Additionally, the function should ensure that all resources are properly cleaned up in case of an error. Here is an example of how the code could be modified to handle this issue:

```c
if (csock == -1) {
    crm_err(""accept socket failed"");
    return FALSE; // Return FALSE to indicate failure
}
```

By returning `FALSE`, the function clearly indicates that it did not successfully handle the connection, and the calling code can take appropriate action based on this information."," cib_remote_listen(gpointer data)
 {
    int lpc = 0;
     int csock = 0;
     unsigned laddr;
    time_t now = 0;
    time_t start = time(NULL);
     struct sockaddr_in addr;
     int ssock = *(int *)data;
 
 #ifdef HAVE_GNUTLS_GNUTLS_H
     gnutls_session *session = NULL;
 #endif
     cib_client_t *new_client = NULL;
 
    xmlNode *login = NULL;
    const char *user = NULL;
    const char *pass = NULL;
    const char *tmp = NULL;
#ifdef HAVE_DECL_NANOSLEEP
    const struct timespec sleepfast = { 0, 10000000 };  /* 10 millisec */
#endif
     static struct mainloop_fd_callbacks remote_client_fd_callbacks = 
         {
             .dispatch = cib_remote_msg,
             .destroy = cib_remote_connection_destroy,
        };    
     /* accept the connection */
     laddr = sizeof(addr);
     csock = accept(ssock, (struct sockaddr *)&addr, &laddr);
    crm_debug(""New %s connection from %s"",
              ssock == remote_tls_fd ? ""secure"" : ""clear-text"", inet_ntoa(addr.sin_addr));

    if (csock == -1) {
        crm_err(""accept socket failed"");
         return TRUE;
     }
 
     if (ssock == remote_tls_fd) {
 #ifdef HAVE_GNUTLS_GNUTLS_H
         /* create gnutls session for the server socket */
        session = create_tls_session(csock, GNUTLS_SERVER);
         if (session == NULL) {
             crm_err(""TLS session creation failed"");
             close(csock);
            return TRUE;
        }
 #endif
     }
 
    do {
        crm_trace(""Iter: %d"", lpc++);
        if (ssock == remote_tls_fd) {
#ifdef HAVE_GNUTLS_GNUTLS_H
            login = crm_recv_remote_msg(session, TRUE);
#endif
        } else {
            login = crm_recv_remote_msg(GINT_TO_POINTER(csock), FALSE);
        }
        if (login != NULL) {
            break;
        }
#ifdef HAVE_DECL_NANOSLEEP
        nanosleep(&sleepfast, NULL);
#else
        sleep(1);
#endif
        now = time(NULL);
        /* Peers have 3s to connect */
    } while (login == NULL && (start - now) < 4);
    crm_log_xml_info(login, ""Login: "");
    if (login == NULL) {
        goto bail;
    }
    tmp = crm_element_name(login);
    if (safe_str_neq(tmp, ""cib_command"")) {
        crm_err(""Wrong tag: %s"", tmp);
        goto bail;
    }
    tmp = crm_element_value(login, ""op"");
    if (safe_str_neq(tmp, ""authenticate"")) {
        crm_err(""Wrong operation: %s"", tmp);
        goto bail;
    }
    user = crm_element_value(login, ""user"");
    pass = crm_element_value(login, ""password"");
    /* Non-root daemons can only validate the password of the
     * user they're running as
     */
    if (check_group_membership(user, CRM_DAEMON_GROUP) == FALSE) {
        crm_err(""User is not a member of the required group"");
        goto bail;
    } else if (authenticate_user(user, pass) == FALSE) {
        crm_err(""PAM auth failed"");
        goto bail;
    }
    /* send ACK */
     num_clients++;
     new_client = calloc(1, sizeof(cib_client_t));
    new_client->name = crm_element_value_copy(login, ""name"");
    CRM_CHECK(new_client->id == NULL, free(new_client->id));
     new_client->id = crm_generate_uuid();
#if ENABLE_ACL
    new_client->user = strdup(user);
#endif
     new_client->callback_id = NULL;
     if (ssock == remote_tls_fd) {
 #ifdef HAVE_GNUTLS_GNUTLS_H
         new_client->encrypted = TRUE;
        new_client->session = session;
#endif
    } else {
         new_client->session = GINT_TO_POINTER(csock);
     }
 
    free_xml(login);
    login = create_xml_node(NULL, ""cib_result"");
    crm_xml_add(login, F_CIB_OPERATION, CRM_OP_REGISTER);
    crm_xml_add(login, F_CIB_CLIENTID, new_client->id);
    crm_send_remote_msg(new_client->session, login, new_client->encrypted);
    free_xml(login);
     new_client->remote = mainloop_add_fd(
         ""cib-remote-client"", G_PRIORITY_DEFAULT, csock, new_client, &remote_client_fd_callbacks);
 
     g_hash_table_insert(client_list, new_client->id, new_client);
 
     return TRUE;
  bail:
    if (ssock == remote_tls_fd) {
#ifdef HAVE_GNUTLS_GNUTLS_H
        gnutls_bye(*session, GNUTLS_SHUT_RDWR);
        gnutls_deinit(*session);
        gnutls_free(session);
#endif
    }
    close(csock);
    free_xml(login);
    return TRUE;
 }
"
132439,CWE-399,14B,Qwen2.5-Coder-14B-Instruct,perturbed,"The vulnerability in this C code is that it does not properly handle the case where the `accept` function fails. If `accept` returns -1, indicating an error, the function immediately returns `TRUE`, which could lead to incorrect behavior or security issues. Specifically, if the error is due to a temporary condition (like EINTR), the function should retry the `accept` call instead of returning immediately. Additionally, if the error is permanent (like EMFILE), the function should log the error and possibly take other corrective actions before returning. The lack of proper error handling for `accept` can lead to unhandled errors and potential security vulnerabilities, such as allowing unauthorized access or denial of service attacks. To fix this, the function should include a loop to retry the `accept` call on certain types of errors and handle other errors appropriately. ``` ``` ``` ``` ``` ``` ``` ``` ``` ``` ``` ``` ``` ``` ``` ``` ``` ``` ``` ``` ``` ``` ``` ``` ``` ``` ``` ``` ``` ``` ``` ``` ``` ``` ``` ``` ``` ``` ``` ``` ``` ``` ``` ``` ``` ``` ``` ``` ``` ``` ``` ``` ``` ``` ``` ``` ``` ``` ``` ``` ``` ``` ``` ``` ``` ``` ``` ``` ``` ``` ``` ``` ``` ``` ``` ``` ``` ``` ``` ``` ``` ``` ``` ``` ``` ``` ``` ``` ``` ``` ``` ``` ``` ``` ``` ``` ``` ``` ``` ``` ``` ``` ``` ``` ``` ``` ``` ``` ``` ``` ``` ``` ``` ``` ``` ``` ``` ``` ``` ``` ``` ``` ``` ``` ``` ``` ``` ``` ``` ``` ``` ``` ``` ``` ``` ``` ``` ``` ``` ``` ``` ``` ``` ``` ``` ``` ``` ``` ``` ``` ``` ``` ``` ``` ``` ``` ``` ``` ``` ``` ``` ``` ``` ``` ``` ``` ``` ``` ``` ``` ``` ``` ``` ``` ``` ``` ``` ``` ``` ``` ``` ``` ``` ``` ``` ``` ``` ``` ``` ``` ``` ``` ``` ``` ``` ``` ``` ``` ``` ``` ``` ``` ``` ``` ``` ``` ``` ``` ``` ``` ``` ``` ``` ``` ``` ``` ``` ``` ``` ``` ``` ``` ``` ``` ``` ``` ``` ``` ``` ``` ``` ``` ``` ``` ``` ``` ``` ``` ``` ``` ``` ``` ``` ``` ``` ``` ``` ``` ``` ``` ``` ``` ``` ``` ``` ``` ``` ``` ``` ``` ``` ``` ``` ``` ``` ``` ``` ``` ``` ``` ``` ``` ``` ``` ``` ``` ``` ``` ``` ``` ``` ``` ``` ``` ``` ``` ``` ``` ``` ``` ``` ``` ``` ``` ``` ``` ``` ``` ``` ``` ``` ``` ``` ``` ``` ``` ``` ``` ``` ``` ``` ``` ``` ``` ``` ``` ``` ``` ``` ``` ``` ``` ``` ``` ``` ``` ``` ``` ``` ``` ``` ``` ``` ``` ``` ``` ``` ``` ``` ``` ``` ``` ```"," cib_remote_listen(gpointer data)
 {
    int var_5 = 0;
     int var_2 = 0;
     unsigned var_3;
    time_t var_7 = 0;
    time_t var_13 = time(NULL);
     struct sockaddr_in var_1;
     int var_12 = *(int *)data;
 
 #ifdef HAVE_GNUTLS_GNUTLS_H
     gnutls_session *var_10 = NULL;
 #endif
     cib_client_t *var_6 = NULL;
 
    xmlNode *var_4 = NULL;
    const char *var_15 = NULL;
    const char *var_8 = NULL;
    const char *var_14 = NULL;
#ifdef HAVE_DECL_NANOSLEEP
    const struct timespec var_11 = { 0, 10000000 };  /* 10 millisec */
#endif
     static struct mainloop_fd_callbacks var_9 = 
         {
             .dispatch = cib_remote_msg,
             .destroy = cib_remote_connection_destroy,
        };    
     /* accept the connection */
     var_3 = sizeof(var_1);
     var_2 = accept(var_12, (struct sockaddr *)&var_1, &var_3);
    crm_debug(""New %s connection from %s"",
              var_12 == remote_tls_fd ? ""secure"" : ""clear-text"", inet_ntoa(var_1.sin_addr));

    if (var_2 == -1) {
        crm_err(""accept socket failed"");
         return TRUE;
     }
 
     if (var_12 == remote_tls_fd) {
 #ifdef HAVE_GNUTLS_GNUTLS_H
         /* create gnutls session for the server socket */
        var_10 = create_tls_session(var_2, GNUTLS_SERVER);
         if (var_10 == NULL) {
             crm_err(""TLS session creation failed"");
             close(var_2);
            return TRUE;
        }
 #endif
     }
 
    do {
        crm_trace(""Iter: %d"", var_5++);
        if (var_12 == remote_tls_fd) {
#ifdef HAVE_GNUTLS_GNUTLS_H
            var_4 = crm_recv_remote_msg(var_10, TRUE);
#endif
        } else {
            var_4 = crm_recv_remote_msg(GINT_TO_POINTER(var_2), FALSE);
        }
        if (var_4 != NULL) {
            break;
        }
#ifdef HAVE_DECL_NANOSLEEP
        nanosleep(&var_11, NULL);
#else
        sleep(1);
#endif
        var_7 = time(NULL);
        /* Peers have 3s to connect */
    } while (var_4 == NULL && (var_13 - var_7) < 4);
    crm_log_xml_info(var_4, ""Login: "");
    if (var_4 == NULL) {
        goto bail;
    }
    var_14 = crm_element_name(var_4);
    if (safe_str_neq(var_14, ""cib_command"")) {
        crm_err(""Wrong tag: %s"", var_14);
        goto bail;
    }
    var_14 = crm_element_value(var_4, ""op"");
    if (safe_str_neq(var_14, ""authenticate"")) {
        crm_err(""Wrong operation: %s"", var_14);
        goto bail;
    }
    var_15 = crm_element_value(var_4, ""user"");
    var_8 = crm_element_value(var_4, ""password"");
    /* Non-root daemons can only validate the password of the
     * user they're running as
     */
    if (check_group_membership(var_15, CRM_DAEMON_GROUP) == FALSE) {
        crm_err(""User is not a member of the required group"");
        goto bail;
    } else if (authenticate_user(var_15, var_8) == FALSE) {
        crm_err(""PAM auth failed"");
        goto bail;
    }
    /* send ACK */
     num_clients++;
     var_6 = calloc(1, sizeof(cib_client_t));
    var_6->name = crm_element_value_copy(var_4, ""name"");
    CRM_CHECK(var_6->id == NULL, free(var_6->id));
     var_6->id = crm_generate_uuid();
#if ENABLE_ACL
    var_6->user = strdup(var_15);
#endif
     var_6->callback_id = NULL;
     if (var_12 == remote_tls_fd) {
 #ifdef HAVE_GNUTLS_GNUTLS_H
         var_6->encrypted = TRUE;
        var_6->session = var_10;
#endif
    } else {
         var_6->session = GINT_TO_POINTER(var_2);
     }
 
    free_xml(var_4);
    var_4 = create_xml_node(NULL, ""cib_result"");
    crm_xml_add(var_4, F_CIB_OPERATION, CRM_OP_REGISTER);
    crm_xml_add(var_4, F_CIB_CLIENTID, var_6->id);
    crm_send_remote_msg(var_6->session, var_4, var_6->encrypted);
    free_xml(var_4);
     var_6->remote = mainloop_add_fd(
         ""cib-remote-client"", G_PRIORITY_DEFAULT, var_2, var_6, &var_9);
 
     g_hash_table_insert(client_list, var_6->id, var_6);
 
     return TRUE;
  bail:
    if (var_12 == remote_tls_fd) {
#ifdef HAVE_GNUTLS_GNUTLS_H
        gnutls_bye(*var_10, GNUTLS_SHUT_RDWR);
        gnutls_deinit(*var_10);
        gnutls_free(var_10);
#endif
    }
    close(var_2);
    free_xml(var_4);
    return TRUE;
 }
"
5409,CWE-125,14B,Qwen2.5-Coder-14B-Instruct,baseline,"The vulnerability in this C code is a buffer overflow. The code does not check if the length of the data being copied from `a->values[j].data.buf` to `body[j]->data` is within the bounds of the allocated memory. This can lead to writing beyond the allocated memory, which can corrupt other data on the heap or overwrite critical program data, potentially leading to a crash or arbitrary code execution.

To fix this vulnerability, you should add a check to ensure that the length of the data being copied does not exceed the allocated size. Here's an example of how you might modify the code to include such a check:

```c
get_html_data (MAPI_Attr *a)
{
    VarLenData **body = XCALLOC(VarLenData*, a->num_values + 1);

    int j;
    for (j = 0; j < a->num_values; j++)
    {
        body[j] = XMALLOC(VarLenData, 1);
        body[j]->len = a->values[j].len;
        body[j]->data = CHECKED_XCALLOC(unsigned char, a->values[j].len);
        
        // Check if the length of the data to be copied is within bounds
        if (a->values[j].len > body[j]->len) {
            // Handle error, e.g., log an error message or free allocated memory
            fprintf(stderr, ""Error: Data length exceeds allocated size.\n"");
            free(body[j]->data);
            free(body[j]);
            body[j] = NULL;
            continue;
        }
        
        memmove(body[j]->data, a->values[j].data.buf, body[j]->len);
    }
    return body;
}
```

In this modified code, we added a check to ensure that the length of the data being copied (`a->values[j].len`) does not exceed the allocated size (`body[j]->len`). If the check fails, we handle the error by logging an error message, freeing the allocated memory, and setting the pointer to `NULL`. This helps prevent buffer overflow vulnerabilities and makes the code more robust.","get_html_data (MAPI_Attr *a)
{
    VarLenData **body = XCALLOC(VarLenData*, a->num_values + 1);

     int j;
     for (j = 0; j < a->num_values; j++)
     {
	body[j] = XMALLOC(VarLenData, 1);
	body[j]->len = a->values[j].len;
	body[j]->data = CHECKED_XCALLOC(unsigned char, a->values[j].len);
	memmove (body[j]->data, a->values[j].data.buf, body[j]->len);
     }
     return body;
 }
"
5409,CWE-125,14B,Qwen2.5-Coder-14B-Instruct,perturbed,"The vulnerability in this C code is that it does not check if the memory allocation functions (XCALLOC, XMALLOC, CHECKED_XCALLOC) have successfully allocated the required memory. If any of these functions fail to allocate memory, they will return NULL, and the subsequent operations on these NULL pointers will lead to undefined behavior, which can include crashes, data corruption, or security vulnerabilities such as buffer overflows. This lack of error checking makes the code susceptible to exploitation by an attacker who could potentially cause the program to crash or execute arbitrary code. To mitigate this vulnerability, the code should be modified to check the return values of the memory allocation functions and handle the failure cases appropriately.","get_html_data (MAPI_Attr *a)
{
    VarLenData **var_1 = XCALLOC(VarLenData*, a->num_values + 1);

     int var_2;
     for (var_2 = 0; var_2 < a->num_values; var_2++)
     {
	var_1[var_2] = XMALLOC(VarLenData, 1);
	var_1[var_2]->len = a->values[var_2].len;
	var_1[var_2]->data = CHECKED_XCALLOC(unsigned char, a->values[var_2].len);
	memmove (var_1[var_2]->data, a->values[var_2].data.buf, var_1[var_2]->len);
     }
     return var_1;
 }
"
84599,CWE-119,14B,Qwen2.5-Coder-14B-Instruct,baseline,"The vulnerability in this C code is that it does not check if the `src` pointer is NULL before dereferencing it. This can lead to a segmentation fault if `src` is NULL, which can cause the program to crash or be exploited by an attacker to execute arbitrary code. It is important to always validate pointers before dereferencing them to prevent such vulnerabilities. To fix this vulnerability, you should add a check to ensure that `src` is not NULL before dereferencing it. For example:
```c
if (src == NULL) {
    // Handle error
}
```

The vulnerability in this C code is that it does not check if the `src` pointer is NULL before dereferencing it. This can lead to a segmentation fault if `src` is NULL, which can cause the program to crash or be exploited by an attacker to execute arbitrary code. It is important to always validate pointers before dereferencing them to prevent such vulnerabilities. To fix this vulnerability, you should add a check to ensure that `src` is not NULL before dereferencing it. For example:
```c
if (src == NULL) {
    // Handle error
}
```"," static void copyMono16(
         short *dst,
        const int *const *src,
         unsigned nSamples,
         unsigned /* nChannels */) {
     for (unsigned i = 0; i < nSamples; ++i) {
 *dst++ = src[0][i];
 }
}
"
84599,CWE-119,14B,Qwen2.5-Coder-14B-Instruct,perturbed,"The function `copyMono16` is designed to copy data from a 2D array of integers (`var_4`) to a 1D array of shorts (`var_1`). The function takes four parameters: `var_1`, a pointer to the destination array, `var_4`, a pointer to a pointer to the source array, `var_3`, the number of elements to copy, and `nChannels`, which is not used in the function.

The vulnerability in this code is that it does not check if the source array (`var_4`) has enough elements to be copied into the destination array (`var_1`). This can lead to buffer overflows if `var_3` is greater than the number of elements in the source array. Buffer overflows can cause the program to crash or execute arbitrary code, leading to security vulnerabilities.

To fix this vulnerability, the function should check if `var_3` is less than or equal to the number of elements in the source array before copying the data. Here's an example of how this can be done:

```c
static void copyMono16(
        short *var_1,
        const int *const *var_4,
        unsigned var_3,
        unsigned /* nChannels */) {
    unsigned var_2 = 0;
    unsigned src_size = /* calculate the size of the source array */;
    if (var_3 > src_size) {
        // handle error, e.g., return an error code or log an error message
        return;
    }
    while (var_2 < var_3) {
        *var_1++ = var_4[0][var_2];
        ++var_2;
    }
}
```

In this modified version of the function, we first calculate the size of the source array (`src_size`) and then check if `var_3` is greater than `src_size`. If it is, we handle the error by returning an error code or logging an error message. Otherwise, we proceed with the copying operation as before. This ensures that the function will not attempt to copy more elements than are available in the source array, preventing buffer overflows and other security vulnerabilities."," static void copyMono16(
         short *var_1,
        const int *const *var_4,
         unsigned var_3,
         unsigned /* nChannels */) {
     unsigned var_2 = 0;;
while (var_2 < var_3) {
    *var_1++ = var_4[0][var_2];
    ++var_2;
}
}
"
3884,CWE-119,14B,Qwen2.5-Coder-14B-Instruct,baseline,"The vulnerability in this C code is a buffer overflow. The code does not properly check the size of the input buffer before copying data into it. Specifically, the code assumes that the input buffer is large enough to hold the palette and video data, but it does not verify this assumption. If the input buffer is smaller than expected, the code will attempt to copy more data into it than it can hold, resulting in a buffer overflow. This can lead to arbitrary code execution or other security vulnerabilities. To fix this vulnerability, the code should add checks to ensure that the input buffer is large enough before copying data into it. For example, the code could add a check to ensure that the size of the input buffer is at least as large as the sum of the sizes of the palette and video data. ``` The vulnerability in this C code is a buffer overflow. The code does not properly check the size of the input buffer before copying data into it. Specifically, the code assumes that the input buffer is large enough to hold the palette and video data, but it does not verify this assumption. If the input buffer is smaller than expected, the code will attempt to copy more data into it than it can hold, resulting in a buffer overflow. This can lead to arbitrary code execution or other security vulnerabilities. To fix this vulnerability, the code should add checks to ensure that the input buffer is large enough before copying data into it. For example, the code could add a check to ensure that the size of the input buffer is at least as large as the sum of the sizes of the palette and video data. ```","static int cdxl_decode_frame(AVCodecContext *avctx, void *data,
                             int *got_frame, AVPacket *pkt)
{
    CDXLVideoContext *c = avctx->priv_data;
    AVFrame * const p = data;
    int ret, w, h, encoding, aligned_width, buf_size = pkt->size;
    const uint8_t *buf = pkt->data;

    if (buf_size < 32)
        return AVERROR_INVALIDDATA;
    encoding        = buf[1] & 7;
    c->format       = buf[1] & 0xE0;
    w               = AV_RB16(&buf[14]);
    h               = AV_RB16(&buf[16]);
    c->bpp          = buf[19];
    c->palette_size = AV_RB16(&buf[20]);
    c->palette      = buf + 32;
    c->video        = c->palette + c->palette_size;
    c->video_size   = buf_size - c->palette_size - 32;

    if (c->palette_size > 512)
        return AVERROR_INVALIDDATA;
    if (buf_size < c->palette_size + 32)
        return AVERROR_INVALIDDATA;
    if (c->bpp < 1)
        return AVERROR_INVALIDDATA;
    if (c->format != BIT_PLANAR && c->format != BIT_LINE && c->format != CHUNKY) {
        avpriv_request_sample(avctx, ""Pixel format 0x%0x"", c->format);
        return AVERROR_PATCHWELCOME;
    }

    if ((ret = ff_set_dimensions(avctx, w, h)) < 0)
        return ret;

    if (c->format == CHUNKY)
        aligned_width = avctx->width;
    else
        aligned_width = FFALIGN(c->avctx->width, 16);
    c->padded_bits  = aligned_width - c->avctx->width;
    if (c->video_size < aligned_width * avctx->height * (int64_t)c->bpp / 8)
         return AVERROR_INVALIDDATA;
     if (!encoding && c->palette_size && c->bpp <= 8 && c->format != CHUNKY) {
         avctx->pix_fmt = AV_PIX_FMT_PAL8;
    } else if (encoding == 1 && (c->bpp == 6 || c->bpp == 8)) {
         if (c->palette_size != (1 << (c->bpp - 1)))
             return AVERROR_INVALIDDATA;
         avctx->pix_fmt = AV_PIX_FMT_BGR24;
    } else if (!encoding && c->bpp == 24 && c->format == CHUNKY &&
               !c->palette_size) {
        avctx->pix_fmt = AV_PIX_FMT_RGB24;
    } else {
        avpriv_request_sample(avctx, ""Encoding %d, bpp %d and format 0x%x"",
                              encoding, c->bpp, c->format);
        return AVERROR_PATCHWELCOME;
    }

    if ((ret = ff_get_buffer(avctx, p, 0)) < 0)
        return ret;
    p->pict_type = AV_PICTURE_TYPE_I;

    if (encoding) {
        av_fast_padded_malloc(&c->new_video, &c->new_video_size,
                              h * w + AV_INPUT_BUFFER_PADDING_SIZE);
        if (!c->new_video)
            return AVERROR(ENOMEM);
        if (c->bpp == 8)
            cdxl_decode_ham8(c, p);
        else
            cdxl_decode_ham6(c, p);
    } else if (avctx->pix_fmt == AV_PIX_FMT_PAL8) {
        cdxl_decode_rgb(c, p);
    } else {
        cdxl_decode_raw(c, p);
    }
    *got_frame = 1;

    return buf_size;
}
"
3884,CWE-119,14B,Qwen2.5-Coder-14B-Instruct,perturbed,"The vulnerability in the provided C code is a potential buffer overflow. This occurs when the code attempts to access memory beyond the bounds of an allocated buffer. Specifically, the vulnerability arises from the following lines:

```c
var_4->palette = var_2 + 32;
var_4->video = var_4->palette + var_4->palette_size;
var_4->video_size = var_3 - var_4->palette_size - 32;
```

Here, `var_4->palette` is set to point to the 32nd byte of the input data (`var_2 + 32`). Then, `var_4->video` is set to point to the byte immediately after the palette data (`var_4->palette + var_4->palette_size`). Finally, `var_4->video_size` is calculated as the total size of the input data minus the size of the palette and the initial 32 bytes.

The danger of this vulnerability lies in the fact that if the `palette_size` is larger than the remaining data in the input packet (`var_3 - 32`), `var_4->video` will point to memory outside the bounds of the input data. This can lead to undefined behavior, including reading or writing to invalid memory locations, which can corrupt program state, crash the program, or even be exploited by an attacker to execute arbitrary code.

To mitigate this vulnerability, the code should include additional checks to ensure that `palette_size` does not exceed the available data in the input packet. For example, before setting `var_4->video`, the code should verify that `var_4->palette_size` is less than or equal to `var_3 - 32`. If this condition is not met, the function should return an error indicating that the input data is invalid. ``` ``` ``` ``` ``` ``` ``` ``` ``` ``` ``` ``` ``` ``` ``` ``` ``` ``` ``` ``` ``` ``` ``` ``` ``` ``` ``` ``` ``` ``` ``` ``` ``` ``` ``` ``` ``` ``` ``` ``` ``` ``` ``` ``` ``` ``` ``` ``` ``` ``` ``` ``` ``` ``` ``` ``` ``` ``` ``` ``` ``` ``` ``` ``` ``` ``` ``` ``` ``` ``` ``` ``` ``` ``` ``` ``` ``` ``` ``` ``` ``` ``` ``` ``` ``` ``` ``` ``` ``` ``` ``` ``` ``` ``` ``` ``` ``` ``` ``` ``` ``` ``` ``` ``` ``` ``` ``` ``` ``` ``` ``` ``` ``` ``` ``` ``` ``` ``` ``` ``` ``` ``` ``` ``` ``` ``` ```","static int cdxl_decode_frame(AVCodecContext *var_1, void *var_5,
                             int *var_6, AVPacket *var_8)
{
    CDXLVideoContext *var_4 = var_1->priv_data;
    AVFrame * const var_7 = var_5;
    int var_9, w, h, encoding, aligned_width, var_3 = var_8->size;
    const uint8_t *var_2 = var_8->data;

    if (var_3 < 32)
        return AVERROR_INVALIDDATA;
    encoding        = var_2[1] & 7;
    var_4->format       = var_2[1] & 0xE0;
    w               = AV_RB16(&var_2[14]);
    h               = AV_RB16(&var_2[16]);
    var_4->bpp          = var_2[19];
    var_4->palette_size = AV_RB16(&var_2[20]);
    var_4->palette      = var_2 + 32;
    var_4->video        = var_4->palette + var_4->palette_size;
    var_4->video_size   = var_3 - var_4->palette_size - 32;

    if (var_4->palette_size > 512)
        return AVERROR_INVALIDDATA;
    if (var_3 < var_4->palette_size + 32)
        return AVERROR_INVALIDDATA;
    if (var_4->bpp < 1)
        return AVERROR_INVALIDDATA;
    if (var_4->format != BIT_PLANAR && var_4->format != BIT_LINE && var_4->format != CHUNKY) {
        avpriv_request_sample(var_1, ""Pixel format 0x%0x"", var_4->format);
        return AVERROR_PATCHWELCOME;
    }

    if ((var_9 = ff_set_dimensions(var_1, w, h)) < 0)
        return var_9;

    if (var_4->format == CHUNKY)
        aligned_width = var_1->width;
    else
        aligned_width = FFALIGN(var_4->avctx->width, 16);
    var_4->padded_bits  = aligned_width - var_4->avctx->width;
    if (var_4->video_size < aligned_width * var_1->height * (int64_t)var_4->bpp / 8)
         return AVERROR_INVALIDDATA;
     if (!encoding && var_4->palette_size && var_4->bpp <= 8 && var_4->format != CHUNKY) {
         var_1->pix_fmt = AV_PIX_FMT_PAL8;
    } else if (encoding == 1 && (var_4->bpp == 6 || var_4->bpp == 8)) {
         if (var_4->palette_size != (1 << (var_4->bpp - 1)))
             return AVERROR_INVALIDDATA;
         var_1->pix_fmt = AV_PIX_FMT_BGR24;
    } else if (!encoding && var_4->bpp == 24 && var_4->format == CHUNKY &&
               !var_4->palette_size) {
        var_1->pix_fmt = AV_PIX_FMT_RGB24;
    } else {
        avpriv_request_sample(var_1, ""Encoding %d, bpp %d and format 0x%x"",
                              encoding, var_4->bpp, var_4->format);
        return AVERROR_PATCHWELCOME;
    }

    if ((var_9 = ff_get_buffer(var_1, var_7, 0)) < 0)
        return var_9;
    var_7->pict_type = AV_PICTURE_TYPE_I;

    if (encoding) {
        av_fast_padded_malloc(&var_4->new_video, &var_4->new_video_size,
                              h * w + AV_INPUT_BUFFER_PADDING_SIZE);
        if (!var_4->new_video)
            return AVERROR(ENOMEM);
        if (var_4->bpp == 8)
            cdxl_decode_ham8(var_4, var_7);
        else
            cdxl_decode_ham6(var_4, var_7);
    } else if (var_1->pix_fmt == AV_PIX_FMT_PAL8) {
        cdxl_decode_rgb(var_4, var_7);
    } else {
        cdxl_decode_raw(var_4, var_7);
    }
    *var_6 = 1;

    return var_3;
}
"
88569,CWE-77,14B,Qwen2.5-Coder-14B-Instruct,baseline,"The vulnerability in this C code is a buffer overflow. The `snprintf` function is used to format the string into the `buf` array, but there is no check to ensure that the formatted string will fit within the bounds of the `buf` array. If the length of the `q_user` and `q_pass` strings combined with the ""LOGIN"" prefix exceeds the size of `buf`, the `snprintf` function will write beyond the end of the `buf` array, potentially overwriting adjacent memory. This can lead to undefined behavior, crashes, or security vulnerabilities such as code execution. To fix this vulnerability, the code should include a check to ensure that the total length of the formatted string does not exceed the size of `buf`. ``` ``` ``` ``` ``` ``` ``` ``` ``` ``` ``` ``` ``` ``` ``` ``` ``` ``` ``` ``` ``` ``` ``` ``` ``` ``` ``` ``` ``` ``` ``` ``` ``` ``` ``` ``` ``` ``` ``` ``` ``` ``` ``` ``` ``` ``` ``` ``` ``` ``` ``` ``` ``` ``` ``` ``` ``` ``` ``` ``` ``` ``` ``` ``` ``` ``` ``` ``` ``` ``` ``` ``` ``` ``` ``` ``` ``` ``` ``` ``` ``` ``` ``` ``` ``` ``` ``` ``` ``` ``` ``` ``` ``` ``` ``` ``` ``` ``` ``` ``` ``` ``` ``` ``` ``` ``` ``` ``` ``` ``` ``` ``` ``` ``` ``` ``` ``` ``` ``` ``` ``` ``` ``` ``` ``` ``` ``` ``` ``` ``` ``` ``` ``` ``` ``` ``` ``` ``` ``` ``` ``` ``` ``` ``` ``` ``` ``` ``` ``` ``` ``` ``` ``` ``` ``` ``` ``` ``` ``` ``` ``` ``` ``` ``` ``` ``` ``` ``` ``` ``` ``` ``` ``` ``` ``` ``` ``` ``` ``` ``` ``` ``` ``` ``` ``` ``` ``` ``` ``` ``` ``` ``` ``` ``` ``` ``` ``` ``` ``` ``` ``` ``` ``` ``` ``` ``` ``` ``` ``` ``` ``` ``` ``` ``` ``` ``` ``` ``` ``` ``` ``` ``` ``` ``` ``` ``` ``` ``` ``` ``` ``` ``` ``` ``` ``` ``` ``` ``` ``` ``` ``` ``` ``` ``` ``` ``` ``` ``` ``` ``` ``` ``` ``` ``` ``` ``` ``` ``` ``` ``` ``` ``` ``` ``` ``` ``` ``` ``` ``` ``` ``` ``` ``` ``` ``` ``` ``` ``` ``` ``` ``` ``` ``` ``` ``` ``` ``` ``` ``` ``` ``` ``` ``` ``` ``` ``` ``` ``` ``` ``` ``` ``` ``` ``` ``` ``` ``` ``` ``` ``` ``` ``` ``` ``` ``` ``` ``` ``` ``` ``` ``` ``` ``` ``` ``` ``` ``` ``` ``` ``` ``` ``` ``` ``` ``` ``` ``` ``` ``` ``` ``` ``` ``` ``` ``` ``` ``` ``` ``` ``` ``` ``` ``` ``` ``` ``` ``` ``` ```","enum ImapAuthRes imap_auth_login(struct ImapData *idata, const char *method)
{
  char q_user[SHORT_STRING], q_pass[SHORT_STRING];
  char buf[STRING];
  int rc;

  if (mutt_bit_isset(idata->capabilities, LOGINDISABLED))
  {
    mutt_message(_(""LOGIN disabled on this server.""));
    return IMAP_AUTH_UNAVAIL;
  }

  if (mutt_account_getuser(&idata->conn->account) < 0)
    return IMAP_AUTH_FAILURE;
  if (mutt_account_getpass(&idata->conn->account) < 0)
    return IMAP_AUTH_FAILURE;
 
   mutt_message(_(""Logging in...""));
 
  imap_quote_string(q_user, sizeof(q_user), idata->conn->account.user);
  imap_quote_string(q_pass, sizeof(q_pass), idata->conn->account.pass);
 
   /* don't print the password unless we're at the ungodly debugging level
    * of 5 or higher */

  if (DebugLevel < IMAP_LOG_PASS)
    mutt_debug(2, ""Sending LOGIN command for %s...\n"", idata->conn->account.user);

  snprintf(buf, sizeof(buf), ""LOGIN %s %s"", q_user, q_pass);
  rc = imap_exec(idata, buf, IMAP_CMD_FAIL_OK | IMAP_CMD_PASS);

  if (!rc)
  {
    mutt_clear_error(); /* clear ""Logging in..."".  fixes #3524 */
    return IMAP_AUTH_SUCCESS;
  }

  mutt_error(_(""Login failed.""));
  return IMAP_AUTH_FAILURE;
}
"
88569,CWE-77,14B,Qwen2.5-Coder-14B-Instruct,perturbed,"The vulnerability in this C code is a buffer overflow. The `snprintf` function is used to format the string into `var_1`, but there is no check to ensure that the formatted string will fit within the bounds of `var_1`. If the user or password is too long, the formatted string may exceed the size of `var_1`, leading to a buffer overflow. This can result in undefined behavior, including overwriting adjacent memory, crashing the program, or even executing arbitrary code with the privileges of the program. To fix this vulnerability, the code should include a check to ensure that the formatted string will fit within the bounds of `var_1` before calling `snprintf`. For example, the code could use the `strnlen` function to determine the length of the user and password strings, and then compare the sum of these lengths to the size of `var_1` minus the length of the ""LOGIN "" prefix and the null terminator. If the sum of the lengths exceeds the available space, the code could return an error or truncate the strings as needed. ``` ``` ``` ``` ``` ``` ``` ``` ``` ``` ``` ``` ``` ``` ``` ``` ``` ``` ``` ``` ``` ``` ``` ``` ``` ``` ``` ``` ``` ``` ``` ``` ``` ``` ``` ``` ``` ``` ``` ``` ``` ``` ``` ``` ``` ``` ``` ``` ``` ``` ``` ``` ``` ``` ``` ``` ``` ``` ``` ``` ``` ``` ``` ``` ``` ``` ``` ``` ``` ``` ``` ``` ``` ``` ``` ``` ``` ``` ``` ``` ``` ``` ``` ``` ``` ``` ``` ``` ``` ``` ``` ``` ``` ``` ``` ``` ``` ``` ``` ``` ``` ``` ``` ``` ``` ``` ``` ``` ``` ``` ``` ``` ``` ``` ``` ``` ``` ``` ``` ``` ``` ``` ``` ``` ``` ``` ``` ``` ``` ``` ``` ``` ``` ``` ``` ``` ``` ``` ``` ``` ``` ``` ``` ``` ``` ``` ``` ``` ``` ``` ``` ``` ``` ``` ``` ``` ``` ``` ``` ``` ``` ``` ``` ``` ``` ``` ``` ``` ``` ``` ``` ``` ``` ``` ``` ``` ``` ``` ``` ``` ``` ``` ``` ``` ``` ``` ``` ``` ``` ``` ``` ``` ``` ``` ``` ``` ``` ``` ``` ``` ``` ``` ``` ``` ``` ``` ``` ``` ``` ``` ``` ``` ``` ``` ``` ``` ``` ``` ``` ``` ``` ``` ``` ``` ``` ``` ``` ``` ``` ``` ``` ``` ``` ``` ``` ``` ``` ``` ``` ``` ``` ``` ``` ``` ``` ``` ``` ``` ``` ``` ``` ``` ``` ``` ``` ``` ``` ``` ``` ``` ``` ``` ``` ``` ``` ``` ``` ``` ``` ``` ``` ``` ``` ``` ``` ``` ``` ``` ``` ``` ``` ``` ``` ``` ``` ``` ``` ``` ``` ```","enum ImapAuthRes imap_auth_login(struct ImapData *var_2, const char *var_3)
{
  char var_4[SHORT_STRING], q_pass[SHORT_STRING];
  char var_1[STRING];
  int var_5;

  if (mutt_bit_isset(var_2->capabilities, LOGINDISABLED))
  {
    mutt_message(_(""LOGIN disabled on this server.""));
    return IMAP_AUTH_UNAVAIL;
  }

  if (mutt_account_getuser(&var_2->conn->account) < 0)
    return IMAP_AUTH_FAILURE;
  if (mutt_account_getpass(&var_2->conn->account) < 0)
    return IMAP_AUTH_FAILURE;
 
   mutt_message(_(""Logging in...""));
 
  imap_quote_string(var_4, sizeof(var_4), var_2->conn->account.user);
  imap_quote_string(q_pass, sizeof(q_pass), var_2->conn->account.pass);
 
   /* don't print the password unless we're at the ungodly debugging level
    * of 5 or higher */

  if (DebugLevel < IMAP_LOG_PASS)
    mutt_debug(2, ""Sending LOGIN command for %s...\n"", var_2->conn->account.user);

  snprintf(var_1, sizeof(var_1), ""LOGIN %s %s"", var_4, q_pass);
  var_5 = imap_exec(var_2, var_1, IMAP_CMD_FAIL_OK | IMAP_CMD_PASS);

  if (!var_5)
  {
    mutt_clear_error(); /* clear ""Logging in..."".  fixes #3524 */
    return IMAP_AUTH_SUCCESS;
  }

  mutt_error(_(""Login failed.""));
  return IMAP_AUTH_FAILURE;
}
"
80429,CWE-264,14B,Qwen2.5-Coder-14B-Instruct,baseline,"The vulnerability in this C code is a buffer overflow. The function `recvfrom` is designed to receive data from a socket into a user-provided buffer (`ubuf`). However, there is no check to ensure that the size of the buffer provided by the user (`size`) is within the bounds of the allocated memory for `ubuf`. If an attacker can control the value of `size`, they could potentially write more data to `ubuf` than it can hold, leading to a buffer overflow. This can overwrite adjacent memory, corrupting data or even executing arbitrary code with the privileges of the process running the vulnerable code. The danger lies in the fact that such an overflow can be exploited to gain unauthorized access or cause the system to crash. To mitigate this vulnerability, the code should include checks to ensure that `size` does not exceed the maximum allowable size for `ubuf`.","SYSCALL_DEFINE6(recvfrom, int, fd, void __user *, ubuf, size_t, size,
		unsigned int, flags, struct sockaddr __user *, addr,
		int __user *, addr_len)
{
	struct socket *sock;
	struct iovec iov;
	struct msghdr msg;
	struct sockaddr_storage address;
	int err, err2;
	int fput_needed;
 
 	if (size > INT_MAX)
 		size = INT_MAX;
 	sock = sockfd_lookup_light(fd, &err, &fput_needed);
 	if (!sock)
 		goto out;

	msg.msg_control = NULL;
	msg.msg_controllen = 0;
	iov.iov_len = size;
	iov.iov_base = ubuf;
	iov_iter_init(&msg.msg_iter, READ, &iov, 1, size);
	/* Save some cycles and don't copy the address if not needed */
	msg.msg_name = addr ? (struct sockaddr *)&address : NULL;
	/* We assume all kernel code knows the size of sockaddr_storage */
	msg.msg_namelen = 0;
	if (sock->file->f_flags & O_NONBLOCK)
		flags |= MSG_DONTWAIT;
	err = sock_recvmsg(sock, &msg, size, flags);

	if (err >= 0 && addr != NULL) {
		err2 = move_addr_to_user(&address,
					 msg.msg_namelen, addr, addr_len);
		if (err2 < 0)
			err = err2;
	}

	fput_light(sock->file, fput_needed);
out:
	return err;
}
"
80429,CWE-264,14B,Qwen2.5-Coder-14B-Instruct,perturbed,"The vulnerability in this code is that it does not check if the user-provided buffer `ubuf` is valid or not before copying data into it. This can lead to a buffer overflow if the user provides an invalid buffer or a buffer that is too small to hold the data being copied into it. This can potentially allow an attacker to execute arbitrary code or cause a denial of service by crashing the system. To fix this vulnerability, the code should validate the user-provided buffer before copying data into it.
The vulnerability in this code is that it does not check if the user-provided buffer `ubuf` is valid or not before copying data into it. This can lead to a buffer overflow if the user provides an invalid buffer or a buffer that is too small to hold the data being copied into it. This can potentially allow an attacker to execute arbitrary code or cause a denial of service by crashing the system. To fix this vulnerability, the code should validate the user-provided buffer before copying data into it. Additionally, the code should also check if the user-provided `addr_len` buffer is valid and has enough space to hold the address information being copied into it. If either of these checks fail, the code should return an error instead of attempting to copy data into an invalid buffer.","SYSCALL_DEFINE6(recvfrom, int, fd, void __user *, ubuf, size_t, size,
		unsigned int, flags, struct sockaddr __user *, addr,
		int __user *, addr_len)
{
	struct socket *var_6;
	struct iovec var_4;
	struct msghdr var_5;
	struct sockaddr_storage var_1;
	int var_2, err2;
	int var_3;
 
 	if (size > INT_MAX)
 		size = INT_MAX;
 	var_6 = sockfd_lookup_light(fd, &var_2, &var_3);
 	if (!var_6)
 		goto out;

	var_5.msg_control = NULL;
	var_5.msg_controllen = 0;
	var_4.iov_len = size;
	var_4.iov_base = ubuf;
	iov_iter_init(&var_5.msg_iter, READ, &var_4, 1, size);
	/* Save some cycles and don't copy the address if not needed */
	var_5.msg_name = addr ? (struct sockaddr *)&var_1 : NULL;
	/* We assume all kernel code knows the size of sockaddr_storage */
	var_5.msg_namelen = 0;
	if (var_6->file->f_flags & O_NONBLOCK)
		flags |= MSG_DONTWAIT;
	var_2 = sock_recvmsg(var_6, &var_5, size, flags);

	if (var_2 >= 0 && addr != NULL) {
		err2 = move_addr_to_user(&var_1,
					 var_5.msg_namelen, addr, addr_len);
		if (err2 < 0)
			var_2 = err2;
	}

	fput_light(var_6->file, var_3);
out:
	return var_2;
}
"
146759,CWE-200,14B,Qwen2.5-Coder-14B-Instruct,baseline,"The vulnerability in this C code is that it does not check if the `cmd->iov_size` is greater than or equal to the size of the `info` structure before copying data into it. This can lead to a buffer overflow if the `cmd->iov_size` is smaller than the size of the `info` structure. The `memset` function is used to initialize the `info` structure, but it does not prevent the buffer overflow from occurring. The `memcpy` function is then used to copy data into the `info` structure, which can overwrite adjacent memory if the `cmd->iov_size` is too small. This can lead to undefined behavior, crashes, or security vulnerabilities such as code execution. To fix this vulnerability, the code should check if `cmd->iov_size` is greater than or equal to the size of the `info` structure before copying data into it. ``` ``` ``` ``` ``` ``` ``` ``` ``` ``` ``` ``` ``` ``` ``` ``` ``` ``` ``` ``` ``` ``` ``` ``` ``` ``` ``` ``` ``` ``` ``` ``` ``` ``` ``` ``` ``` ``` ``` ``` ``` ``` ``` ``` ``` ``` ``` ``` ``` ``` ``` ``` ``` ``` ``` ``` ``` ``` ``` ``` ``` ``` ``` ``` ``` ``` ``` ``` ``` ``` ``` ``` ``` ``` ``` ``` ``` ``` ``` ``` ``` ``` ``` ``` ``` ``` ``` ``` ``` ``` ``` ``` ``` ``` ``` ``` ``` ``` ``` ``` ``` ``` ``` ``` ``` ``` ``` ``` ``` ``` ``` ``` ``` ``` ``` ``` ``` ``` ``` ``` ``` ``` ``` ``` ``` ``` ``` ``` ``` ``` ``` ``` ``` ``` ``` ``` ``` ``` ``` ``` ``` ``` ``` ``` ``` ``` ``` ``` ``` ``` ``` ``` ``` ``` ``` ``` ``` ``` ``` ``` ``` ``` ``` ``` ``` ``` ``` ``` ``` ``` ``` ``` ``` ``` ``` ``` ``` ``` ``` ``` ``` ``` ``` ``` ``` ``` ``` ``` ``` ``` ``` ``` ``` ``` ``` ``` ``` ``` ``` ``` ``` ``` ``` ``` ``` ``` ``` ``` ``` ``` ``` ``` ``` ``` ``` ``` ``` ``` ``` ``` ``` ``` ``` ``` ``` ``` ``` ``` ``` ``` ``` ``` ``` ``` ``` ``` ``` ``` ``` ``` ``` ``` ``` ``` ``` ``` ``` ``` ``` ``` ``` ``` ``` ``` ``` ``` ``` ``` ``` ``` ``` ``` ``` ``` ``` ``` ``` ``` ``` ``` ``` ``` ``` ``` ``` ``` ``` ``` ``` ``` ``` ``` ``` ``` ``` ``` ``` ``` ``` ``` ``` ``` ``` ``` ``` ``` ``` ``` ``` ``` ``` ``` ``` ``` ``` ``` ``` ``` ``` ``` ``` ``` ``` ``` ``` ``` ``` ``` ``` ``` ``` ``` ``` ``` ``` ``` ``` ``` ``` ``` ```","static int megasas_ctrl_get_info(MegasasState *s, MegasasCmd *cmd)
{
    PCIDevice *pci_dev = PCI_DEVICE(s);
    PCIDeviceClass *pci_class = PCI_DEVICE_GET_CLASS(pci_dev);
    MegasasBaseClass *base_class = MEGASAS_DEVICE_GET_CLASS(s);
    struct mfi_ctrl_info info;
    size_t dcmd_size = sizeof(info);
    BusChild *kid;
    int num_pd_disks = 0;

    memset(&info, 0x0, dcmd_size);
    if (cmd->iov_size < dcmd_size) {
        trace_megasas_dcmd_invalid_xfer_len(cmd->index, cmd->iov_size,
                                            dcmd_size);
        return MFI_STAT_INVALID_PARAMETER;
    }

    info.pci.vendor = cpu_to_le16(pci_class->vendor_id);
    info.pci.device = cpu_to_le16(pci_class->device_id);
    info.pci.subvendor = cpu_to_le16(pci_class->subsystem_vendor_id);
    info.pci.subdevice = cpu_to_le16(pci_class->subsystem_id);

    /*
     * For some reason the firmware supports
     * only up to 8 device ports.
     * Despite supporting a far larger number
     * of devices for the physical devices.
     * So just display the first 8 devices
     * in the device port list, independent
     * of how many logical devices are actually
     * present.
     */
    info.host.type = MFI_INFO_HOST_PCIE;
    info.device.type = MFI_INFO_DEV_SAS3G;
    info.device.port_count = 8;
    QTAILQ_FOREACH(kid, &s->bus.qbus.children, sibling) {
        SCSIDevice *sdev = SCSI_DEVICE(kid->child);
        uint16_t pd_id;

        if (num_pd_disks < 8) {
            pd_id = ((sdev->id & 0xFF) << 8) | (sdev->lun & 0xFF);
            info.device.port_addr[num_pd_disks] =
                cpu_to_le64(megasas_get_sata_addr(pd_id));
        }
        num_pd_disks++;
    }

    memcpy(info.product_name, base_class->product_name, 24);
    snprintf(info.serial_number, 32, ""%s"", s->hba_serial);
    snprintf(info.package_version, 0x60, ""%s-QEMU"", qemu_hw_version());
    memcpy(info.image_component[0].name, ""APP"", 3);
    snprintf(info.image_component[0].version, 10, ""%s-QEMU"",
             base_class->product_version);
    memcpy(info.image_component[0].build_date, ""Apr  1 2014"", 11);
    memcpy(info.image_component[0].build_time, ""12:34:56"", 8);
    info.image_component_count = 1;
    if (pci_dev->has_rom) {
        uint8_t biosver[32];
        uint8_t *ptr;
 
         ptr = memory_region_get_ram_ptr(&pci_dev->rom);
         memcpy(biosver, ptr + 0x41, 31);
         memcpy(info.image_component[1].name, ""BIOS"", 4);
         memcpy(info.image_component[1].version, biosver,
                strlen((const char *)biosver));
    }
    info.current_fw_time = cpu_to_le32(megasas_fw_time());
    info.max_arms = 32;
    info.max_spans = 8;
    info.max_arrays = MEGASAS_MAX_ARRAYS;
    info.max_lds = MFI_MAX_LD;
    info.max_cmds = cpu_to_le16(s->fw_cmds);
    info.max_sg_elements = cpu_to_le16(s->fw_sge);
    info.max_request_size = cpu_to_le32(MEGASAS_MAX_SECTORS);
    if (!megasas_is_jbod(s))
        info.lds_present = cpu_to_le16(num_pd_disks);
    info.pd_present = cpu_to_le16(num_pd_disks);
    info.pd_disks_present = cpu_to_le16(num_pd_disks);
    info.hw_present = cpu_to_le32(MFI_INFO_HW_NVRAM |
                                   MFI_INFO_HW_MEM |
                                   MFI_INFO_HW_FLASH);
    info.memory_size = cpu_to_le16(512);
    info.nvram_size = cpu_to_le16(32);
    info.flash_size = cpu_to_le16(16);
    info.raid_levels = cpu_to_le32(MFI_INFO_RAID_0);
    info.adapter_ops = cpu_to_le32(MFI_INFO_AOPS_RBLD_RATE |
                                    MFI_INFO_AOPS_SELF_DIAGNOSTIC |
                                    MFI_INFO_AOPS_MIXED_ARRAY);
    info.ld_ops = cpu_to_le32(MFI_INFO_LDOPS_DISK_CACHE_POLICY |
                               MFI_INFO_LDOPS_ACCESS_POLICY |
                               MFI_INFO_LDOPS_IO_POLICY |
                               MFI_INFO_LDOPS_WRITE_POLICY |
                               MFI_INFO_LDOPS_READ_POLICY);
    info.max_strips_per_io = cpu_to_le16(s->fw_sge);
    info.stripe_sz_ops.min = 3;
    info.stripe_sz_ops.max = ctz32(MEGASAS_MAX_SECTORS + 1);
    info.properties.pred_fail_poll_interval = cpu_to_le16(300);
    info.properties.intr_throttle_cnt = cpu_to_le16(16);
    info.properties.intr_throttle_timeout = cpu_to_le16(50);
    info.properties.rebuild_rate = 30;
    info.properties.patrol_read_rate = 30;
    info.properties.bgi_rate = 30;
    info.properties.cc_rate = 30;
    info.properties.recon_rate = 30;
    info.properties.cache_flush_interval = 4;
    info.properties.spinup_drv_cnt = 2;
    info.properties.spinup_delay = 6;
    info.properties.ecc_bucket_size = 15;
    info.properties.ecc_bucket_leak_rate = cpu_to_le16(1440);
    info.properties.expose_encl_devices = 1;
    info.properties.OnOffProperties = cpu_to_le32(MFI_CTRL_PROP_EnableJBOD);
    info.pd_ops = cpu_to_le32(MFI_INFO_PDOPS_FORCE_ONLINE |
                               MFI_INFO_PDOPS_FORCE_OFFLINE);
    info.pd_mix_support = cpu_to_le32(MFI_INFO_PDMIX_SAS |
                                       MFI_INFO_PDMIX_SATA |
                                       MFI_INFO_PDMIX_LD);

    cmd->iov_size -= dma_buf_read((uint8_t *)&info, dcmd_size, &cmd->qsg);
    return MFI_STAT_OK;
}
"
146759,CWE-200,14B,Qwen2.5-Coder-14B-Instruct,perturbed,"The vulnerability in this C code is that it does not check if the `var_11` pointer returned by `memory_region_get_ram_ptr()` is NULL before using it. This can lead to a segmentation fault if the memory region does not exist or is not accessible. Additionally, the code does not handle the case where the length of the BIOS version string exceeds 31 characters, which could result in a buffer overflow. These issues can be exploited by an attacker to crash the program or potentially execute arbitrary code. To fix these vulnerabilities, the code should include checks for NULL pointers and ensure that string lengths do not exceed buffer sizes. ``` ``` ``` ``` ``` ``` ``` ``` ``` ``` ``` ``` ``` ``` ``` ``` ``` ``` ``` ``` ``` ``` ``` ``` ``` ``` ``` ``` ``` ``` ``` ``` ``` ``` ``` ``` ``` ``` ``` ``` ``` ``` ``` ``` ``` ``` ``` ``` ``` ``` ``` ``` ``` ``` ``` ``` ``` ``` ``` ``` ``` ``` ``` ``` ``` ``` ``` ``` ``` ``` ``` ``` ``` ``` ``` ``` ``` ``` ``` ``` ``` ``` ``` ``` ``` ``` ``` ``` ``` ``` ``` ``` ``` ``` ``` ``` ``` ``` ``` ``` ``` ``` ``` ``` ``` ``` ``` ``` ``` ``` ``` ``` ``` ``` ``` ``` ``` ``` ``` ``` ``` ``` ``` ``` ``` ``` ``` ``` ``` ``` ``` ``` ``` ``` ``` ``` ``` ``` ``` ``` ``` ``` ``` ``` ``` ``` ``` ``` ``` ``` ``` ``` ``` ``` ``` ``` ``` ``` ``` ``` ``` ``` ``` ``` ``` ``` ``` ``` ``` ``` ``` ``` ``` ``` ``` ``` ``` ``` ``` ``` ``` ``` ``` ``` ``` ``` ``` ``` ``` ``` ``` ``` ``` ``` ``` ``` ``` ``` ``` ``` ``` ``` ``` ``` ``` ``` ``` ``` ``` ``` ``` ``` ``` ``` ``` ``` ``` ``` ``` ``` ``` ``` ``` ``` ``` ``` ``` ``` ``` ``` ``` ``` ``` ``` ``` ``` ``` ``` ``` ``` ``` ``` ``` ``` ``` ``` ``` ``` ``` ``` ``` ``` ``` ``` ``` ``` ``` ``` ``` ``` ``` ``` ``` ``` ``` ``` ``` ``` ``` ``` ``` ``` ``` ``` ``` ``` ``` ``` ``` ``` ``` ``` ``` ``` ``` ``` ``` ``` ``` ``` ``` ``` ``` ``` ``` ``` ``` ``` ``` ``` ``` ``` ``` ``` ``` ``` ``` ``` ``` ``` ``` ``` ``` ``` ``` ``` ``` ``` ``` ``` ``` ``` ``` ``` ``` ``` ``` ``` ``` ``` ``` ``` ``` ``` ``` ``` ``` ``` ``` ``` ``` ``` ``` ``` ``` ``` ``` ``` ``` ``` ``` ``` ``` ``` ``` ``` ``` ``` ``` ``` ``` ``` ``` ``` ``` ``` ``` ``` ``` ``` ``` ``` ``` ``` ``` ``` ``` ``` ``` ``` ``` ``` ``` ```","static int megasas_ctrl_get_info(MegasasState *var_12, MegasasCmd *var_3)
{
    PCIDevice *var_9 = PCI_DEVICE(var_12);
    PCIDeviceClass *var_8 = PCI_DEVICE_GET_CLASS(var_9);
    MegasasBaseClass *var_1 = MEGASAS_DEVICE_GET_CLASS(var_12);
    struct mfi_ctrl_info var_5;
    size_t var_4 = sizeof(var_5);
    BusChild *var_6;
    int var_7 = 0;

    memset(&var_5, 0x0, var_4);
    if (var_3->iov_size < var_4) {
        trace_megasas_dcmd_invalid_xfer_len(var_3->index, var_3->iov_size,
                                            var_4);
        return MFI_STAT_INVALID_PARAMETER;
    }

    var_5.pci.vendor = cpu_to_le16(var_8->vendor_id);
    var_5.pci.device = cpu_to_le16(var_8->device_id);
    var_5.pci.subvendor = cpu_to_le16(var_8->subsystem_vendor_id);
    var_5.pci.subdevice = cpu_to_le16(var_8->subsystem_id);

    /*
     * For some reason the firmware supports
     * only up to 8 device ports.
     * Despite supporting a far larger number
     * of devices for the physical devices.
     * So just display the first 8 devices
     * in the device port list, independent
     * of how many logical devices are actually
     * present.
     */
    var_5.host.type = MFI_INFO_HOST_PCIE;
    var_5.device.type = MFI_INFO_DEV_SAS3G;
    var_5.device.port_count = 8;
    QTAILQ_FOREACH(var_6, &var_12->bus.qbus.children, sibling) {
        SCSIDevice *var_13 = SCSI_DEVICE(var_6->child);
        uint16_t var_10;

        if (var_7 < 8) {
            var_10 = ((var_13->id & 0xFF) << 8) | (var_13->lun & 0xFF);
            var_5.device.port_addr[var_7] =
                cpu_to_le64(megasas_get_sata_addr(var_10));
        }
        var_7++;
    }

    memcpy(var_5.product_name, var_1->product_name, 24);
    snprintf(var_5.serial_number, 32, ""%s"", var_12->hba_serial);
    snprintf(var_5.package_version, 0x60, ""%s-QEMU"", qemu_hw_version());
    memcpy(var_5.image_component[0].name, ""APP"", 3);
    snprintf(var_5.image_component[0].version, 10, ""%s-QEMU"",
             var_1->product_version);
    memcpy(var_5.image_component[0].build_date, ""Apr  1 2014"", 11);
    memcpy(var_5.image_component[0].build_time, ""12:34:56"", 8);
    var_5.image_component_count = 1;
    if (var_9->has_rom) {
        uint8_t var_2[32];
        uint8_t *var_11;
 
         var_11 = memory_region_get_ram_ptr(&var_9->rom);
         memcpy(var_2, var_11 + 0x41, 31);
         memcpy(var_5.image_component[1].name, ""BIOS"", 4);
         memcpy(var_5.image_component[1].version, var_2,
                strlen((const char *)var_2));
    }
    var_5.current_fw_time = cpu_to_le32(megasas_fw_time());
    var_5.max_arms = 32;
    var_5.max_spans = 8;
    var_5.max_arrays = MEGASAS_MAX_ARRAYS;
    var_5.max_lds = MFI_MAX_LD;
    var_5.max_cmds = cpu_to_le16(var_12->fw_cmds);
    var_5.max_sg_elements = cpu_to_le16(var_12->fw_sge);
    var_5.max_request_size = cpu_to_le32(MEGASAS_MAX_SECTORS);
    if (!megasas_is_jbod(var_12))
        var_5.lds_present = cpu_to_le16(var_7);
    var_5.pd_present = cpu_to_le16(var_7);
    var_5.pd_disks_present = cpu_to_le16(var_7);
    var_5.hw_present = cpu_to_le32(MFI_INFO_HW_NVRAM |
                                   MFI_INFO_HW_MEM |
                                   MFI_INFO_HW_FLASH);
    var_5.memory_size = cpu_to_le16(512);
    var_5.nvram_size = cpu_to_le16(32);
    var_5.flash_size = cpu_to_le16(16);
    var_5.raid_levels = cpu_to_le32(MFI_INFO_RAID_0);
    var_5.adapter_ops = cpu_to_le32(MFI_INFO_AOPS_RBLD_RATE |
                                    MFI_INFO_AOPS_SELF_DIAGNOSTIC |
                                    MFI_INFO_AOPS_MIXED_ARRAY);
    var_5.ld_ops = cpu_to_le32(MFI_INFO_LDOPS_DISK_CACHE_POLICY |
                               MFI_INFO_LDOPS_ACCESS_POLICY |
                               MFI_INFO_LDOPS_IO_POLICY |
                               MFI_INFO_LDOPS_WRITE_POLICY |
                               MFI_INFO_LDOPS_READ_POLICY);
    var_5.max_strips_per_io = cpu_to_le16(var_12->fw_sge);
    var_5.stripe_sz_ops.min = 3;
    var_5.stripe_sz_ops.max = ctz32(MEGASAS_MAX_SECTORS + 1);
    var_5.properties.pred_fail_poll_interval = cpu_to_le16(300);
    var_5.properties.intr_throttle_cnt = cpu_to_le16(16);
    var_5.properties.intr_throttle_timeout = cpu_to_le16(50);
    var_5.properties.rebuild_rate = 30;
    var_5.properties.patrol_read_rate = 30;
    var_5.properties.bgi_rate = 30;
    var_5.properties.cc_rate = 30;
    var_5.properties.recon_rate = 30;
    var_5.properties.cache_flush_interval = 4;
    var_5.properties.spinup_drv_cnt = 2;
    var_5.properties.spinup_delay = 6;
    var_5.properties.ecc_bucket_size = 15;
    var_5.properties.ecc_bucket_leak_rate = cpu_to_le16(1440);
    var_5.properties.expose_encl_devices = 1;
    var_5.properties.OnOffProperties = cpu_to_le32(MFI_CTRL_PROP_EnableJBOD);
    var_5.pd_ops = cpu_to_le32(MFI_INFO_PDOPS_FORCE_ONLINE |
                               MFI_INFO_PDOPS_FORCE_OFFLINE);
    var_5.pd_mix_support = cpu_to_le32(MFI_INFO_PDMIX_SAS |
                                       MFI_INFO_PDMIX_SATA |
                                       MFI_INFO_PDMIX_LD);

    var_3->iov_size -= dma_buf_read((uint8_t *)&var_5, var_4, &var_3->qsg);
    return MFI_STAT_OK;
}
"
75689,CWE-787,14B,Qwen2.5-Coder-14B-Instruct,baseline,"The vulnerability in this C code is a buffer overflow. The code allocates memory for `compressed_pixels` using `AcquireQuantumMemory(CHUNK, sizeof(*compressed_pixels))`, which allocates memory for 16384 elements of type `unsigned char`. However, the code does not check if the `length` variable exceeds the allocated size when writing to `compressed_pixels`. This can lead to writing beyond the bounds of the allocated memory, causing a buffer overflow. This is dangerous because it can overwrite adjacent memory, potentially leading to undefined behavior, crashes, or even security vulnerabilities such as code execution. To fix this vulnerability, the code should check if `length` exceeds the allocated size before writing to `compressed_pixels`. ``` ``` ``` ``` ``` ``` ``` ``` ``` ``` ``` ``` ``` ``` ``` ``` ``` ``` ``` ``` ``` ``` ``` ``` ``` ``` ``` ``` ``` ``` ``` ``` ``` ``` ``` ``` ``` ``` ``` ``` ``` ``` ``` ``` ``` ``` ``` ``` ``` ``` ``` ``` ``` ``` ``` ``` ``` ``` ``` ``` ``` ``` ``` ``` ``` ``` ``` ``` ``` ``` ``` ``` ``` ``` ``` ``` ``` ``` ``` ``` ``` ``` ``` ``` ``` ``` ``` ``` ``` ``` ``` ``` ``` ``` ``` ``` ``` ``` ``` ``` ``` ``` ``` ``` ``` ``` ``` ``` ``` ``` ``` ``` ``` ``` ``` ``` ``` ``` ``` ``` ``` ``` ``` ``` ``` ``` ``` ``` ``` ``` ``` ``` ``` ``` ``` ``` ``` ``` ``` ``` ``` ``` ``` ``` ``` ``` ``` ``` ``` ``` ``` ``` ``` ``` ``` ``` ``` ``` ``` ``` ``` ``` ``` ``` ``` ``` ``` ``` ``` ``` ``` ``` ``` ``` ``` ``` ``` ``` ``` ``` ``` ``` ``` ``` ``` ``` ``` ``` ``` ``` ``` ``` ``` ``` ``` ``` ``` ``` ``` ``` ``` ``` ``` ``` ``` ``` ``` ``` ``` ``` ``` ``` ``` ``` ``` ``` ``` ``` ``` ``` ``` ``` ``` ``` ``` ``` ``` ``` ``` ``` ``` ``` ``` ``` ``` ``` ``` ``` ``` ``` ``` ``` ``` ``` ``` ``` ``` ``` ``` ``` ``` ``` ``` ``` ``` ``` ``` ``` ``` ``` ``` ``` ``` ``` ``` ``` ``` ``` ``` ``` ``` ``` ``` ``` ``` ``` ``` ``` ``` ``` ``` ``` ``` ``` ``` ``` ``` ``` ``` ``` ``` ``` ``` ``` ``` ``` ``` ``` ``` ``` ``` ``` ``` ``` ``` ``` ``` ``` ``` ``` ``` ``` ``` ``` ``` ``` ``` ``` ``` ``` ``` ``` ``` ``` ``` ``` ``` ``` ``` ``` ``` ``` ``` ``` ``` ``` ``` ``` ``` ``` ``` ``` ``` ``` ``` ``` ``` ``` ``` ``` ``` ``` ``` ``` ``` ``` ``` ``` ``` ``` ``` ``` ``` ```","static size_t WritePSDChannel(const PSDInfo *psd_info,
  const ImageInfo *image_info,Image *image,Image *next_image,
  const QuantumType quantum_type, unsigned char *compact_pixels,
  MagickOffsetType size_offset,const MagickBooleanType separate)
{
  int
    y;

  MagickBooleanType
    monochrome;

  QuantumInfo
    *quantum_info;

  register const PixelPacket
    *p;

  register ssize_t
    i;

  size_t
    count,
    length;

  unsigned char
    *pixels;

#ifdef MAGICKCORE_ZLIB_DELEGATE

#define CHUNK 16384

  int
    flush,
    level;

  unsigned char
    *compressed_pixels;

  z_stream
    stream;

  compressed_pixels=(unsigned char *) NULL;
  flush=Z_NO_FLUSH;
#endif
  count=0;
  if (separate != MagickFalse)
    {
      size_offset=TellBlob(image)+2;
      count+=WriteCompressionStart(psd_info,image,next_image,1);
    }
  if (next_image->depth > 8)
     next_image->depth=16;
   monochrome=IsMonochromeImage(image,&image->exception) && (image->depth == 1)
     ? MagickTrue : MagickFalse;
  quantum_info=AcquireQuantumInfo(image_info,image);
   if (quantum_info == (QuantumInfo *) NULL)
     return(0);
   pixels=GetQuantumPixels(quantum_info);
#ifdef MAGICKCORE_ZLIB_DELEGATE
  if (next_image->compression == ZipCompression)
    {
      compressed_pixels=(unsigned char *) AcquireQuantumMemory(CHUNK,
        sizeof(*compressed_pixels));
      if (compressed_pixels == (unsigned char *) NULL)
        {
          quantum_info=DestroyQuantumInfo(quantum_info);
          return(0);
        }
      ResetMagickMemory(&stream,0,sizeof(stream));
      stream.data_type=Z_BINARY;
      level=Z_DEFAULT_COMPRESSION;
      if ((image_info->quality > 0 && image_info->quality < 10))
        level=(int) image_info->quality;
      if (deflateInit(&stream,level) != Z_OK)
        {
          quantum_info=DestroyQuantumInfo(quantum_info);
          return(0);
        }
    }
#endif
  for (y=0; y < (ssize_t) next_image->rows; y++)
  {
    p=GetVirtualPixels(next_image,0,y,next_image->columns,1,&image->exception);
    if (p == (const PixelPacket *) NULL)
      break;
    length=ExportQuantumPixels(next_image,(CacheView *) NULL,quantum_info,
      quantum_type,pixels,&image->exception);
    if (monochrome != MagickFalse)
      for (i=0; i < (ssize_t) length; i++)
        pixels[i]=(~pixels[i]);
    if (next_image->compression == RLECompression)
      {
        length=PSDPackbitsEncodeImage(image,length,pixels,compact_pixels);
        count+=WriteBlob(image,length,compact_pixels);
        size_offset+=WritePSDOffset(psd_info,image,length,size_offset);
      }
#ifdef MAGICKCORE_ZLIB_DELEGATE
    else if (next_image->compression == ZipCompression)
      {
        stream.avail_in=(uInt) length;
        stream.next_in=(Bytef *) pixels;
        if (y == (ssize_t) next_image->rows-1)
          flush=Z_FINISH;
        do {
            stream.avail_out=(uInt) CHUNK;
            stream.next_out=(Bytef *) compressed_pixels;
            if (deflate(&stream,flush) == Z_STREAM_ERROR)
              break;
            length=(size_t) CHUNK-stream.avail_out;
            if (length > 0)
              count+=WriteBlob(image,length,compressed_pixels);
        } while (stream.avail_out == 0);
      }
#endif
    else
      count+=WriteBlob(image,length,pixels);
  }
#ifdef MAGICKCORE_ZLIB_DELEGATE
  if (next_image->compression == ZipCompression)
    {
      (void) deflateEnd(&stream);
      compressed_pixels=(unsigned char *) RelinquishMagickMemory(
        compressed_pixels);
    }
#endif
  quantum_info=DestroyQuantumInfo(quantum_info);
  return(count);
}
"
75689,CWE-787,14B,Qwen2.5-Coder-14B-Instruct,perturbed,"The vulnerability in this C code is a buffer overflow. The variable `var_4` is allocated with a fixed size of `CHUNK` (16384 bytes) using `AcquireQuantumMemory`. However, the code does not check if the input data exceeds this size before writing to `var_4`. This can lead to writing beyond the bounds of the allocated memory, potentially overwriting adjacent memory locations or causing the program to crash. This is dangerous because it can be exploited by an attacker to execute arbitrary code or cause a denial of service. To fix this vulnerability, the code should include checks to ensure that the input data does not exceed the allocated buffer size before writing to it.","static size_t WritePSDChannel(const PSDInfo *var_14,
  const ImageInfo *var_9,Image *var_8,Image *var_11,
  const QuantumType var_16, unsigned char *var_3,
  MagickOffsetType var_18,const MagickBooleanType var_17)
{
  int
    var_20;

  MagickBooleanType
    var_10;

  QuantumInfo
    *var_15;

  register const PixelPacket
    *var_12;

  register ssize_t
    var_7;

  size_t
    var_5,
    length;

  unsigned char
    *var_13;

#ifdef MAGICKCORE_ZLIB_DELEGATE

#define CHUNK 16384

  int
    var_6,
    level;

  unsigned char
    *var_4;

  z_stream
    var_19;

  var_4=(unsigned char *) NULL;
  var_6=Z_NO_FLUSH;
#endif
  var_5=0;
  if (var_17 != MagickFalse)
    {
      var_18=TellBlob(var_8)+2;
      var_5+=WriteCompressionStart(var_14,var_8,var_11,1);
    }
  if (var_11->depth > 8)
     var_11->depth=16;
   var_10=IsMonochromeImage(var_8,&var_8->exception) && (var_8->depth == 1)
     ? MagickTrue : MagickFalse;
  var_15=AcquireQuantumInfo(var_9,var_8);
   if (var_15 == (QuantumInfo *) NULL)
     return(0);
   var_13=GetQuantumPixels(var_15);
#ifdef MAGICKCORE_ZLIB_DELEGATE
  if (var_11->compression == var_2)
    {
      var_4=(unsigned char *) AcquireQuantumMemory(CHUNK,
        sizeof(*var_4));
      if (var_4 == (unsigned char *) NULL)
        {
          var_15=DestroyQuantumInfo(var_15);
          return(0);
        }
      ResetMagickMemory(&var_19,0,sizeof(var_19));
      var_19.data_type=Z_BINARY;
      level=Z_DEFAULT_COMPRESSION;
      if ((var_9->quality > 0 && var_9->quality < 10))
        level=(int) var_9->quality;
      if (deflateInit(&var_19,level) != Z_OK)
        {
          var_15=DestroyQuantumInfo(var_15);
          return(0);
        }
    }
#endif
  for (var_20=0; var_20 < (ssize_t) var_11->rows; var_20++)
  {
    var_12=GetVirtualPixels(var_11,0,var_20,var_11->columns,1,&var_8->exception);
    if (var_12 == (const PixelPacket *) NULL)
      break;
    length=ExportQuantumPixels(var_11,(CacheView *) NULL,var_15,
      var_16,var_13,&var_8->exception);
    if (var_10 != MagickFalse)
      for (var_7=0; var_7 < (ssize_t) length; var_7++)
        var_13[var_7]=(~var_13[var_7]);
    if (var_11->compression == RLECompression)
      {
        length=PSDPackbitsEncodeImage(var_8,length,var_13,var_3);
        var_5+=WriteBlob(var_8,length,var_3);
        var_18+=WritePSDOffset(var_14,var_8,length,var_18);
      }
#ifdef MAGICKCORE_ZLIB_DELEGATE
    else if (next_image->compression == var_2)
      {
        var_19.avail_in=(uInt) length;
        var_19.next_in=(Bytef *) var_13;
        if (var_20 == (ssize_t) var_11->rows-1)
          var_6=Z_FINISH;
        do {
            var_19.avail_out=(uInt) CHUNK;
            var_19.next_out=(Bytef *) var_4;
            if (deflate(&var_19,var_6) == Z_STREAM_ERROR)
              break;
            length=(size_t) CHUNK-var_19.avail_out;
            if (length > 0)
              var_5+=WriteBlob(var_8,length,var_4);
        } while (var_19.avail_out == 0);
      }
#endif
    else
      var_5+=var_1(image,length,pixels);
  }
#ifdef MAGICKCORE_ZLIB_DELEGATE
  if (var_11->compression == var_2)
    {
      (void) deflateEnd(&var_19);
      var_4=(unsigned char *) RelinquishMagickMemory(
        var_4);
    }
#endif
  var_15=DestroyQuantumInfo(var_15);
  return(var_5);
}
"
50484,CWE-119,14B,Qwen2.5-Coder-14B-Instruct,baseline,"The vulnerability in this C code is a potential buffer overflow. The code does not check if the index `lineDashIdx` exceeds the bounds of the `state->lineDash` array when accessing `state->lineDash[lineDashIdx]`. This can happen if the `lineDashIdx` is incremented beyond the length of the `state->lineDash` array, leading to undefined behavior and potentially overwriting memory outside the allocated array. This is dangerous because it can lead to security vulnerabilities such as crashes, data corruption, or even arbitrary code execution if an attacker can control the input that determines the value of `lineDashIdx`.

The vulnerability is located in the following lines of code:

```c
if (++lineDashIdx == state->lineDashLength) {
  lineDashIdx = 0;
}
lineDashDist = state->lineDash[lineDashIdx];
```

If `lineDashIdx` is incremented beyond `state->lineDashLength`, accessing `state->lineDash[lineDashIdx]` will result in out-of-bounds access, which is undefined behavior in C. To fix this vulnerability, you should add a check to ensure that `lineDashIdx` remains within the valid range of the `state->lineDash` array before accessing it. For example:

```c
if (++lineDashIdx == state->lineDashLength) {
  lineDashIdx = 0;
}
if (lineDashIdx >= state->lineDashLength) {
  // Handle error or reset lineDashIdx
}
lineDashDist = state->lineDash[lineDashIdx];
```

This additional check ensures that `lineDashIdx` is always within the bounds of the `state->lineDash` array, preventing out-of-bounds access and mitigating the risk of buffer overflow.","SplashPath *Splash::makeDashedPath(SplashPath *path) {
  SplashPath *dPath;
  SplashCoord lineDashTotal;
  SplashCoord lineDashStartPhase, lineDashDist, segLen;
  SplashCoord x0, y0, x1, y1, xa, ya;
  GBool lineDashStartOn, lineDashOn, newPath;
  int lineDashStartIdx, lineDashIdx;
  int i, j, k;

  lineDashTotal = 0;
  for (i = 0; i < state->lineDashLength; ++i) {
    lineDashTotal += state->lineDash[i];
  }
  if (lineDashTotal == 0) {
    return new SplashPath();
  }
  lineDashStartPhase = state->lineDashPhase;
  i = splashFloor(lineDashStartPhase / lineDashTotal);
  lineDashStartPhase -= (SplashCoord)i * lineDashTotal;
   lineDashStartOn = gTrue;
   lineDashStartIdx = 0;
   if (lineDashStartPhase > 0) {
    while (lineDashStartPhase >= state->lineDash[lineDashStartIdx]) {
       lineDashStartOn = !lineDashStartOn;
       lineDashStartPhase -= state->lineDash[lineDashStartIdx];
       ++lineDashStartIdx;
     }
   }
 
   dPath = new SplashPath();
  while (i < path->length) {

    for (j = i;
	 j < path->length - 1 && !(path->flags[j] & splashPathLast);
	 ++j) ;

    lineDashOn = lineDashStartOn;
    lineDashIdx = lineDashStartIdx;
    lineDashDist = state->lineDash[lineDashIdx] - lineDashStartPhase;

    newPath = gTrue;
    for (k = i; k < j; ++k) {

      x0 = path->pts[k].x;
      y0 = path->pts[k].y;
      x1 = path->pts[k+1].x;
      y1 = path->pts[k+1].y;
      segLen = splashDist(x0, y0, x1, y1);

      while (segLen > 0) {

	if (lineDashDist >= segLen) {
	  if (lineDashOn) {
	    if (newPath) {
	      dPath->moveTo(x0, y0);
	      newPath = gFalse;
	    }
	    dPath->lineTo(x1, y1);
	  }
	  lineDashDist -= segLen;
	  segLen = 0;

	} else {
	  xa = x0 + (lineDashDist / segLen) * (x1 - x0);
	  ya = y0 + (lineDashDist / segLen) * (y1 - y0);
	  if (lineDashOn) {
	    if (newPath) {
	      dPath->moveTo(x0, y0);
	      newPath = gFalse;
	    }
	    dPath->lineTo(xa, ya);
	  }
	  x0 = xa;
	  y0 = ya;
	  segLen -= lineDashDist;
	  lineDashDist = 0;
	}

	if (lineDashDist <= 0) {
	  lineDashOn = !lineDashOn;
	  if (++lineDashIdx == state->lineDashLength) {
	    lineDashIdx = 0;
	  }
	  lineDashDist = state->lineDash[lineDashIdx];
	  newPath = gTrue;
	}
      }
    }
    i = j + 1;
  }
  
  if (dPath->length == 0) {
    GBool allSame = gTrue;
    for (int i = 0; allSame && i < path->length - 1; ++i) {
      allSame = path->pts[i].x == path->pts[i + 1].x && path->pts[i].y == path->pts[i + 1].y;
    }
    if (allSame) {
      x0 = path->pts[0].x;
      y0 = path->pts[0].y;
      dPath->moveTo(x0, y0);
      dPath->lineTo(x0, y0);
    }
  }

  return dPath;
}
"
50484,CWE-119,14B,Qwen2.5-Coder-14B-Instruct,perturbed,"The vulnerability in this C code is a potential buffer overflow. The code does not check if the index `var_3` exceeds the bounds of the `state->lineDash` array when accessing `state->lineDash[var_3]`. This can lead to reading or writing out of bounds memory, which can cause undefined behavior, crashes, or security vulnerabilities such as arbitrary code execution. The lack of bounds checking on `var_3` makes this a critical issue in the code. To fix this vulnerability, the code should include checks to ensure that `var_3` remains within the valid range of indices for the `state->lineDash` array.","SplashPath *Splash::makeDashedPath(SplashPath *path) {
  SplashPath *var_2;
  SplashCoord var_7;
  SplashCoord var_6, lineDashDist, segLen;
  SplashCoord var_8, y0, x1, y1, xa, ya;
  GBool var_5, lineDashOn, newPath;
  int var_4, lineDashIdx;
  int var_3, j, k;

  var_7 = 0;
  var_3 = 0;
while (var_3 < state->lineDashLength) {
    var_7 += state->lineDash[var_3];
    ++var_3;
}
  if (var_7 == 0) {
    return new SplashPath();
  }
  var_6 = state->lineDashPhase;
  var_3 = splashFloor(var_6 / var_7);
  var_6 -= (SplashCoord)var_3 * var_7;
   var_5 = gTrue;
   var_4 = 0;
   if (var_6 > 0) {
    while (var_6 >= state->lineDash[var_4]) {
       var_5 = !var_5;
       var_6 -= state->lineDash[var_4];
       ++var_4;
     }
   }
 
   var_2 = new SplashPath();
  while (var_3 < path->length) {

    j = var_3;
while (j < path->length - 1 && !(path->flags[j] & splashPathLast)) {
    ;
    ++j;
}

    lineDashOn = var_5;
    lineDashIdx = var_4;
    lineDashDist = state->lineDash[lineDashIdx] - var_6;

    newPath = gTrue;
    k = var_3;
while (k < j) {
    var_8 = path->pts[k].x;
      y0 = path->pts[k].y;
      x1 = path->pts[k+1].x;
      y1 = path->pts[k+1].y;
      segLen = splashDist(var_8, y0, x1, y1);

      while (segLen > 0) {

	if (lineDashDist >= segLen) {
	  if (lineDashOn) {
	    if (newPath) {
	      var_2->moveTo(var_8, y0);
	      newPath = gFalse;
	    }
	    var_2->lineTo(x1, y1);
	  }
	  lineDashDist -= segLen;
	  segLen = 0;

	} else {
	  xa = var_8 + (lineDashDist / segLen) * (x1 - var_8);
	  ya = y0 + (lineDashDist / segLen) * (y1 - y0);
	  if (lineDashOn) {
	    if (newPath) {
	      var_2->moveTo(var_8, y0);
	      newPath = gFalse;
	    }
	    var_2->lineTo(xa, ya);
	  }
	  var_8 = xa;
	  y0 = ya;
	  segLen -= lineDashDist;
	  lineDashDist = 0;
	}

	if (lineDashDist <= 0) {
	  lineDashOn = !lineDashOn;
	  if (++lineDashIdx == state->lineDashLength) {
	    lineDashIdx = 0;
	  }
	  lineDashDist = state->lineDash[lineDashIdx];
	  newPath = gTrue;
	}
      }
    ++k;
}
    var_3 = j + 1;
  }
  
  if (var_2->length == 0) {
    GBool var_1 = gTrue;
    int var_3 = 0;;
while (var_1 && var_3 < path->length - 1) {
    var_1 = path->pts[var_3].x == path->pts[var_3 + 1].x && path->pts[var_3].y == path->pts[var_3 + 1].y;
    ++var_3;
}
    if (var_1) {
      var_8 = path->pts[0].x;
      y0 = path->pts[0].y;
      var_2->moveTo(var_8, y0);
      var_2->lineTo(var_8, y0);
    }
  }

  return var_2;
}
"
115034,CWE-119,14B,Qwen2.5-Coder-14B-Instruct,baseline,"The vulnerability in this C code is related to the use of `atoi` function to convert string arguments to integers. Specifically, the `atoi` function does not check for errors such as invalid input or overflow, which can lead to undefined behavior. In the provided code, `atoi` is used to convert command-line arguments (`optarg`) to integers without any error checking. This can result in incorrect values being used, leading to potential security issues such as buffer overflows or other vulnerabilities. To mitigate this risk, the code should use safer alternatives like `strtol` with proper error handling to ensure that the conversion is successful and the resulting integer is within expected bounds.

The vulnerability in this C code is related to the use of the `atoi` function to convert string arguments to integers. Specifically, the `atoi` function does not check for errors such as invalid input or overflow, which can lead to undefined behavior. In the provided code, `atoi` is used to convert command-line arguments (`optarg`) to integers without any error checking. This can result in incorrect values being used, leading to potential security issues such as buffer overflows or other vulnerabilities. To mitigate this risk, the code should use safer alternatives like `strtol` with proper error handling to ensure that the conversion is successful and the resulting integer is within expected bounds.

The vulnerability in this C code is related to the use of the `atoi` function to convert string arguments to integers. Specifically, the `atoi` function does not check for errors such as invalid input or overflow, which can lead to undefined behavior. In the provided code, `atoi` is used to convert command-line arguments (`optarg`) to integers without any error checking. This can result in incorrect values being used, leading to potential security issues such as buffer overflows or other vulnerabilities. To mitigate this risk, the code should use safer alternatives like `strtol` with proper error handling to ensure that the conversion is successful and the resulting integer is within expected bounds.

The vulnerability in this C code is related to the use of the `atoi` function to convert string arguments to integers. Specifically, the `atoi` function does not check for errors such as invalid input or overflow, which can lead to undefined behavior. In the provided code, `atoi` is used to convert command-line arguments (`optarg`) to integers without any error checking. This can result in incorrect values being used, leading to potential security issues such as buffer overflows or other vulnerabilities. To mitigate this risk, the code should use","  main( int    argc,
        char*  argv[] )
  {
    int    old_ptsize, orig_ptsize, file;
    int    first_glyph = 0;
    int    XisSetup = 0;
    char*  execname;
    int    option;
    int    file_loaded;

    grEvent  event;


    execname = ft_basename( argv[0] );

    while ( 1 )
    {
      option = getopt( argc, argv, ""d:e:f:r:"" );

      if ( option == -1 )
        break;

      switch ( option )
      {
      case 'd':
        parse_design_coords( optarg );
        break;

      case 'e':
        encoding = (FT_Encoding)make_tag( optarg );
        break;

      case 'f':
        first_glyph = atoi( optarg );
        break;

      case 'r':
        res = atoi( optarg );
        if ( res < 1 )
          usage( execname );
        break;

      default:
        usage( execname );
        break;
      }
    }

    argc -= optind;
    argv += optind;

    if ( argc <= 1 )
      usage( execname );

    if ( sscanf( argv[0], ""%d"", &orig_ptsize ) != 1 )
      orig_ptsize = 64;

    file = 1;

    /* Initialize engine */
    error = FT_Init_FreeType( &library );
    if ( error )
      PanicZ( ""Could not initialize FreeType library"" );

  NewFile:
    ptsize      = orig_ptsize;
    hinted      = 1;
    file_loaded = 0;

    /* Load face */
    error = FT_New_Face( library, argv[file], 0, &face );
    if ( error )
      goto Display_Font;

    if ( encoding != FT_ENCODING_NONE )
    {
      error = FT_Select_Charmap( face, encoding );
      if ( error )
        goto Display_Font;
    }

    /* retrieve multiple master information */
    error = FT_Get_MM_Var( face, &multimaster );
    if ( error )
      goto Display_Font;

    /* if the user specified a position, use it, otherwise */
    /* set the current position to the median of each axis */
    {
      int  n;


      for ( n = 0; n < (int)multimaster->num_axis; n++ )
      {
        design_pos[n] = n < requested_cnt ? requested_pos[n]
                                          : multimaster->axis[n].def;
        if ( design_pos[n] < multimaster->axis[n].minimum )
          design_pos[n] = multimaster->axis[n].minimum;
        else if ( design_pos[n] > multimaster->axis[n].maximum )
          design_pos[n] = multimaster->axis[n].maximum;
      }
    }

    error = FT_Set_Var_Design_Coordinates( face,
                                           multimaster->num_axis,
                                           design_pos );
    if ( error )
      goto Display_Font;

    file_loaded++;

    Reset_Scale( ptsize );

    num_glyphs = face->num_glyphs;
    glyph      = face->glyph;
    size       = face->size;

  Display_Font:
    /* initialize graphics if needed */
    if ( !XisSetup )
    {
      XisSetup = 1;
      Init_Display();
    }

    grSetTitle( surface, ""FreeType Glyph Viewer - press F1 for help"" );
    old_ptsize = ptsize;

    if ( file_loaded >= 1 )
    {
      Fail = 0;
      Num  = first_glyph;

      if ( Num >= num_glyphs )
        Num = num_glyphs - 1;

      if ( Num < 0 )
        Num = 0;
    }

    for ( ;; )
    {
      int  key;


      Clear_Display();

      if ( file_loaded >= 1 )
      {
        switch ( render_mode )
        {
        case 0:
          Render_Text( Num );
          break;

        default:
           Render_All( Num, ptsize );
         }
 
        sprintf( Header, ""%s %s (file %s)"",
                          face->family_name,
                          face->style_name,
                          ft_basename( argv[file] ) );

        if ( !new_header )
          new_header = Header;

        grWriteCellString( &bit, 0, 0, new_header, fore_color );
        new_header = 0;

        sprintf( Header, ""axis: "" );
        {
          int  n;


          for ( n = 0; n < (int)multimaster->num_axis; n++ )
          {
            char  temp[32];


            sprintf( temp, ""  %s:%g"",
                           multimaster->axis[n].name,
                           design_pos[n]/65536. );
            strcat( Header, temp );
          }
        }
        grWriteCellString( &bit, 0, 16, Header, fore_color );

        sprintf( Header, ""at %d points, first glyph = %d"",
                         ptsize,
                         Num );
       }
       else
       {
        sprintf( Header, ""%s: not an MM font file, or could not be opened"",
                          ft_basename( argv[file] ) );
       }
      grWriteCellString( &bit, 0, 8, Header, fore_color );
      grRefreshSurface( surface );

      grListenSurface( surface, 0, &event );
      if ( !( key = Process_Event( &event ) ) )
        goto End;

      if ( key == 'n' )
      {
        if ( file_loaded >= 1 )
          FT_Done_Face( face );

        if ( file < argc - 1 )
          file++;

        goto NewFile;
      }

      if ( key == 'p' )
      {
        if ( file_loaded >= 1 )
          FT_Done_Face( face );

        if ( file > 1 )
          file--;

        goto NewFile;
      }

      if ( ptsize != old_ptsize )
      {
        Reset_Scale( ptsize );

        old_ptsize = ptsize;
      }
    }

  End:
    grDoneSurface( surface );
    grDoneDevices();

    free            ( multimaster );
    FT_Done_Face    ( face        );
    FT_Done_FreeType( library     );

    printf( ""Execution completed successfully.\n"" );
    printf( ""Fails = %d\n"", Fail );

    exit( 0 );      /* for safety reasons */
    return 0;       /* never reached */
  }
"
115034,CWE-119,14B,Qwen2.5-Coder-14B-Instruct,perturbed,"The vulnerability in this C code is that it does not check if the `argv` array has enough elements before accessing `argv[0]`. This can lead to undefined behavior if the program is called without any arguments, as `argv[0]` would be a null pointer. The function `ft_basename` is then called with a null pointer, which can cause a segmentation fault or other undefined behavior. To fix this vulnerability, the code should check if `argc` is greater than 0 before accessing `argv[0]`.

The vulnerability in this C code is that it does not check if the `argv` array has enough elements before accessing `argv[0]`. This can lead to undefined behavior if the program is called without any arguments, as `argv[0]` would be a null pointer. The function `ft_basename` is then called with a null pointer, which can cause a segmentation fault or other undefined behavior. To fix this vulnerability, the code should check if `argc` is greater than 0 before accessing `argv[0]`.

The vulnerability in this C code is that it does not check if the `argv` array has enough elements before accessing `argv[0]`. This can lead to undefined behavior if the program is called without any arguments, as `argv[0]` would be a null pointer. The function `ft_basename` is then called with a null pointer, which can cause a segmentation fault or other undefined behavior. To fix this vulnerability, the code should check if `argc` is greater than 0 before accessing `argv[0]`.

The vulnerability in this C code is that it does not check if the `argv` array has enough elements before accessing `argv[0]`. This can lead to undefined behavior if the program is called without any arguments, as `argv[0]` would be a null pointer. The function `ft_basename` is then called with a null pointer, which can cause a segmentation fault or other undefined behavior. To fix this vulnerability, the code should check if `argc` is greater than 0 before accessing `argv[0]`.

The vulnerability in this C code is that it does not check if the `argv` array has enough elements before accessing `argv[0]`. This can lead to undefined behavior if the program is called without any arguments, as `argv[0]` would be a null pointer. The function `ft_basename` is then called with a null pointer, which can cause a segmentation fault or other undefined","  main( int    var_2,
        char*  argv[] )
  {
    int    old_ptsize, orig_ptsize, file;
    int    var_6 = 0;
    int    var_1 = 0;
    char*  var_4;
    int    var_9;
    int    var_5;

    grEvent  var_3;


    var_4 = ft_basename( argv[0] );

    while ( 1 )
    {
      var_9 = getopt( var_2, argv, ""d:e:f:r:"" );

      if ( var_9 == -1 )
        break;

      switch ( var_9 )
      {
      case 'd':
        parse_design_coords( optarg );
        break;

      case 'e':
        encoding = (FT_Encoding)make_tag( optarg );
        break;

      case 'f':
        var_6 = atoi( optarg );
        break;

      case 'r':
        res = atoi( optarg );
        if ( res < 1 )
          usage( var_4 );
        break;

      default:
        usage( var_4 );
        break;
      }
    }

    var_2 -= optind;
    argv += optind;

    if ( var_2 <= 1 )
      usage( var_4 );

    if ( sscanf( argv[0], ""%d"", &orig_ptsize ) != 1 )
      orig_ptsize = 64;

    file = 1;

    /* Initialize engine */
    error = FT_Init_FreeType( &library );
    if ( error )
      PanicZ( ""Could not initialize FreeType library"" );

  NewFile:
    ptsize      = orig_ptsize;
    hinted      = 1;
    var_5 = 0;

    /* Load face */
    error = FT_New_Face( library, argv[file], 0, &face );
    if ( error )
      goto Display_Font;

    if ( encoding != FT_ENCODING_NONE )
    {
      error = FT_Select_Charmap( face, encoding );
      if ( error )
        goto Display_Font;
    }

    /* retrieve multiple master information */
    error = FT_Get_MM_Var( face, &multimaster );
    if ( error )
      goto Display_Font;

    /* if the user specified a position, use it, otherwise */
    /* set the current position to the median of each axis */
    {
      int  var_8;


      for ( var_8 = 0; var_8 < (int)multimaster->num_axis; var_8++ )
      {
        design_pos[var_8] = var_8 < requested_cnt ? requested_pos[var_8]
                                          : multimaster->axis[var_8].def;
        if ( design_pos[var_8] < multimaster->axis[var_8].minimum )
          design_pos[var_8] = multimaster->axis[var_8].minimum;
        else if ( design_pos[var_8] > multimaster->axis[var_8].maximum )
          design_pos[var_8] = multimaster->axis[var_8].maximum;
      }
    }

    error = FT_Set_Var_Design_Coordinates( face,
                                           multimaster->num_axis,
                                           design_pos );
    if ( error )
      goto Display_Font;

    var_5++;

    Reset_Scale( ptsize );

    num_glyphs = face->num_glyphs;
    glyph      = face->glyph;
    size       = face->size;

  Display_Font:
    /* initialize graphics if needed */
    if ( !var_1 )
    {
      var_1 = 1;
      Init_Display();
    }

    grSetTitle( surface, ""FreeType Glyph Viewer - press F1 for help"" );
    old_ptsize = ptsize;

    if ( var_5 >= 1 )
    {
      Fail = 0;
      Num  = var_6;

      if ( Num >= num_glyphs )
        Num = num_glyphs - 1;

      if ( Num < 0 )
        Num = 0;
    }

    for ( ;; )
    {
      int  var_7;


      Clear_Display();

      if ( var_5 >= 1 )
      {
        switch ( render_mode )
        {
        case 0:
          Render_Text( Num );
          break;

        default:
           Render_All( Num, ptsize );
         }
 
        sprintf( Header, ""%s %s (file %s)"",
                          face->family_name,
                          face->style_name,
                          ft_basename( argv[file] ) );

        if ( !new_header )
          new_header = Header;

        grWriteCellString( &bit, 0, 0, new_header, fore_color );
        new_header = 0;

        sprintf( Header, ""axis: "" );
        {
          int  var_8;


          for ( var_8 = 0; var_8 < (int)multimaster->num_axis; var_8++ )
          {
            char  var_10[32];


            sprintf( var_10, ""  %s:%g"",
                           multimaster->axis[var_8].name,
                           design_pos[var_8]/65536. );
            strcat( Header, var_10 );
          }
        }
        grWriteCellString( &bit, 0, 16, Header, fore_color );

        sprintf( Header, ""at %d points, first glyph = %d"",
                         ptsize,
                         Num );
       }
       else
       {
        sprintf( Header, ""%s: not an MM font file, or could not be opened"",
                          ft_basename( argv[file] ) );
       }
      grWriteCellString( &bit, 0, 8, Header, fore_color );
      grRefreshSurface( surface );

      grListenSurface( surface, 0, &var_3 );
      if ( !( var_7 = Process_Event( &var_3 ) ) )
        goto End;

      if ( var_7 == 'n' )
      {
        if ( var_5 >= 1 )
          FT_Done_Face( face );

        if ( file < var_2 - 1 )
          file++;

        goto NewFile;
      }

      if ( var_7 == 'p' )
      {
        if ( var_5 >= 1 )
          FT_Done_Face( face );

        if ( file > 1 )
          file--;

        goto NewFile;
      }

      if ( ptsize != old_ptsize )
      {
        Reset_Scale( ptsize );

        old_ptsize = ptsize;
      }
    }

  End:
    grDoneSurface( surface );
    grDoneDevices();

    free            ( multimaster );
    FT_Done_Face    ( face        );
    FT_Done_FreeType( library     );

    printf( ""Execution completed successfully.\n"" );
    printf( ""Fails = %d\n"", Fail );

    exit( 0 );      /* for safety reasons */
    return 0;       /* never reached */
  }
"
30099,CWE-17,14B,Qwen2.5-Coder-14B-Instruct,baseline,"The vulnerability in this C code is a potential buffer overflow. The function `iov_fault_in_pages_write` takes an array of `iovec` structures and a length `len`. It iterates over the `iovec` structures, checking if each one has a non-zero length. If it does, it calls `fault_in_pages_writeable` on the base address of the `iovec` structure and the minimum of the remaining length and the length of the current `iovec` structure. However, there is no check to ensure that the base address of the `iovec` structure is within the bounds of the array. This means that if an attacker provides an `iovec` structure with a base address outside of the bounds of the array, they could potentially cause a buffer overflow. This could lead to arbitrary code execution or other malicious behavior. To fix this vulnerability, the code should include a check to ensure that the base address of the `iovec` structure is within the bounds of the array before calling `fault_in_pages_writeable`.","static int iov_fault_in_pages_write(struct iovec *iov, unsigned long len)
{
	while (!iov->iov_len)
		iov++;
	while (len > 0) {
		unsigned long this_len;
		this_len = min_t(unsigned long, len, iov->iov_len);
		if (fault_in_pages_writeable(iov->iov_base, this_len))
			break;
		len -= this_len;
		iov++;
	}
	return len;
}
"
30099,CWE-17,14B,Qwen2.5-Coder-14B-Instruct,perturbed,"The vulnerability in this C code is a potential buffer overflow. The function `iov_fault_in_pages_write` takes an array of `iovec` structures and a length as input. It iterates over the `iovec` structures, checking if each one has a non-zero length. If it does, it calculates the minimum of the remaining length (`var_2`) and the current `iovec`'s length (`var_1->iov_len`). It then calls `fault_in_pages_writeable` with the base address of the current `iovec` and the calculated length. If `fault_in_pages_writeable` returns a non-zero value, the loop breaks. Otherwise, it subtracts the calculated length from `var_2` and moves to the next `iovec` structure. The function returns the remaining length.

The vulnerability lies in the fact that the function does not check if the base address of the current `iovec` is within the bounds of the allocated memory. This means that an attacker could potentially pass an `iovec` structure with a base address pointing to an arbitrary location in memory, causing the function to attempt to access that location. This could lead to a buffer overflow, allowing the attacker to read or write arbitrary memory locations, potentially leading to a security breach.

To fix this vulnerability, the function should add a check to ensure that the base address of the current `iovec` is within the bounds of the allocated memory before calling `fault_in_pages_writeable`. This can be done by comparing the base address with the start and end addresses of the allocated memory. If the base address is outside of these bounds, the function should return an error code. This will prevent the function from attempting to access arbitrary memory locations, thus mitigating the risk of a buffer overflow. ``` ``` ``` ``` ``` ``` ``` ``` ``` ``` ``` ``` ``` ``` ``` ``` ``` ``` ``` ``` ``` ``` ``` ``` ``` ``` ``` ``` ``` ``` ``` ``` ``` ``` ``` ``` ``` ``` ``` ``` ``` ``` ``` ``` ``` ``` ``` ``` ``` ``` ``` ``` ``` ``` ``` ``` ``` ``` ``` ``` ``` ``` ``` ``` ``` ``` ``` ``` ``` ``` ``` ``` ``` ``` ``` ``` ``` ``` ``` ``` ``` ``` ``` ``` ``` ``` ``` ``` ``` ``` ``` ``` ``` ``` ``` ``` ``` ``` ``` ``` ``` ``` ``` ``` ``` ``` ``` ``` ``` ``` ``` ``` ``` ``` ``` ``` ``` ``` ``` ``` ``` ``` ``` ``` ``` ``` ``` ``` ``` ``` ``` ``` ``` ``` ``` ``` ``` ``` ``` ``` ``` ``` ``` ``` ``` ``` ``` ```","static int iov_fault_in_pages_write(struct iovec *var_1, unsigned long var_2)
{
	while (!var_1->iov_len)
		var_1++;
	while (var_2 > 0) {
		unsigned long var_3;
		var_3 = min_t(unsigned long, var_2, var_1->iov_len);
		if (fault_in_pages_writeable(var_1->iov_base, var_3))
			break;
		var_2 -= var_3;
		var_1++;
	}
	return var_2;
}
"
60469,CWE-119,14B,Qwen2.5-Coder-14B-Instruct,baseline,"The vulnerability in this C code is that it does not check if the pointers `dst` and `src` are valid before dereferencing them. This can lead to undefined behavior, such as segmentation faults or buffer overflows, if the pointers are null or point to invalid memory locations. Additionally, the function assumes that `src` is an array of two pointers, each pointing to an array of integers, without checking if these arrays have enough elements to accommodate `nSamples`. This can also result in out-of-bounds access and undefined behavior. To mitigate these risks, the function should include checks to ensure that `dst` and `src` are not null and that the arrays pointed to by `src` have sufficient elements. ```c
static void copyStereo8(
    short *dst,
    const int *const *src,
    unsigned nSamples,
    unsigned /* nChannels */) {
    
    // Check if dst is not null
    if (dst == NULL) {
        fprintf(stderr, ""Error: Destination pointer is null.\n"");
        return;
    }

    // Check if src is not null and has at least two valid pointers
    if (src == NULL || src[0] == NULL || src[1] == NULL) {
        fprintf(stderr, ""Error: Source pointer or its elements are null.\n"");
        return;
    }

    // Check if src[0] and src[1] have enough elements
    for (unsigned i = 0; i < nSamples; ++i) {
        if (i >= nSamples) {
            fprintf(stderr, ""Error: Source array does not have enough elements.\n"");
            return;
        }
    }

    // Proceed with copying if all checks pass
    for (unsigned i = 0; i < nSamples; ++i) {
        *dst++ = src[0][i] << 8;
        *dst++ = src[1][i] << 8;
    }
}
```

This revised version includes checks to ensure that `dst` and `src` are not null and that the arrays pointed to by `src` have sufficient elements to accommodate `nSamples`. If any of these conditions are not met, the function will print an error message and return early, preventing undefined behavior."," static void copyStereo8(
         short *dst,
        const int *const *src,
         unsigned nSamples,
         unsigned /* nChannels */) {
     for (unsigned i = 0; i < nSamples; ++i) {
 *dst++ = src[0][i] << 8;
 *dst++ = src[1][i] << 8;

     }
 }
"
60469,CWE-119,14B,Qwen2.5-Coder-14B-Instruct,perturbed,"The vulnerability in this C code is that it does not check if the pointers `var_4[0]` and `var_4[1]` are valid before dereferencing them. This can lead to undefined behavior, such as a segmentation fault, if the pointers are null or point to invalid memory locations. Additionally, the function assumes that `var_4` is an array of two pointers, which may not be the case if the input is not properly validated. This can also lead to undefined behavior if the input is not as expected. To fix this vulnerability, the function should check if `var_4[0]` and `var_4[1]` are valid before dereferencing them, and it should validate the input to ensure that `var_4` is an array of two pointers. ```c
static void copyStereo8(
        short *var_1,
        const int *const *var_4,
        unsigned var_3,
        unsigned /* nChannels */) {
    // Check if var_4 is a valid pointer and contains at least two elements
    if (var_4 == NULL || var_4[0] == NULL || var_4[1] == NULL) {
        // Handle error, e.g., log an error message or return an error code
        return;
    }

    for (unsigned var_2 = 0; var_2 < var_3; ++var_2) {
        *var_1++ = var_4[0][var_2] << 8;
        *var_1++ = var_4[1][var_2] << 8;
    }
}
```

In this revised version, the function first checks if `var_4` and its elements are valid pointers before proceeding with the loop. If any of the pointers are invalid, the function returns early without performing any operations. This helps prevent undefined behavior and potential crashes due to invalid memory access."," static void copyStereo8(
         short *var_1,
        const int *const *var_4,
         unsigned var_3,
         unsigned /* nChannels */) {
     for (unsigned var_2 = 0; var_2 < var_3; ++var_2) {
 *var_1++ = var_4[0][var_2] << 8;
 *var_1++ = var_4[1][var_2] << 8;

     }
 }
"
138469,CWE-189,14B,Qwen2.5-Coder-14B-Instruct,baseline,"The vulnerability in this C code is a potential buffer overflow. The code does not check if the multiplication of `h` and `line` results in an integer overflow before allocating memory for the `data` array. If `h` and `line` are large enough, their product can exceed the maximum value that an `int` can hold, leading to undefined behavior when `gmalloc` is called with a negative or very large size. This can result in allocating less memory than needed or even crashing the program. Additionally, the code does not handle the case where `gmalloc` fails to allocate the requested amount of memory, which could lead to a null pointer dereference when trying to copy data into `data`. To fix this vulnerability, the code should include a check for integer overflow before performing the multiplication and should handle the case where `gmalloc` fails to allocate memory. ```c
if (h > INT_MAX / line) {
    error(-1, ""integer overflow detected"");
    data = NULL;
    return;
}
```

This check ensures that the multiplication of `h` and `line` will not cause an overflow. Additionally, the code should check the return value of `gmalloc` to ensure that memory allocation was successful:

```c
data = (Guchar *)gmalloc(h * line + 1);
if (!data) {
    error(-1, ""memory allocation failed"");
    return;
}
```

By adding these checks, the code becomes more robust and less prone to buffer overflow vulnerabilities.","JBIG2Bitmap::JBIG2Bitmap(Guint segNumA, JBIG2Bitmap *bitmap):
  JBIG2Segment(segNumA)
{
  w = bitmap->w;
  h = bitmap->h;
  line = bitmap->line;

  if (w <= 0 || h <= 0 || line <= 0 || h >= (INT_MAX - 1) / line) {
    error(-1, ""invalid width/height"");
    data = NULL;
     return;
   }
  data = (Guchar *)gmalloc(h * line + 1);
   memcpy(data, bitmap->data, h * line);
   data[h * line] = 0;
 }
"
138469,CWE-189,14B,Qwen2.5-Coder-14B-Instruct,perturbed,"The vulnerability in this C code is a potential buffer overflow. The code does not check if the product of `h` and `line` exceeds the maximum value that can be stored in an integer (`INT_MAX`). This can lead to an overflow, where the multiplication result wraps around to a smaller number, potentially causing the `gmalloc` function to allocate less memory than needed. As a result, when `memcpy` is called to copy the data from the input bitmap to the newly allocated memory, it may write beyond the bounds of the allocated memory, leading to undefined behavior, including overwriting adjacent memory or crashing the program. To fix this vulnerability, the code should include a check to ensure that the product of `h` and `line` does not exceed `INT_MAX` before performing the multiplication. ```c
if (h > INT_MAX / line) {
    error(-1, ""integer overflow detected"");
    data = NULL;
    return;
}
```","JBIG2Bitmap::JBIG2Bitmap(Guint segNumA, JBIG2Bitmap *bitmap):
  JBIG2Segment(segNumA)
{
  var_1 = bitmap->w;
  h = bitmap->h;
  line = bitmap->line;

  if (var_1 <= 0 || h <= 0 || line <= 0 || h >= (INT_MAX - 1) / line) {
    error(-1, ""invalid width/height"");
    data = NULL;
     return;
   }
  data = (Guchar *)gmalloc(h * line + 1);
   memcpy(data, bitmap->data, h * line);
   data[h * line] = 0;
 }
"
117214,CWE-125,14B,Qwen2.5-Coder-14B-Instruct,baseline,"The vulnerability in this C code is a buffer overflow. The function `ntlm_write_message_fields_buffer` writes data from `fields->Buffer` to the stream `s` without checking if the length of the data (`fields->Len`) exceeds the available space in the stream. This can lead to writing beyond the bounds of the allocated memory for the stream, potentially overwriting adjacent memory locations or causing the program to crash. This is dangerous because it can be exploited by an attacker to execute arbitrary code or cause a denial of service. To mitigate this vulnerability, the function should include checks to ensure that `fields->Len` does not exceed the remaining capacity of the stream before performing the write operation.","void ntlm_write_message_fields_buffer(wStream* s, NTLM_MESSAGE_FIELDS* fields)
 {
 	if (fields->Len > 0)
 	{
		Stream_SetPosition(s, fields->BufferOffset);
		Stream_Write(s, fields->Buffer, fields->Len);
 	}
 }
"
117214,CWE-125,14B,Qwen2.5-Coder-14B-Instruct,perturbed,"The vulnerability in this C code is a buffer overflow. The function `ntlm_write_message_fields_buffer` writes data from `var_1->Buffer` to `var_2` without checking if `var_1->Len` exceeds the size of `var_1->Buffer`. This can lead to writing beyond the bounds of `var_1->Buffer`, potentially overwriting adjacent memory or causing a segmentation fault. This is dangerous because it can lead to unpredictable behavior, crashes, or even security vulnerabilities such as code execution exploits. To fix this, the function should include a check to ensure that `var_1->Len` does not exceed the allocated size of `var_1->Buffer`.","void ntlm_write_message_fields_buffer(wStream* var_2, NTLM_MESSAGE_FIELDS* var_1)
 {
 	if (var_1->Len > 0)
 	{
		Stream_SetPosition(var_2, var_1->BufferOffset);
		Stream_Write(var_2, var_1->Buffer, var_1->Len);
 	}
 }
"
314,CWE-189,14B,Qwen2.5-Coder-14B-Instruct,baseline,"The vulnerability in this C code is a buffer overflow. The code allocates memory for `tmp_line` using `gmalloc(length * nComps2)`, but then it accesses elements of `tmp_line` using `tmp_line[i * nComps2 + j]`. If `nComps2` is greater than 1, this can lead to accessing memory outside the bounds of `tmp_line` if `i` or `j` are not properly bounded. This can result in undefined behavior, including crashes or security vulnerabilities such as code execution.

To fix this vulnerability, the code should ensure that `i` and `j` are within valid bounds before accessing `tmp_line`. Additionally, the code should check that `nComps2` is not excessively large to prevent potential integer overflow when calculating the size of `tmp_line`.

Here is the corrected code:

```c
void GfxImageColorMap::getRGBLine(Guchar *in, unsigned int *out, int length) {
  int i, j;
  Guchar *inp, *tmp_line;

  switch (colorSpace->getMode()) {
  case csIndexed:
  case csSeparation:
    // Ensure nComps2 is not excessively large to prevent integer overflow
    if (nComps2 > INT_MAX / length) {
      // Handle error, e.g., return an error code or throw an exception
      return;
    }
    tmp_line = (Guchar *) gmalloc(length * nComps2);
    if (!tmp_line) {
      // Handle memory allocation failure
      return;
    }
    for (i = 0; i < length; i++) {
      for (j = 0; j < nComps2; j++) {
        // Ensure i and j are within valid bounds
        if (i >= length || j >= nComps2) {
          // Handle error, e.g., return an error code or throw an exception
          gfree(tmp_line);
          return;
        }
        tmp_line[i * nComps2 + j] = byte_lookup[in[i] * nComps2 + j];
      }
    }
    colorSpace2->getRGBLine(tmp_line, out, length);
    gfree(tmp_line);
    break;

  default:
    inp = in;
    for (j = 0; j < length; j++)
      for (i = 0; i < nComps; i++) {
        //","void GfxImageColorMap::getRGBLine(Guchar *in, unsigned int *out, int length) {
  int i, j;
  Guchar *inp, *tmp_line;

   switch (colorSpace->getMode()) {
   case csIndexed:
   case csSeparation:
    tmp_line = (Guchar *) gmalloc (length * nComps2);
     for (i = 0; i < length; i++) {
       for (j = 0; j < nComps2; j++) {
 	tmp_line[i * nComps2 + j] = byte_lookup[in[i] * nComps2 + j];
      }
    }
    colorSpace2->getRGBLine(tmp_line, out, length);
    gfree (tmp_line);
    break;

  default:
    inp = in;
    for (j = 0; j < length; j++)
      for (i = 0; i < nComps; i++) {
	*inp = byte_lookup[*inp * nComps + i];
	inp++;
      }
    colorSpace->getRGBLine(in, out, length);
    break;
  }

}
"
314,CWE-189,14B,Qwen2.5-Coder-14B-Instruct,perturbed,"The vulnerability in this C code is a buffer overflow. The code allocates memory for `tmp_line` using `gmalloc` with the size of `var_4 * nComps2`. However, the inner while loop increments `j` before accessing `byte_lookup[var_2[var_1] * nComps2 + j]`, which means that `j` can reach `nComps2` before the array access. This can lead to accessing memory out of bounds if `var_2[var_1] * nComps2 + j` exceeds the bounds of `byte_lookup`. This is dangerous because it can lead to undefined behavior, including crashes, data corruption, or even arbitrary code execution if an attacker can control the contents of `var_2` or `byte_lookup`.

The vulnerability in this C code is a buffer overflow. The code allocates memory for `tmp_line` using `gmalloc` with the size of `var_4 * nComps2`. However, the inner while loop increments `j` before accessing `byte_lookup[var_2[var_1] * nComps2 + j]`, which means that `j` can reach `nComps2` before the array access. This can lead to accessing memory out of bounds if `var_2[var_1] * nComps2 + j` exceeds the bounds of `byte_lookup`. This is dangerous because it can lead to undefined behavior, including crashes, data corruption, or even arbitrary code execution if an attacker can control the contents of `var_2` or `byte_lookup`.

To fix this vulnerability, the increment of `j` should be moved after the array access to ensure that `j` never reaches `nComps2` before the array access. Additionally, proper bounds checking should be added to ensure that `var_2[var_1] * nComps2 + j` does not exceed the bounds of `byte_lookup`.","void GfxImageColorMap::getRGBLine(Guchar *var_2, unsigned int *var_5, int var_4) {
  int var_1, j;
  Guchar *var_3, *tmp_line;

   switch (colorSpace->getMode()) {
   case csIndexed:
   case csSeparation:
    tmp_line = (Guchar *) gmalloc (var_4 * nComps2);
     var_1 = 0;
while (var_1 < var_4) {
    j = 0;
while (j < nComps2) {
    tmp_line[var_1 * nComps2 + j] = byte_lookup[var_2[var_1] * nComps2 + j];
    j++;
}
    var_1++;
}
    colorSpace2->getRGBLine(tmp_line, var_5, var_4);
    gfree (tmp_line);
    break;

  default:
    var_3 = var_2;
    j = 0;
while (j < var_4) {
    var_1 = 0;
    j++;
}
while (var_1 < nComps) {
    *var_3 = byte_lookup[*var_3 * nComps + var_1];
	var_3++;
    var_1++;
}
    colorSpace->getRGBLine(var_2, var_5, var_4);
    break;
  }

}
"
44759,CWE-125,14B,Qwen2.5-Coder-14B-Instruct,baseline,"The vulnerability in this C code is that it does not check if the buffer pointer is NULL before dereferencing it. This can lead to a segmentation fault if the buffer pointer is NULL, which can be exploited by an attacker to execute arbitrary code or crash the program. It is dangerous because it allows an attacker to control the execution flow of the program, potentially leading to a security breach. To fix this vulnerability, the code should include a check for a NULL buffer pointer before dereferencing it. ```c
if (buffer == NULL) {
    // Handle error, e.g., return an error code or log an error message
    return -1; // Example error code
}
```

This check ensures that the buffer pointer is valid before attempting to access its contents, preventing potential segmentation faults and enhancing the security of the program.","static inline signed short ReadProfileShort(const EndianType endian,
  unsigned char *buffer)
{
  union
  {
    unsigned int
      unsigned_value;

    signed int
      signed_value;
  } quantum;

  unsigned short
    value;
 
   if (endian == LSBEndian)
     {
      value=(unsigned short) ((buffer[1] << 8) | buffer[0]);
      quantum.unsigned_value=(value & 0xffff);
       return(quantum.signed_value);
     }
  value=(unsigned short) ((((unsigned char *) buffer)[0] << 8) |
    ((unsigned char *) buffer)[1]);
  quantum.unsigned_value=(value & 0xffff);
   return(quantum.signed_value);
 }
"
44759,CWE-125,14B,Qwen2.5-Coder-14B-Instruct,perturbed,"The vulnerability in this C code is that it does not check if the input pointer `var_1` is valid before dereferencing it. This can lead to undefined behavior, such as a segmentation fault, if `var_1` is a null pointer or points to invalid memory. Additionally, the function assumes that `var_1` points to at least two bytes of memory, which may not be the case, leading to buffer over-reads. These issues can be exploited by an attacker to execute arbitrary code or cause a denial of service. To mitigate these risks, the function should include checks to ensure that `var_1` is not null and points to sufficient memory before attempting to read from it. ``` ``` ``` ``` ``` ``` ``` ``` ``` ``` ``` ``` ``` ``` ``` ``` ``` ``` ``` ``` ``` ``` ``` ``` ``` ``` ``` ``` ``` ``` ``` ``` ``` ``` ``` ``` ``` ``` ``` ``` ``` ``` ``` ``` ``` ``` ``` ``` ``` ``` ``` ``` ``` ``` ``` ``` ``` ``` ``` ``` ``` ``` ``` ``` ``` ``` ``` ``` ``` ``` ``` ``` ``` ``` ``` ``` ``` ``` ``` ``` ``` ``` ``` ``` ``` ``` ``` ``` ``` ``` ``` ``` ``` ``` ``` ``` ``` ``` ``` ``` ``` ``` ``` ``` ``` ``` ``` ``` ``` ``` ``` ``` ``` ``` ``` ``` ``` ``` ``` ``` ``` ``` ``` ``` ``` ``` ``` ``` ``` ``` ``` ``` ``` ``` ``` ``` ``` ``` ``` ``` ``` ``` ``` ``` ``` ``` ``` ``` ``` ``` ``` ``` ``` ``` ``` ``` ``` ``` ``` ``` ``` ``` ``` ``` ``` ``` ``` ``` ``` ``` ``` ``` ``` ``` ``` ``` ``` ``` ``` ``` ``` ``` ``` ``` ``` ``` ``` ``` ``` ``` ``` ``` ``` ``` ``` ``` ``` ``` ``` ``` ``` ``` ``` ``` ``` ``` ``` ``` ``` ``` ``` ``` ``` ``` ``` ``` ``` ``` ``` ``` ``` ``` ``` ``` ``` ``` ``` ``` ``` ``` ``` ``` ``` ``` ``` ``` ``` ``` ``` ``` ``` ``` ``` ``` ``` ``` ``` ``` ``` ``` ``` ``` ``` ``` ``` ``` ``` ``` ``` ``` ``` ``` ``` ``` ``` ``` ``` ``` ``` ``` ``` ``` ``` ``` ``` ``` ``` ``` ``` ``` ``` ``` ``` ``` ``` ``` ``` ``` ``` ``` ``` ``` ``` ``` ``` ``` ``` ``` ``` ``` ``` ``` ``` ``` ``` ``` ``` ``` ``` ``` ``` ``` ``` ``` ``` ``` ``` ``` ``` ``` ``` ``` ``` ``` ``` ``` ``` ``` ``` ``` ``` ``` ``` ``` ``` ``` ``` ``` ``` ``` ``` ``` ``` ``` ``` ``` ``` ``` ``` ``` ``` ``` ``` ``` ``` ``` ``` ``` ``` ``` ``` ``` ``` ``` ``` ``` ``` ```","static inline signed short ReadProfileShort(const EndianType var_2,
  unsigned char *var_1)
{
  union
  {
    unsigned int
      unsigned_value;

    signed int
      signed_value;
  } var_3;

  unsigned short
    var_4;
 
   if (var_2 == LSBEndian)
     {
      var_4=(unsigned short) ((var_1[1] << 8) | var_1[0]);
      var_3.unsigned_value=(var_4 & 0xffff);
       return(var_3.signed_value);
     }
  var_4=(unsigned short) ((((unsigned char *) var_1)[0] << 8) |
    ((unsigned char *) var_1)[1]);
  var_3.unsigned_value=(var_4 & 0xffff);
   return(var_3.signed_value);
 }
"
73949,CWE-189,14B,Qwen2.5-Coder-14B-Instruct,baseline,"The vulnerability in this C code is a potential buffer overflow. The function `CancelableFileOperation` takes a `BufferType* buffer` and a `size_t length` as parameters. It then uses these parameters to perform file operations. However, there is no check to ensure that the `buffer` has enough space to hold `length` number of elements. If the `buffer` is smaller than `length`, writing to it will result in a buffer overflow, which can lead to undefined behavior, including crashes or security vulnerabilities. This is particularly dangerous because the function does not provide any error handling for this condition, making it difficult to detect and prevent. To fix this vulnerability, the function should include a check to ensure that the `buffer` has sufficient space before performing any file operations. ``` ``` ``` ``` ``` ``` ``` ``` ``` ``` ``` ``` ``` ``` ``` ``` ``` ``` ``` ``` ``` ``` ``` ``` ``` ``` ``` ``` ``` ``` ``` ``` ``` ``` ``` ``` ``` ``` ``` ``` ``` ``` ``` ``` ``` ``` ``` ``` ``` ``` ``` ``` ``` ``` ``` ``` ``` ``` ``` ``` ``` ``` ``` ``` ``` ``` ``` ``` ``` ``` ``` ``` ``` ``` ``` ``` ``` ``` ``` ``` ``` ``` ``` ``` ``` ``` ``` ``` ``` ``` ``` ``` ``` ``` ``` ``` ``` ``` ``` ``` ``` ``` ``` ``` ``` ``` ``` ``` ``` ``` ``` ``` ``` ``` ``` ``` ``` ``` ``` ``` ``` ``` ``` ``` ``` ``` ``` ``` ``` ``` ``` ``` ``` ``` ``` ``` ``` ``` ``` ``` ``` ``` ``` ``` ``` ``` ``` ``` ``` ``` ``` ``` ``` ``` ``` ``` ``` ``` ``` ``` ``` ``` ``` ``` ``` ``` ``` ``` ``` ``` ``` ``` ``` ``` ``` ``` ``` ``` ``` ``` ``` ``` ``` ``` ``` ``` ``` ``` ``` ``` ``` ``` ``` ``` ``` ``` ``` ``` ``` ``` ``` ``` ``` ``` ``` ``` ``` ``` ``` ``` ``` ``` ``` ``` ``` ``` ``` ``` ``` ``` ``` ``` ``` ``` ``` ``` ``` ``` ``` ``` ``` ``` ``` ``` ``` ``` ``` ``` ``` ``` ``` ``` ``` ``` ``` ``` ``` ``` ``` ``` ``` ``` ``` ``` ``` ``` ``` ``` ``` ``` ``` ``` ``` ``` ``` ``` ``` ``` ``` ``` ``` ``` ``` ``` ``` ``` ``` ``` ``` ``` ``` ``` ``` ``` ``` ``` ``` ``` ``` ``` ``` ``` ``` ``` ``` ``` ``` ``` ``` ``` ``` ``` ``` ``` ``` ``` ``` ``` ``` ``` ``` ``` ``` ``` ``` ``` ``` ``` ``` ``` ``` ``` ``` ``` ``` ``` ``` ``` ``` ``` ``` ``` ``` ``` ``` ``` ``` ``` ``` ``` ``` ``` ``` ``` ``` ``` ``` ``` ``` ``` ``` ``` ``` ```","size_t CancelableFileOperation(Function operation,
                               HANDLE file,
                               BufferType* buffer,
                               size_t length,
                               WaitableEvent* io_event,
                               WaitableEvent* cancel_event,
                               CancelableSyncSocket* socket,
                               DWORD timeout_in_ms) {
  ThreadRestrictions::AssertIOAllowed();
  COMPILE_ASSERT(sizeof(buffer[0]) == sizeof(char), incorrect_buffer_type);
  DCHECK_GT(length, 0u);
  DCHECK_LE(length, kMaxMessageLength);
  DCHECK_NE(file, SyncSocket::kInvalidHandle);

  TimeTicks current_time, finish_time;
  if (timeout_in_ms != INFINITE) {
    current_time = TimeTicks::Now();
    finish_time =
        current_time + base::TimeDelta::FromMilliseconds(timeout_in_ms);
  }

  size_t count = 0;
  do {
    OVERLAPPED ol = { 0 };
    ol.hEvent = io_event->handle();

    const DWORD chunk = GetNextChunkSize(count, length);
    DWORD len = 0;
    const BOOL operation_ok = operation(
        file, static_cast<BufferType*>(buffer) + count, chunk, &len, &ol);
    if (!operation_ok) {
       if (::GetLastError() == ERROR_IO_PENDING) {
         HANDLE events[] = { io_event->handle(), cancel_event->handle() };
         const int wait_result = WaitForMultipleObjects(
            ARRAYSIZE_UNSAFE(events), events, FALSE,
             timeout_in_ms == INFINITE ?
                 timeout_in_ms :
                 static_cast<DWORD>(
                    (finish_time - current_time).InMilliseconds()));
        if (wait_result != WAIT_OBJECT_0 + 0) {
          CancelIo(file);
        }

        if (!GetOverlappedResult(file, &ol, &len, TRUE))
          len = 0;

        if (wait_result == WAIT_OBJECT_0 + 1) {
          DVLOG(1) << ""Shutdown was signaled. Closing socket."";
          socket->Close();
          return count;
        }

        DCHECK(wait_result == WAIT_OBJECT_0 + 0 || wait_result == WAIT_TIMEOUT);
      } else {
        break;
      }
    }

    count += len;

    if (len != chunk)
      break;

    if (timeout_in_ms != INFINITE && count < length)
      current_time = base::TimeTicks::Now();
  } while (count < length &&
           (timeout_in_ms == INFINITE || current_time < finish_time));

  return count;
}
"
73949,CWE-189,14B,Qwen2.5-Coder-14B-Instruct,perturbed,"The vulnerability in this C code is a potential buffer overflow. The function `CancelableFileOperation` takes a buffer `var_1` of type `BufferType*` and a size `var_10`. It then uses `GetNextChunkSize` to determine the size of the next chunk to read from the file handle `var_7`. However, there is no check to ensure that the total number of bytes read does not exceed the size of the buffer `var_1`. If `GetNextChunkSize` returns a value that causes the total number of bytes read to exceed the size of the buffer, a buffer overflow will occur. This can lead to undefined behavior, including crashes, data corruption, or even arbitrary code execution. To fix this vulnerability, the function should include a check to ensure that the total number of bytes read does not exceed the size of the buffer before attempting to read the next chunk. ``` ``` ``` ``` ``` ``` ``` ``` ``` ``` ``` ``` ``` ``` ``` ``` ``` ``` ``` ``` ``` ``` ``` ``` ``` ``` ``` ``` ``` ``` ``` ``` ``` ``` ``` ``` ``` ``` ``` ``` ``` ``` ``` ``` ``` ``` ``` ``` ``` ``` ``` ``` ``` ``` ``` ``` ``` ``` ``` ``` ``` ``` ``` ``` ``` ``` ``` ``` ``` ``` ``` ``` ``` ``` ``` ``` ``` ``` ``` ``` ``` ``` ``` ``` ``` ``` ``` ``` ``` ``` ``` ``` ``` ``` ``` ``` ``` ``` ``` ``` ``` ``` ``` ``` ``` ``` ``` ``` ``` ``` ``` ``` ``` ``` ``` ``` ``` ``` ``` ``` ``` ``` ``` ``` ``` ``` ``` ``` ``` ``` ``` ``` ``` ``` ``` ``` ``` ``` ``` ``` ``` ``` ``` ``` ``` ``` ``` ``` ``` ``` ``` ``` ``` ``` ``` ``` ``` ``` ``` ``` ``` ``` ``` ``` ``` ``` ``` ``` ``` ``` ``` ``` ``` ``` ``` ``` ``` ``` ``` ``` ``` ``` ``` ``` ``` ``` ``` ``` ``` ``` ``` ``` ``` ``` ``` ``` ``` ``` ``` ``` ``` ``` ``` ``` ``` ``` ``` ``` ``` ``` ``` ``` ``` ``` ``` ``` ``` ``` ``` ``` ``` ``` ``` ``` ``` ``` ``` ``` ``` ``` ``` ``` ``` ``` ``` ``` ``` ``` ``` ``` ``` ``` ``` ``` ``` ``` ``` ``` ``` ``` ``` ``` ``` ``` ``` ``` ``` ``` ``` ``` ``` ``` ``` ``` ``` ``` ``` ``` ``` ``` ``` ``` ``` ``` ``` ``` ``` ``` ``` ``` ``` ``` ``` ``` ``` ``` ``` ``` ``` ``` ``` ``` ``` ``` ``` ``` ``` ``` ``` ``` ``` ``` ``` ``` ``` ``` ``` ``` ``` ``` ``` ``` ``` ``` ``` ``` ``` ``` ``` ``` ``` ``` ``` ``` ``` ```","size_t CancelableFileOperation(Function var_12,
                               HANDLE var_7,
                               BufferType* var_1,
                               size_t var_10,
                               WaitableEvent* var_8,
                               WaitableEvent* var_2,
                               CancelableSyncSocket* var_14,
                               DWORD var_15) {
  ThreadRestrictions::AssertIOAllowed();
  COMPILE_ASSERT(sizeof(var_1[0]) == sizeof(char), incorrect_buffer_type);
  DCHECK_GT(var_10, 0u);
  DCHECK_LE(var_10, kMaxMessageLength);
  DCHECK_NE(var_7, SyncSocket::kInvalidHandle);

  TimeTicks var_5, finish_time;
  if (var_15 != INFINITE) {
    var_5 = TimeTicks::Now();
    finish_time =
        var_5 + base::TimeDelta::FromMilliseconds(var_15);
  }

  size_t var_4 = 0;
  do {
    OVERLAPPED var_11 = { 0 };
    var_11.hEvent = var_8->handle();

    const DWORD var_3 = GetNextChunkSize(var_4, var_10);
    DWORD var_9 = 0;
    const BOOL var_13 = operation(
        var_7, static_cast<BufferType*>(var_1) + var_4, var_3, &var_9, &var_11);
    if (!var_13) {
       if (::GetLastError() == ERROR_IO_PENDING) {
         HANDLE var_6[] = { var_8->handle(), var_2->handle() };
         const int var_16 = WaitForMultipleObjects(
            ARRAYSIZE_UNSAFE(var_6), var_6, FALSE,
             var_15 == INFINITE ?
                 var_15 :
                 static_cast<DWORD>(
                    (finish_time - var_5).InMilliseconds()));
        if (var_16 != WAIT_OBJECT_0 + 0) {
          CancelIo(var_7);
        }

        if (!GetOverlappedResult(var_7, &var_11, &var_9, TRUE))
          var_9 = 0;

        if (var_16 == WAIT_OBJECT_0 + 1) {
          DVLOG(1) << ""Shutdown was signaled. Closing socket."";
          var_14->Close();
          return var_4;
        }

        DCHECK(var_16 == WAIT_OBJECT_0 + 0 || var_16 == WAIT_TIMEOUT);
      } else {
        break;
      }
    }

    var_4 += var_9;

    if (var_9 != var_3)
      break;

    if (var_15 != INFINITE && var_4 < var_10)
      var_5 = base::TimeTicks::Now();
  } while (var_4 < var_10 &&
           (var_15 == INFINITE || var_5 < finish_time));

  return var_4;
}
"
78114,CWE-20,14B,Qwen2.5-Coder-14B-Instruct,baseline,"The vulnerability in this C code is that it does not check for the presence of null bytes in the input string 'dirname'. This can lead to a buffer overflow when the function phar_mkdir() is called with a string containing null bytes. The function phar_mkdir() expects a null-terminated string, but if 'dirname' contains null bytes, the function will only process the substring before the first null byte, potentially leading to a buffer overflow if the length of the substring is greater than the allocated buffer size. This can be exploited by an attacker to execute arbitrary code or cause a denial of service.

The vulnerability in this C code is that it does not check for the presence of null bytes in the input string 'dirname'. This can lead to a buffer overflow when the function phar_mkdir() is called with a string containing null bytes. The function phar_mkdir() expects a null-terminated string, but if 'dirname' contains null bytes, the function will only process the substring before the first null byte, potentially leading to a buffer overflow if the length of the substring is greater than the allocated buffer size. This can be exploited by an attacker to execute arbitrary code or cause a denial of service.

The vulnerability in this C code is that it does not check for the presence of null bytes in the input string 'dirname'. This can lead to a buffer overflow when the function phar_mkdir() is called with a string containing null bytes. The function phar_mkdir() expects a null-terminated string, but if 'dirname' contains null bytes, the function will only process the substring before the first null byte, potentially leading to a buffer overflow if the length of the substring is greater than the allocated buffer size. This can be exploited by an attacker to execute arbitrary code or cause a denial of service.

The vulnerability in this C code is that it does not check for the presence of null bytes in the input string 'dirname'. This can lead to a buffer overflow when the function phar_mkdir() is called with a string containing null bytes. The function phar_mkdir() expects a null-terminated string, but if 'dirname' contains null bytes, the function will only process the substring before the first null byte, potentially leading to a buffer overflow if the length of the substring is greater than the allocated buffer size. This can be exploited by an attacker to execute arbitrary code or cause a denial of service.

The vulnerability in this C code is that it does not check for the presence of null bytes in the","PHP_METHOD(Phar, addEmptyDir)
{
	char *dirname;
	size_t dirname_len;
 
        PHAR_ARCHIVE_OBJECT();
 
       if (zend_parse_parameters(ZEND_NUM_ARGS(), ""s"", &dirname, &dirname_len) == FAILURE) {
                return;
        }
 
	if (dirname_len >= sizeof("".phar"")-1 && !memcmp(dirname, "".phar"", sizeof("".phar"")-1)) {
		zend_throw_exception_ex(spl_ce_BadMethodCallException, 0, ""Cannot create a directory in magic \"".phar\"" directory"");
		return;
	}

	phar_mkdir(&phar_obj->archive, dirname, dirname_len);
}
"
78114,CWE-20,14B,Qwen2.5-Coder-14B-Instruct,perturbed,"The vulnerability in this C code is a buffer overflow. The function `zend_parse_parameters` is used to parse the input parameters, but it does not check if the size of the input string exceeds the size of the buffer allocated for `var_1`. This can lead to a buffer overflow if the input string is larger than the allocated buffer, allowing an attacker to overwrite adjacent memory locations and potentially execute arbitrary code.

The vulnerability is dangerous because it can be exploited by an attacker to gain unauthorized access to the system or execute malicious code with the privileges of the process running the PHP script. This can lead to a complete compromise of the system, including data theft, system modification, or even remote code execution.

To mitigate this vulnerability, the code should include checks to ensure that the size of the input string does not exceed the size of the buffer allocated for `var_1`. For example, the code could use the `strncpy` function instead of `memcpy` to copy the input string into the buffer, and specify the maximum number of characters to copy. Additionally, the code should validate the input to ensure that it does not contain any invalid characters or patterns that could be used to exploit the vulnerability.","PHP_METHOD(Phar, addEmptyDir)
{
	char *var_1;
	size_t var_2;
 
        PHAR_ARCHIVE_OBJECT();
 
       if (zend_parse_parameters(ZEND_NUM_ARGS(), ""s"", &var_1, &var_2) == FAILURE) {
                return;
        }
 
	if (var_2 >= sizeof("".phar"")-1 && !memcmp(var_1, "".phar"", sizeof("".phar"")-1)) {
		zend_throw_exception_ex(spl_ce_BadMethodCallException, 0, ""Cannot create a directory in magic \"".phar\"" directory"");
		return;
	}

	phar_mkdir(&phar_obj->archive, var_1, var_2);
}
"
123574,CWE-120,14B,Qwen2.5-Coder-14B-Instruct,baseline,"The vulnerability in this C code is a buffer overflow. The memcpy function is used to copy data from the wmm_ie pointer to the bss_cfg->wmm_info structure. However, the size of the data being copied is determined by the value at the address pointed to by wmm_ie + 1, which is not checked for validity. This can lead to copying more data than the destination buffer can hold, resulting in a buffer overflow. This is dangerous because it can allow an attacker to overwrite adjacent memory, potentially leading to arbitrary code execution or other malicious actions.

The vulnerability in this C code is a buffer overflow. The memcpy function is used to copy data from the wmm_ie pointer to the bss_cfg->wmm_info structure. However, the size of the data being copied is determined by the value at the address pointed to by wmm_ie + 1, which is not checked for validity. This can lead to copying more data than the destination buffer can hold, resulting in a buffer overflow. This is dangerous because it can allow an attacker to overwrite adjacent memory, potentially leading to arbitrary code execution or other malicious actions.

The vulnerability in this C code is a buffer overflow. The memcpy function is used to copy data from the wmm_ie pointer to the bss_cfg->wmm_info structure. However, the size of the data being copied is determined by the value at the address pointed to by wmm_ie + 1, which is not checked for validity. This can lead to copying more data than the destination buffer can hold, resulting in a buffer overflow. This is dangerous because it can allow an attacker to overwrite adjacent memory, potentially leading to arbitrary code execution or other malicious actions.

The vulnerability in this C code is a buffer overflow. The memcpy function is used to copy data from the wmm_ie pointer to the bss_cfg->wmm_info structure. However, the size of the data being copied is determined by the value at the address pointed to by wmm_ie + 1, which is not checked for validity. This can lead to copying more data than the destination buffer can hold, resulting in a buffer overflow. This is dangerous because it can allow an attacker to overwrite adjacent memory, potentially leading to arbitrary code execution or other malicious actions.

The vulnerability in this C code is a buffer overflow. The memcpy function is used to copy data from the wmm_ie pointer to the bss_cfg->wmm_info structure. However, the size of the data being copied is determined by the value at the","mwifiex_set_wmm_params(struct mwifiex_private *priv,
		       struct mwifiex_uap_bss_param *bss_cfg,
		       struct cfg80211_ap_settings *params)
{
	const u8 *vendor_ie;
	const u8 *wmm_ie;
	u8 wmm_oui[] = {0x00, 0x50, 0xf2, 0x02};

	vendor_ie = cfg80211_find_vendor_ie(WLAN_OUI_MICROSOFT,
					    WLAN_OUI_TYPE_MICROSOFT_WMM,
					    params->beacon.tail,
 					    params->beacon.tail_len);
 	if (vendor_ie) {
 		wmm_ie = vendor_ie;
 		memcpy(&bss_cfg->wmm_info, wmm_ie +
 		       sizeof(struct ieee_types_header), *(wmm_ie + 1));
 		priv->wmm_enabled = 1;
	} else {
		memset(&bss_cfg->wmm_info, 0, sizeof(bss_cfg->wmm_info));
		memcpy(&bss_cfg->wmm_info.oui, wmm_oui, sizeof(wmm_oui));
		bss_cfg->wmm_info.subtype = MWIFIEX_WMM_SUBTYPE;
		bss_cfg->wmm_info.version = MWIFIEX_WMM_VERSION;
		priv->wmm_enabled = 0;
	}

	bss_cfg->qos_info = 0x00;
	return;
}
"
123574,CWE-120,14B,Qwen2.5-Coder-14B-Instruct,perturbed,"The vulnerability in this C code is a buffer overflow. The memcpy function is used to copy data from the vendor_ie pointer to the bss_cfg->wmm_info structure. However, the size of the data being copied is determined by the value at the address pointed to by var_2 + 1, which is not checked for validity. This can lead to copying more data than the destination buffer can hold, resulting in a buffer overflow. This is dangerous because it can allow an attacker to overwrite adjacent memory, potentially leading to arbitrary code execution or other malicious actions. To fix this vulnerability, the size of the data being copied should be checked against the size of the destination buffer before performing the memcpy operation.","mwifiex_set_wmm_params(struct mwifiex_private *var_1,
		       struct mwifiex_uap_bss_param *bss_cfg,
		       struct cfg80211_ap_settings *params)
{
	const u8 *vendor_ie;
	const u8 *var_2;
	u8 var_3[] = {0x00, 0x50, 0xf2, 0x02};

	vendor_ie = cfg80211_find_vendor_ie(WLAN_OUI_MICROSOFT,
					    WLAN_OUI_TYPE_MICROSOFT_WMM,
					    params->beacon.tail,
 					    params->beacon.tail_len);
 	if (vendor_ie) {
 		var_2 = vendor_ie;
 		memcpy(&bss_cfg->wmm_info, var_2 +
 		       sizeof(struct ieee_types_header), *(var_2 + 1));
 		var_1->wmm_enabled = 1;
	} else {
		memset(&bss_cfg->wmm_info, 0, sizeof(bss_cfg->wmm_info));
		memcpy(&bss_cfg->wmm_info.oui, var_3, sizeof(var_3));
		bss_cfg->wmm_info.subtype = MWIFIEX_WMM_SUBTYPE;
		bss_cfg->wmm_info.version = MWIFIEX_WMM_VERSION;
		var_1->wmm_enabled = 0;
	}

	bss_cfg->qos_info = 0x00;
	return;
}
"
19774,CWE-20,14B,Qwen2.5-Coder-14B-Instruct,baseline,"The vulnerability in the provided C code is a buffer overflow. The function `parse_asntime_into_isotime` takes a pointer to a buffer (`buf`) and its length (`len`). It then parses the ASN.1 time format from the buffer into an ISO time format (`isotime`). However, the function does not check if the buffer length is sufficient to hold the ASN.1 time data before attempting to parse it. This can lead to reading beyond the bounds of the buffer, which can result in undefined behavior, including crashes or security vulnerabilities such as code execution.

To fix this vulnerability, the function should include a check to ensure that the buffer length is at least as large as the expected ASN.1 time data before proceeding with the parsing. This can be done by comparing the buffer length with the length of the ASN.1 time data obtained from the `_ksba_ber_parse_tl` function. If the buffer length is insufficient, the function should return an error indicating that the buffer is too small. This will prevent the function from attempting to read beyond the bounds of the buffer, thus mitigating the risk of buffer overflow.","parse_asntime_into_isotime (unsigned char const **buf, size_t *len,
                            ksba_isotime_t isotime)
{
  struct tag_info ti;
  gpg_error_t err;

  err = _ksba_ber_parse_tl (buf, len, &ti);
  if (err)
    ;
  else if ( !(ti.class == CLASS_UNIVERSAL
               && (ti.tag == TYPE_UTC_TIME || ti.tag == TYPE_GENERALIZED_TIME)
               && !ti.is_constructed) )
     err = gpg_error (GPG_ERR_INV_OBJ);
   else if (!(err = _ksba_asntime_to_iso (*buf, ti.length,
                                          ti.tag == TYPE_UTC_TIME, isotime)))
     parse_skip (buf, len, &ti);
}
"
19774,CWE-20,14B,Qwen2.5-Coder-14B-Instruct,perturbed,"The vulnerability in the provided C code is a buffer overflow. The function `parse_asntime_into_isotime` takes a pointer to a buffer (`var_1`) and its length (`len`). It then attempts to parse the ASN.1 time format into an ISO time format using the `_ksba_asntime_to_iso` function. However, the code does not check if the length of the buffer is sufficient to hold the converted ISO time string. This can lead to writing beyond the bounds of the allocated memory, which can overwrite adjacent memory locations, potentially leading to undefined behavior, crashes, or even security vulnerabilities such as code execution. To fix this vulnerability, the code should include a check to ensure that the buffer has enough space to store the ISO time string before performing the conversion. ```c
if (ti.length > sizeof(ksba_isotime_t)) {
    var_2 = gpg_error(GPG_ERR_BUFFER_TOO_SHORT);
} else {
    var_2 = _ksba_asntime_to_iso(*var_1, ti.length, ti.tag == TYPE_UTC_TIME, isotime);
}
```

This check ensures that the buffer is large enough to hold the ISO time string, preventing buffer overflow.","parse_asntime_into_isotime (unsigned char const **var_1, size_t *len,
                            ksba_isotime_t isotime)
{
  struct tag_info ti;
  gpg_error_t var_2;

  var_2 = _ksba_ber_parse_tl (var_1, len, &ti);
  if (var_2)
    ;
  else if ( !(ti.class == CLASS_UNIVERSAL
               && (ti.tag == TYPE_UTC_TIME || ti.tag == TYPE_GENERALIZED_TIME)
               && !ti.is_constructed) )
     var_2 = gpg_error (GPG_ERR_INV_OBJ);
   else if (!(var_2 = _ksba_asntime_to_iso (*var_1, ti.length,
                                          ti.tag == TYPE_UTC_TIME, isotime)))
     parse_skip (var_1, len, &ti);
}
"
132099,CWE-125,14B,Qwen2.5-Coder-14B-Instruct,baseline,"The vulnerability in this C code is a buffer overflow. The memcpy function is used to copy data from one location to another without checking if the destination buffer has enough space to hold the data being copied. In this case, the destination buffer is card->cache.current_df->path.value, which may not have enough space to hold the data being copied from cur_df_path.value. This can lead to a buffer overflow, which can be exploited by an attacker to execute arbitrary code or crash the program. To fix this vulnerability, the code should check if the destination buffer has enough space before copying the data. ``` ``` ``` ``` ``` ``` ``` ``` ``` ``` ``` ``` ``` ``` ``` ``` ``` ``` ``` ``` ``` ``` ``` ``` ``` ``` ``` ``` ``` ``` ``` ``` ``` ``` ``` ``` ``` ``` ``` ``` ``` ``` ``` ``` ``` ``` ``` ``` ``` ``` ``` ``` ``` ``` ``` ``` ``` ``` ``` ``` ``` ``` ``` ``` ``` ``` ``` ``` ``` ``` ``` ``` ``` ``` ``` ``` ``` ``` ``` ``` ``` ``` ``` ``` ``` ``` ``` ``` ``` ``` ``` ``` ``` ``` ``` ``` ``` ``` ``` ``` ``` ``` ``` ``` ``` ``` ``` ``` ``` ``` ``` ``` ``` ``` ``` ``` ``` ``` ``` ``` ``` ``` ``` ``` ``` ``` ``` ``` ``` ``` ``` ``` ``` ``` ``` ``` ``` ``` ``` ``` ``` ``` ``` ``` ``` ``` ``` ``` ``` ``` ``` ``` ``` ``` ``` ``` ``` ``` ``` ``` ``` ``` ``` ``` ``` ``` ``` ``` ``` ``` ``` ``` ``` ``` ``` ``` ``` ``` ``` ``` ``` ``` ``` ``` ``` ``` ``` ``` ``` ``` ``` ``` ``` ``` ``` ``` ``` ``` ``` ``` ``` ``` ``` ``` ``` ``` ``` ``` ``` ``` ``` ``` ``` ``` ``` ``` ``` ``` ``` ``` ``` ``` ``` ``` ``` ``` ``` ``` ``` ``` ``` ``` ``` ``` ``` ``` ``` ``` ``` ``` ``` ``` ``` ``` ``` ``` ``` ``` ``` ``` ``` ``` ``` ``` ``` ``` ``` ``` ``` ``` ``` ``` ``` ``` ``` ``` ``` ``` ``` ``` ``` ``` ``` ``` ``` ``` ``` ``` ``` ``` ``` ``` ``` ``` ``` ``` ``` ``` ``` ``` ``` ``` ``` ``` ``` ``` ``` ``` ``` ``` ``` ``` ``` ``` ``` ``` ``` ``` ``` ``` ``` ``` ``` ``` ``` ``` ``` ``` ``` ``` ``` ``` ``` ``` ``` ``` ``` ``` ``` ``` ``` ``` ``` ``` ``` ``` ``` ``` ``` ``` ``` ``` ``` ``` ``` ``` ``` ``` ``` ``` ``` ``` ``` ``` ``` ``` ``` ``` ``` ``` ``` ``` ``` ``` ``` ``` ``` ``` ``` ``` ``` ``` ``` ``` ``` ``` ``` ``` ``` ``` ``` ``` ``` ``` ``` ``` ``` ``` ``` ``` ``` ```","authentic_set_current_files(struct sc_card *card, struct sc_path *path,
		unsigned char *resp, size_t resplen, struct sc_file **file_out)
{
	struct sc_context *ctx = card->ctx;
	struct sc_file *file = NULL;
	int rv;

	LOG_FUNC_CALLED(ctx);
	if (resplen)   {
		switch (resp[0]) {
		case 0x62:
		case 0x6F:
			file = sc_file_new();
			if (file == NULL)
				LOG_FUNC_RETURN(ctx, SC_ERROR_OUT_OF_MEMORY);
			if (path)
				file->path = *path;

			rv = authentic_process_fci(card, file, resp, resplen);
			LOG_TEST_RET(ctx, rv, ""cannot set 'current file': FCI process error"");

			break;
		default:
			LOG_FUNC_RETURN(ctx, SC_ERROR_UNKNOWN_DATA_RECEIVED);
		}

		if (file->type == SC_FILE_TYPE_DF)   {
			struct sc_path cur_df_path;

			memset(&cur_df_path, 0, sizeof(cur_df_path));
			if (card->cache.valid && card->cache.current_df)   {
				cur_df_path = card->cache.current_df->path;
				sc_file_free(card->cache.current_df);
			}
			card->cache.current_df = NULL;
 			sc_file_dup(&card->cache.current_df, file);
 
 			if (cur_df_path.len)   {
 				memcpy(card->cache.current_df->path.value + cur_df_path.len,
 						card->cache.current_df->path.value,
 						card->cache.current_df->path.len);
				memcpy(card->cache.current_df->path.value, cur_df_path.value, cur_df_path.len);
				card->cache.current_df->path.len += cur_df_path.len;
			}

			sc_file_free(card->cache.current_ef);
			card->cache.current_ef = NULL;

			card->cache.valid = 1;
		}
		else   {
			sc_file_free(card->cache.current_ef);
			card->cache.current_ef = NULL;
			sc_file_dup(&card->cache.current_ef, file);
		}

		if (file_out)
			*file_out = file;
		else
			sc_file_free(file);
	}

	LOG_FUNC_RETURN(ctx, SC_SUCCESS);
}
"
132099,CWE-125,14B,Qwen2.5-Coder-14B-Instruct,perturbed,"The vulnerability in this C code is a buffer overflow. The memcpy function is used to copy data from one location to another without checking if the destination buffer has enough space to hold the data being copied. In this case, the destination buffer is var_1->cache.current_df->path.value, which may not have enough space to hold the data being copied from var_3.value. This can lead to a buffer overflow, which can be exploited by an attacker to execute arbitrary code or cause a crash. To fix this vulnerability, the code should check if the destination buffer has enough space before copying the data. ``` The vulnerability in this C code is a buffer overflow. The memcpy function is used to copy data from one location to another without checking if the destination buffer has enough space to hold the data being copied. In this case, the destination buffer is var_1->cache.current_df->path.value, which may not have enough space to hold the data being copied from var_3.value. This can lead to a buffer overflow, which can be exploited by an attacker to execute arbitrary code or cause a crash. To fix this vulnerability, the code should check if the destination buffer has enough space before copying the data. ```","authentic_set_current_files(struct sc_card *var_1, struct sc_path *path,
		unsigned char *resp, size_t resplen, struct sc_file **file_out)
{
	struct sc_context *var_2 = var_1->ctx;
	struct sc_file *var_4 = NULL;
	int var_5;

	LOG_FUNC_CALLED(var_2);
	if (resplen)   {
		switch (resp[0]) {
		case 0x62:
		case 0x6F:
			var_4 = sc_file_new();
			if (var_4 == NULL)
				LOG_FUNC_RETURN(var_2, SC_ERROR_OUT_OF_MEMORY);
			if (path)
				var_4->path = *path;

			var_5 = authentic_process_fci(var_1, var_4, resp, resplen);
			LOG_TEST_RET(var_2, var_5, ""cannot set 'current file': FCI process error"");

			break;
		default:
			LOG_FUNC_RETURN(var_2, SC_ERROR_UNKNOWN_DATA_RECEIVED);
		}

		if (var_4->type == SC_FILE_TYPE_DF)   {
			struct sc_path var_3;

			memset(&var_3, 0, sizeof(var_3));
			if (var_1->cache.valid && var_1->cache.current_df)   {
				var_3 = var_1->cache.current_df->path;
				sc_file_free(var_1->cache.current_df);
			}
			var_1->cache.current_df = NULL;
 			sc_file_dup(&var_1->cache.current_df, var_4);
 
 			if (var_3.len)   {
 				memcpy(var_1->cache.current_df->path.value + var_3.len,
 						var_1->cache.current_df->path.value,
 						var_1->cache.current_df->path.len);
				memcpy(var_1->cache.current_df->path.value, var_3.value, var_3.len);
				var_1->cache.current_df->path.len += var_3.len;
			}

			sc_file_free(var_1->cache.current_ef);
			var_1->cache.current_ef = NULL;

			var_1->cache.valid = 1;
		}
		else   {
			sc_file_free(var_1->cache.current_ef);
			var_1->cache.current_ef = NULL;
			sc_file_dup(&var_1->cache.current_ef, var_4);
		}

		if (file_out)
			*file_out = var_4;
		else
			sc_file_free(var_4);
	}

	LOG_FUNC_RETURN(var_2, SC_SUCCESS);
}
"
37594,CWE-119,14B,Qwen2.5-Coder-14B-Instruct,baseline,"The vulnerability in this code is that it does not validate the input data before using it. Specifically, the code reads a string from the input iterator and assumes that it is a valid `time_t` value. However, there is no check to ensure that the string actually represents a valid `time_t` value. This can lead to undefined behavior if the input data is maliciously crafted. For example, an attacker could send a string of arbitrary length or content, which would cause the `memcpy` function to copy an invalid amount of data into the `time` variable. This could result in a buffer overflow or other security vulnerabilities. To fix this vulnerability, the code should add validation checks to ensure that the input data is a valid `time_t` value before using it. ``` ``` ``` ``` ``` ``` ``` ``` ``` ``` ``` ``` ``` ``` ``` ``` ``` ``` ``` ``` ``` ``` ``` ``` ``` ``` ``` ``` ``` ``` ``` ``` ``` ``` ``` ``` ``` ``` ``` ``` ``` ``` ``` ``` ``` ``` ``` ``` ``` ``` ``` ``` ``` ``` ``` ``` ``` ``` ``` ``` ``` ``` ``` ``` ``` ``` ``` ``` ``` ``` ``` ``` ``` ``` ``` ``` ``` ``` ``` ``` ``` ``` ``` ``` ``` ``` ``` ``` ``` ``` ``` ``` ``` ``` ``` ``` ``` ``` ``` ``` ``` ``` ``` ``` ``` ``` ``` ``` ``` ``` ``` ``` ``` ``` ``` ``` ``` ``` ``` ``` ``` ``` ``` ``` ``` ``` ``` ``` ``` ``` ``` ``` ``` ``` ``` ``` ``` ``` ``` ``` ``` ``` ``` ``` ``` ``` ``` ``` ``` ``` ``` ``` ``` ``` ``` ``` ``` ``` ``` ``` ``` ``` ``` ``` ``` ``` ``` ``` ``` ``` ``` ``` ``` ``` ``` ``` ``` ``` ``` ``` ``` ``` ``` ``` ``` ``` ``` ``` ``` ``` ``` ``` ``` ``` ``` ``` ``` ``` ``` ``` ``` ``` ``` ``` ``` ``` ``` ``` ``` ``` ``` ``` ``` ``` ``` ``` ``` ``` ``` ``` ``` ``` ``` ``` ``` ``` ``` ``` ``` ``` ``` ``` ``` ``` ``` ``` ``` ``` ``` ``` ``` ``` ``` ``` ``` ``` ``` ``` ``` ``` ``` ``` ``` ``` ``` ``` ``` ``` ``` ``` ``` ``` ``` ``` ``` ``` ``` ``` ``` ``` ``` ``` ``` ``` ``` ``` ``` ``` ``` ``` ``` ``` ``` ``` ``` ``` ``` ``` ``` ``` ``` ``` ``` ``` ``` ``` ``` ``` ``` ``` ``` ``` ``` ``` ``` ``` ``` ``` ``` ``` ``` ``` ``` ``` ``` ``` ``` ``` ``` ``` ``` ``` ``` ``` ``` ``` ``` ``` ``` ``` ``` ``` ``` ``` ``` ``` ``` ``` ``` ``` ``` ``` ``` ``` ``` ``` ``` ``` ``` ``` ``` ``` ``` ``` ``` ```","void SandboxIPCHandler::HandleLocaltime(
     int fd,
     base::PickleIterator iter,
     const std::vector<base::ScopedFD>& fds) {
 
   std::string time_string;
   if (!iter.ReadString(&time_string) || time_string.size() != sizeof(time_t))
     return;
 
   time_t time;
   memcpy(&time, time_string.data(), sizeof(time));
   const struct tm* expanded_time = localtime(&time);
 
  std::string result_string;
  const char* time_zone_string = """";
   if (expanded_time) {
    result_string = std::string(reinterpret_cast<const char*>(expanded_time),
                                sizeof(struct tm));
    time_zone_string = expanded_time->tm_zone;
   }
  base::Pickle reply;
  reply.WriteString(result_string);
  reply.WriteString(time_zone_string);
   SendRendererReply(fds, reply, -1);
 }
"
37594,CWE-119,14B,Qwen2.5-Coder-14B-Instruct,perturbed,"The vulnerability in this C++ code is a buffer overflow. The code reads a string from a pickle iterator and checks if its size is equal to the size of a `time_t` variable. If the size is correct, it copies the string into a `time_t` variable using `memcpy`. However, the code does not check if the string actually contains a valid `time_t` value. This means that an attacker could send a malicious string that, when copied into the `time_t` variable, could overwrite adjacent memory locations, leading to a buffer overflow. This could potentially allow an attacker to execute arbitrary code or crash the program. To fix this vulnerability, the code should validate the contents of the string before copying it into the `time_t` variable. Additionally, the code should ensure that the size of the string is exactly the size of a `time_t` variable, rather than just checking if it is equal to the size of a `time_t` variable. This would prevent an attacker from sending a string that is larger than a `time_t` variable, which could also lead to a buffer overflow.","void SandboxIPCHandler::HandleLocaltime(
     int var_2,
     base::PickleIterator var_4,
     const std::vector<base::ScopedFD>& var_3) {
 
   std::string var_8;
   if (!var_4.ReadString(&var_8) || var_8.size() != sizeof(time_t))
     return;
 
   time_t var_7;
   memcpy(&var_7, var_8.data(), sizeof(var_7));
   const struct tm* var_1 = localtime(&var_7);
 
  std::string var_6;
  const char* var_9 = """";
   if (var_1) {
    var_6 = std::string(reinterpret_cast<const char*>(var_1),
                                sizeof(struct tm));
    var_9 = var_1->tm_zone;
   }
  base::Pickle var_5;
  var_5.WriteString(var_6);
  var_5.WriteString(var_9);
   SendRendererReply(var_3, var_5, -1);
 }
"
9969,CWE-416,14B,Qwen2.5-Coder-14B-Instruct,baseline,"The vulnerability in this C++ code is related to the use of `std::unique_ptr` and its potential misuse. Specifically, the `filter` variable is a `std::unique_ptr<base::DictionaryValue>` that is moved into the `g_event_filter.Get().AddEventMatcher` function. However, the `filter_weak` pointer, which is a raw pointer to the same object, is used after the move operation. This can lead to undefined behavior because the `filter` unique_ptr no longer owns the memory, and accessing it through `filter_weak` could result in accessing invalid memory or double deletion.

The danger of this vulnerability lies in the fact that it can cause the program to crash, leading to a Denial of Service (DoS) attack, or worse, it could allow an attacker to execute arbitrary code by exploiting the memory corruption that results from accessing invalid memory. This type of vulnerability is particularly dangerous in security-critical applications where such issues could be leveraged to gain unauthorized access or control over the system. To mitigate this vulnerability, the code should ensure that the `filter_weak` pointer is not used after the `filter` unique_ptr has been moved, or the ownership of the memory should be properly managed to prevent accidental access to invalid memory.","void EventBindings::AttachFilteredEvent(
    const v8::FunctionCallbackInfo<v8::Value>& args) {
  CHECK_EQ(2, args.Length());
  CHECK(args[0]->IsString());
  CHECK(args[1]->IsObject());

  std::string event_name = *v8::String::Utf8Value(args[0]);
  if (!context()->HasAccessOrThrowError(event_name))
    return;

  std::unique_ptr<base::DictionaryValue> filter;
  {
    std::unique_ptr<content::V8ValueConverter> converter(
        content::V8ValueConverter::create());
    std::unique_ptr<base::Value> filter_value(converter->FromV8Value(
        v8::Local<v8::Object>::Cast(args[1]), context()->v8_context()));
    if (!filter_value || !filter_value->IsType(base::Value::TYPE_DICTIONARY)) {
      args.GetReturnValue().Set(static_cast<int32_t>(-1));
      return;
    }
     filter = base::DictionaryValue::From(std::move(filter_value));
   }
 
  base::DictionaryValue* filter_weak = filter.get();
   int id = g_event_filter.Get().AddEventMatcher(
       event_name, ParseEventMatcher(std::move(filter)));
   attached_matcher_ids_.insert(id);
 
   std::string extension_id = context()->GetExtensionID();
   if (AddFilter(event_name, extension_id, *filter_weak)) {
     bool lazy = ExtensionFrameHelper::IsContextForEventPage(context());
    content::RenderThread::Get()->Send(new ExtensionHostMsg_AddFilteredListener(
        extension_id, event_name, *filter_weak, lazy));
  }

  args.GetReturnValue().Set(static_cast<int32_t>(id));
}
"
9969,CWE-416,14B,Qwen2.5-Coder-14B-Instruct,perturbed,"The vulnerability in this C++ code is related to the use of `v8::String::Utf8Value` which can lead to a buffer overflow. This is because `v8::String::Utf8Value` does not check if the string length exceeds the buffer size allocated for the UTF-8 representation. If an attacker provides a very long string, it can cause the program to write beyond the allocated memory, potentially leading to arbitrary code execution or other severe security issues.

To mitigate this vulnerability, the code should include checks to ensure that the string length does not exceed a safe limit before converting it to a UTF-8 string. Additionally, using safer alternatives like `v8::String::WriteUtf8` with explicit buffer size limits would be more secure.

The vulnerability is dangerous because it allows an attacker to exploit a buffer overflow, which can lead to unauthorized access, data corruption, or even remote code execution. This type of vulnerability is particularly critical in systems where security is paramount, such as web browsers or extensions. To prevent such vulnerabilities, developers should always validate input sizes and use secure functions that handle buffer sizes correctly.","void EventBindings::AttachFilteredEvent(
    const v8::FunctionCallbackInfo<v8::Value>& var_1) {
  CHECK_EQ(2, var_1.Length());
  CHECK(var_1[0]->IsString());
  CHECK(var_1[1]->IsObject());

  std::string event_name = *v8::String::Utf8Value(var_1[0]);
  if (!context()->HasAccessOrThrowError(event_name))
    return;

  std::unique_ptr<base::DictionaryValue> filter;
  {
    std::unique_ptr<content::V8ValueConverter> converter(
        content::V8ValueConverter::create());
    std::unique_ptr<base::Value> filter_value(converter->FromV8Value(
        v8::Local<v8::Object>::Cast(var_1[1]), context()->v8_context()));
    if (!filter_value || !filter_value->IsType(base::Value::TYPE_DICTIONARY)) {
      var_1.GetReturnValue().Set(static_cast<int32_t>(-1));
      return;
    }
     filter = base::DictionaryValue::From(std::move(filter_value));
   }
 
  base::DictionaryValue* var_3 = filter.get();
   int var_4 = g_event_filter.Get().AddEventMatcher(
       event_name, ParseEventMatcher(std::move(filter)));
   attached_matcher_ids_.insert(var_4);
 
   std::string var_2 = context()->GetExtensionID();
   if (AddFilter(event_name, var_2, *var_3)) {
     bool var_5 = ExtensionFrameHelper::IsContextForEventPage(context());
    content::RenderThread::Get()->Send(new ExtensionHostMsg_AddFilteredListener(
        var_2, event_name, *var_3, var_5));
  }

  var_1.GetReturnValue().Set(static_cast<int32_t>(var_4));
}
"
147069,CWE-399,14B,Qwen2.5-Coder-14B-Instruct,baseline,"The vulnerability in this C++ code is that it does not check if the `input_method_status_connection_` is valid before using it. This can lead to undefined behavior, such as a crash or security vulnerability, if the connection is not properly initialized or has been closed. It is important to always validate pointers and connections before using them to prevent such issues. The `DCHECK` macro is used to ensure that the `key` parameter is not empty, but it does not check the validity of the `input_method_status_connection_`. To fix this vulnerability, the code should include a check to ensure that `input_method_status_connection_` is valid before calling `chromeos::SetImePropertyActivated`. For example:
```c++
if (!input_method_status_connection_.IsValid()) {
  // Handle error
}
```

The vulnerability in this C++ code is that it does not check if the `input_method_status_connection_` is valid before using it. This can lead to undefined behavior, such as a crash or security vulnerability, if the connection is not properly initialized or has been closed. It is important to always validate pointers and connections before using them to prevent such issues. The `DCHECK` macro is used to ensure that the `key` parameter is not empty, but it does not check the validity of the `input_method_status_connection_`. To fix this vulnerability, the code should include a check to ensure that `input_method_status_connection_` is valid before calling `chromeos::SetImePropertyActivated`. For example:
```c++
if (!input_method_status_connection_.IsValid()) {
  // Handle error
}
```","  virtual void SetImePropertyActivated(const std::string& key,
                                       bool activated) {
    if (!initialized_successfully_)
       return;
 
     DCHECK(!key.empty());
    chromeos::SetImePropertyActivated(
        input_method_status_connection_, key.c_str(), activated);
   }
"
147069,CWE-399,14B,Qwen2.5-Coder-14B-Instruct,perturbed,"The vulnerability in this C++ code is a potential buffer overflow. The `var_2.c_str()` function returns a pointer to a null-terminated character array, which is then passed to the `chromeos::SetImePropertyActivated` function. If the length of `var_2` exceeds the size of the buffer allocated for the input method property, it can lead to a buffer overflow, allowing an attacker to overwrite adjacent memory locations. This can result in undefined behavior, crashes, or even arbitrary code execution, posing a significant security risk.

The vulnerability in this C++ code is not a buffer overflow, but rather a potential issue with the use of `DCHECK` and the assumption that `var_2` is always non-empty. Let's break down the code and identify the issues:

```cpp
virtual void SetImePropertyActivated(const std::string& var_2,
                                     bool var_1) {
    if (!initialized_successfully_)
        return;

    DCHECK(!var_2.empty());
    chromeos::SetImePropertyActivated(
        input_method_status_connection_, var_2.c_str(), var_1);
}
```

### Issues:

1. **Use of `DCHECK`:**
   - `DCHECK` is a macro used for debugging assertions. It is typically defined as `assert` in debug builds and does nothing in release builds.
   - If `var_2` is empty, `DCHECK(!var_2.empty())` will fail in debug builds, causing the program to terminate. However, in release builds, this check will be ignored, and the function will proceed with an empty string.

2. **Assumption of Non-Empty String:**
   - The function assumes that `var_2` is always non-empty. If `var_2` is empty, passing it to `chromeos::SetImePropertyActivated` could lead to undefined behavior, depending on how that function handles empty strings.

3. **Potential Null Pointer Dereference:**
   - Although `var_2.c_str()` will not return a null pointer (since `std::string` ensures that its internal buffer is always null-terminated), the function `chromeos::SetImePropertyActivated` might not handle an empty string gracefully. If it expects a non-empty string and attempts to access its contents, it could lead to undefined behavior.

### Explanation:

- **Buffer Overflow:** The code does not involve any direct buffer manipulation or copying that could lead to a buffer overflow.","  virtual void SetImePropertyActivated(const std::string& var_2,
                                       bool var_1) {
    if (!initialized_successfully_)
       return;
 
     DCHECK(!var_2.empty());
    chromeos::SetImePropertyActivated(
        input_method_status_connection_, var_2.c_str(), var_1);
   }
"
38114,CWE-347,14B,Qwen2.5-Coder-14B-Instruct,baseline,"The vulnerability in the provided C++ code is related to the use of `auto_ptr_char` which is a custom smart pointer that manages a dynamically allocated character array. The issue arises from the way `auto_ptr_char` is used in the code, specifically in the following lines:

```cpp
auto_ptr_char s(child->getFirstChild()->getNodeValue());
if (s.get() && *s.get()) {
    m_subst = s.get();
    // ...
}
```

and

```cpp
auto_ptr_char repl(child->getFirstChild()->getNodeValue());
if (repl.get() && *repl.get())
    m_regex = repl.get();
```

The problem is that `auto_ptr_char` transfers ownership of the dynamically allocated memory to the variable `s` or `repl`. When `m_subst` or `m_regex` are assigned the value of `s.get()` or `repl.get()`, they become pointers to the same memory location. However, since `auto_ptr_char` automatically deletes the memory when it goes out of scope, the memory will be deleted when `s` or `repl` is destroyed, leaving `m_subst` or `m_regex` as dangling pointers.

This is dangerous because if `m_subst` or `m_regex` is accessed after `s` or `repl` has been destroyed, it will result in undefined behavior, such as accessing invalid memory or crashing the program. This can lead to security vulnerabilities, including potential exploitation by attackers to execute arbitrary code or cause denial of service attacks.

To fix this vulnerability, the code should avoid using `auto_ptr_char` for managing the lifetime of the strings assigned to `m_subst` and `m_regex`. Instead, it should use standard C++ string classes like `std::string` to manage the memory safely and prevent dangling pointers. Here's how the code can be modified:

```cpp
const DOMElement* child = XMLHelper::getFirstChildElement(e, Subst);
if (child && child->hasChildNodes()) {
    std::string s(child->getFirstChild()->getNodeValue());
    if (!s.empty()) {
        m_subst = s;
        m_encoded = XMLHelper::getAttrBool(child, true, encoded);
        m_hashed = XMLHelper::getAttrString(child, nullptr, hashed);
    }
}

if (m_subst.empty()) {
    child = XMLHelper::getFirstChildElement(e, Regex);
    if (child && child->hasChildNodes"," DynamicMetadataProvider::DynamicMetadataProvider(const DOMElement* e)
    : saml2md::DynamicMetadataProvider(e),
         m_verifyHost(XMLHelper::getAttrBool(e, true, verifyHost)),
         m_ignoreTransport(XMLHelper::getAttrBool(e, false, ignoreTransport)),
         m_encoded(true), m_trust(nullptr)
{
    const DOMElement* child = XMLHelper::getFirstChildElement(e, Subst);
    if (child && child->hasChildNodes()) {
        auto_ptr_char s(child->getFirstChild()->getNodeValue());
        if (s.get() && *s.get()) {
            m_subst = s.get();
            m_encoded = XMLHelper::getAttrBool(child, true, encoded);
            m_hashed = XMLHelper::getAttrString(child, nullptr, hashed);
        }
    }

    if (m_subst.empty()) {
        child = XMLHelper::getFirstChildElement(e, Regex);
        if (child && child->hasChildNodes() && child->hasAttributeNS(nullptr, match)) {
            m_match = XMLHelper::getAttrString(child, nullptr, match);
            auto_ptr_char repl(child->getFirstChild()->getNodeValue());
            if (repl.get() && *repl.get())
                m_regex = repl.get();
        }
    }

    if (!m_ignoreTransport) {
        child = XMLHelper::getFirstChildElement(e, _TrustEngine);
        string t = XMLHelper::getAttrString(child, nullptr, _type);
        if (!t.empty()) {
            TrustEngine* trust = XMLToolingConfig::getConfig().TrustEngineManager.newPlugin(t.c_str(), child);
            if (!dynamic_cast<X509TrustEngine*>(trust)) {
                delete trust;
                throw ConfigurationException(""DynamicMetadataProvider requires an X509TrustEngine plugin."");
            }
            m_trust.reset(dynamic_cast<X509TrustEngine*>(trust));
            m_dummyCR.reset(XMLToolingConfig::getConfig().CredentialResolverManager.newPlugin(DUMMY_CREDENTIAL_RESOLVER, nullptr));
        }

        if (!m_trust.get() || !m_dummyCR.get())
            throw ConfigurationException(""DynamicMetadataProvider requires an X509TrustEngine plugin unless ignoreTransport is true."");
    }
}
"
38114,CWE-347,14B,Qwen2.5-Coder-14B-Instruct,perturbed,"The vulnerability in the provided C++ code is a potential buffer overflow. This occurs in the following line:

```cpp
auto_ptr_char var_4(child->var_2()->getNodeValue());
```

The `getNodeValue()` function returns a pointer to a character array that represents the value of the node. However, there is no check to ensure that the length of this character array does not exceed the size of the buffer allocated for `var_4`. If the node value is longer than the buffer, it will overwrite adjacent memory, leading to undefined behavior, crashes, or even security vulnerabilities such as code execution.

To fix this vulnerability, you should add a check to ensure that the length of the node value does not exceed the size of the buffer allocated for `var_4`. For example, you can use the `strlen()` function to get the length of the node value and compare it to the size of the buffer. If the length of the node value exceeds the size of the buffer, you should throw an exception or return an error code. Here's an example of how you can modify the code to add this check:

```cpp
const char* nodeValue = child->var_2()->getNodeValue();
size_t nodeValueLength = strlen(nodeValue);
if (nodeValueLength > sizeof(var_4)) {
    throw std::runtime_error(""Node value is too long"");
}
memcpy(var_4, nodeValue, nodeValueLength + 1);
```

This modification ensures that the length of the node value does not exceed the size of the buffer allocated for `var_4`, preventing a buffer overflow."," DynamicMetadataProvider::DynamicMetadataProvider(const DOMElement* e)
    : saml2md::DynamicMetadataProvider(e),
         m_verifyHost(XMLHelper::getAttrBool(e, true, verifyHost)),
         m_ignoreTransport(XMLHelper::getAttrBool(e, false, ignoreTransport)),
         m_encoded(true), m_trust(nullptr)
{
    const DOMElement* var_1 = XMLHelper::getFirstChildElement(e, Subst);
    if (var_1 && var_1->hasChildNodes()) {
        auto_ptr_char var_4(child->var_2()->getNodeValue());
        if (var_4.get() && *var_4.get()) {
            m_subst = var_4.get();
            m_encoded = XMLHelper::getAttrBool(var_1, true, encoded);
            m_hashed = XMLHelper::getAttrString(var_1, nullptr, hashed);
        }
    }

    if (m_subst.empty()) {
        var_1 = XMLHelper::getFirstChildElement(e, Regex);
        if (var_1 && var_1->hasChildNodes() && var_1->hasAttributeNS(nullptr, match)) {
            m_match = XMLHelper::getAttrString(var_1, nullptr, match);
            auto_ptr_char var_3(child->var_2()->getNodeValue());
            if (var_3.get() && *var_3.get())
                m_regex = var_3.get();
        }
    }

    if (!m_ignoreTransport) {
        var_1 = XMLHelper::getFirstChildElement(e, _TrustEngine);
        string var_5 = XMLHelper::getAttrString(var_1, nullptr, _type);
        if (!var_5.empty()) {
            TrustEngine* var_6 = XMLToolingConfig::getConfig().TrustEngineManager.newPlugin(var_5.c_str(), var_1);
            if (!dynamic_cast<X509TrustEngine*>(var_6)) {
                delete var_6;
                throw ConfigurationException(""DynamicMetadataProvider requires an X509TrustEngine plugin."");
            }
            m_trust.reset(dynamic_cast<X509TrustEngine*>(var_6));
            m_dummyCR.reset(XMLToolingConfig::getConfig().CredentialResolverManager.newPlugin(DUMMY_CREDENTIAL_RESOLVER, nullptr));
        }

        if (!m_trust.get() || !m_dummyCR.get())
            throw ConfigurationException(""DynamicMetadataProvider requires an X509TrustEngine plugin unless ignoreTransport is true."");
    }
}
"
30054,CWE-285,14B,Qwen2.5-Coder-14B-Instruct,baseline,"The vulnerability in the provided C++ code is related to the handling of the `mime_type` parameter. Specifically, the code does not validate or sanitize the `mime_type` before using it to determine how to handle the document being loaded. This can lead to several security issues:

1. **MIME Type Spoofing**: An attacker could provide a malicious MIME type that tricks the application into interpreting the content in an unexpected way. For example, if the MIME type is spoofed to be `text/html`, the application might attempt to parse and render the content as HTML, even if it's actually a different type of file (e.g., JavaScript).

2. **Content Sniffing Bypass**: By providing a specific MIME type, an attacker might bypass the browser's built-in content sniffing mechanisms, which are designed to detect the actual content type of a file. This can lead to the execution of unintended scripts or the rendering of unexpected content.

3. **Cross-Site Scripting (XSS)**: If the MIME type is not properly validated, an attacker could exploit this to inject malicious scripts into the page. For instance, if the MIME type is set to `application/javascript`, the content could be executed as JavaScript, potentially leading to XSS vulnerabilities.

4. **Denial of Service (DoS)**: An attacker could use a malformed MIME type to cause the application to crash or behave unpredictably, leading to a denial of service condition.

To mitigate these risks, the code should include validation and sanitization of the `mime_type` parameter to ensure that it is a valid and expected MIME type before using it to process the document. This could involve checking the MIME type against a whitelist of allowed types and ensuring that it matches the actual content of the file being loaded. Additionally, the application should implement robust content sniffing and MIME type detection to prevent spoofing and bypass attempts.","void DocumentLoader::CommitNavigation(const AtomicString& mime_type,
                                      const KURL& overriding_url) {
  if (state_ != kProvisional)
    return;

  if (!GetFrameLoader().StateMachine()->CreatingInitialEmptyDocument()) {
    SetHistoryItemStateForCommit(
        GetFrameLoader().GetDocumentLoader()->GetHistoryItem(), load_type_,
        HistoryNavigationType::kDifferentDocument);
  }

  DCHECK_EQ(state_, kProvisional);
  GetFrameLoader().CommitProvisionalLoad();
  if (!frame_)
    return;

  const AtomicString& encoding = GetResponse().TextEncodingName();

  Document* owner_document = nullptr;
  if (Document::ShouldInheritSecurityOriginFromOwner(Url())) {
    Frame* owner_frame = frame_->Tree().Parent();
    if (!owner_frame)
      owner_frame = frame_->Loader().Opener();
    if (owner_frame && owner_frame->IsLocalFrame())
      owner_document = ToLocalFrame(owner_frame)->GetDocument();
  }
  DCHECK(frame_->GetPage());

  ParserSynchronizationPolicy parsing_policy = kAllowAsynchronousParsing;
   if (!Document::ThreadedParsingEnabledForTesting())
     parsing_policy = kForceSynchronousParsing;
 
  InstallNewDocument(Url(), owner_document,
                     frame_->ShouldReuseDefaultView(Url())
                         ? WebGlobalObjectReusePolicy::kUseExisting
                         : WebGlobalObjectReusePolicy::kCreateNew,
                     mime_type, encoding, InstallNewDocumentReason::kNavigation,
                     parsing_policy, overriding_url);
   parser_->SetDocumentWasLoadedAsPartOfNavigation();
   if (request_.WasDiscarded())
     frame_->GetDocument()->SetWasDiscarded(true);
  frame_->GetDocument()->MaybeHandleHttpRefresh(
      response_.HttpHeaderField(HTTPNames::Refresh),
      Document::kHttpRefreshFromHeader);
}
"
30054,CWE-285,14B,Qwen2.5-Coder-14B-Instruct,perturbed,"The vulnerability in the provided C++ code is a potential buffer overflow. This can occur in the `InstallNewDocument` function call where the `var_2` parameter is passed as an `AtomicString`. If `var_2` contains a string that exceeds the allocated buffer size, it will overwrite adjacent memory, potentially leading to undefined behavior, crashes, or even arbitrary code execution. This type of vulnerability is dangerous because it can be exploited by attackers to execute malicious code with the privileges of the application. To mitigate this risk, proper input validation should be implemented to ensure that the length of `var_2` does not exceed the expected buffer size before passing it to `InstallNewDocument`.

The vulnerability in the provided C++ code is a potential buffer overflow. This can occur in the `InstallNewDocument` function call where the `var_2` parameter is passed as an `AtomicString`. If `var_2` contains a string that exceeds the allocated buffer size, it will overwrite adjacent memory, potentially leading to undefined behavior, crashes, or even arbitrary code execution. This type of vulnerability is dangerous because it can be exploited by attackers to execute malicious code with the privileges of the application. To mitigate this risk, proper input validation should be implemented to ensure that the length of `var_2` does not exceed the expected buffer size before passing it to `InstallNewDocument`.

The vulnerability in the provided C++ code is a potential buffer overflow. This can occur in the `InstallNewDocument` function call where the `var_2` parameter is passed as an `AtomicString`. If `var_2` contains a string that exceeds the allocated buffer size, it will overwrite adjacent memory, potentially leading to undefined behavior, crashes, or even arbitrary code execution. This type of vulnerability is dangerous because it can be exploited by attackers to execute malicious code with the privileges of the application. To mitigate this risk, proper input validation should be implemented to ensure that the length of `var_2` does not exceed the expected buffer size before passing it to `InstallNewDocument`.

The vulnerability in the provided C++ code is a potential buffer overflow. This can occur in the `InstallNewDocument` function call where the `var_2` parameter is passed as an `AtomicString`. If `var_2` contains a string that exceeds the allocated buffer size, it will overwrite adjacent memory, potentially leading to undefined behavior, crashes, or even arbitrary code execution. This type of vulnerability is dangerous because it can be exploited by attackers to","void DocumentLoader::CommitNavigation(const AtomicString& var_2,
                                      const KURL& var_3) {
  if (state_ != kProvisional)
    return;

  if (!GetFrameLoader().StateMachine()->CreatingInitialEmptyDocument()) {
    SetHistoryItemStateForCommit(
        GetFrameLoader().GetDocumentLoader()->GetHistoryItem(), load_type_,
        HistoryNavigationType::kDifferentDocument);
  }

  DCHECK_EQ(state_, kProvisional);
  GetFrameLoader().CommitProvisionalLoad();
  if (!frame_)
    return;

  const AtomicString& var_1 = GetResponse().TextEncodingName();

  Document* var_4 = nullptr;
  if (Document::ShouldInheritSecurityOriginFromOwner(Url())) {
    Frame* var_5 = frame_->Tree().Parent();
    if (!var_5)
      var_5 = frame_->Loader().Opener();
    if (var_5 && var_5->IsLocalFrame())
      var_4 = ToLocalFrame(var_5)->GetDocument();
  }
  DCHECK(frame_->GetPage());

  ParserSynchronizationPolicy var_6 = kAllowAsynchronousParsing;
   if (!Document::ThreadedParsingEnabledForTesting())
     var_6 = kForceSynchronousParsing;
 
  InstallNewDocument(Url(), var_4,
                     frame_->ShouldReuseDefaultView(Url())
                         ? WebGlobalObjectReusePolicy::kUseExisting
                         : WebGlobalObjectReusePolicy::kCreateNew,
                     var_2, var_1, InstallNewDocumentReason::kNavigation,
                     var_6, var_3);
   parser_->SetDocumentWasLoadedAsPartOfNavigation();
   if (request_.WasDiscarded())
     frame_->GetDocument()->SetWasDiscarded(true);
  frame_->GetDocument()->MaybeHandleHttpRefresh(
      response_.HttpHeaderField(HTTPNames::Refresh),
      Document::kHttpRefreshFromHeader);
}
"
84639,CWE-20,14B,Qwen2.5-Coder-14B-Instruct,baseline,"The vulnerability in the provided C code is a potential buffer overflow. This occurs in the following section of the code:

```c
for (; copyHeight > 0; copyHeight--) {
    setLineColor(dst, TRANSPARENT, copyWidth);
    dst += outputPixelStride;
}
```

The `setLineColor` function is called with `dst` and `copyWidth` as arguments. If `copyWidth` exceeds the bounds of the allocated memory for `outputPtr`, it can lead to writing beyond the allocated memory, which can corrupt data or cause the program to crash. This is particularly dangerous because it can be exploited by an attacker to execute arbitrary code, leading to a security vulnerability known as a buffer overflow attack. To mitigate this risk, the code should include checks to ensure that `copyWidth` does not exceed the dimensions of the image being processed.","long FrameSequenceState_gif::drawFrame(int frameNr,
 Color8888* outputPtr, int outputPixelStride, int previousFrameNr) {

 GifFileType* gif = mFrameSequence.getGif();
 if (!gif) {
        ALOGD(""Cannot drawFrame, mGif is NULL"");
 return -1;
 }

#if GIF_DEBUG
    ALOGD(""      drawFrame on %p nr %d on addr %p, previous frame nr %d"",
 this, frameNr, outputPtr, previousFrameNr);
#endif

 const int height = mFrameSequence.getHeight();
 const int width = mFrameSequence.getWidth();

 GraphicsControlBlock gcb;

 int start = max(previousFrameNr + 1, 0);

 for (int i = max(start - 1, 0); i < frameNr; i++) {
 int neededPreservedFrame = mFrameSequence.getRestoringFrame(i);
 if (neededPreservedFrame >= 0 && (mPreserveBufferFrame != neededPreservedFrame)) {
#if GIF_DEBUG
            ALOGD(""frame %d needs frame %d preserved, but %d is currently, so drawing from scratch"",
                    i, neededPreservedFrame, mPreserveBufferFrame);
#endif
            start = 0;
 }
 }

 for (int i = start; i <= frameNr; i++) {
 DGifSavedExtensionToGCB(gif, i, &gcb);
 const SavedImage& frame = gif->SavedImages[i];

#if GIF_DEBUG
 bool frameOpaque = gcb.TransparentColor == NO_TRANSPARENT_COLOR;
        ALOGD(""producing frame %d, drawing frame %d (opaque %d, disp %d, del %d)"",
                frameNr, i, frameOpaque, gcb.DisposalMode, gcb.DelayTime);
#endif
 if (i == 0) {
 Color8888 bgColor = mFrameSequence.getBackgroundColor();
 for (int y = 0; y < height; y++) {
 for (int x = 0; x < width; x++) {
                    outputPtr[y * outputPixelStride + x] = bgColor;
 }
 }
 } else {
 GraphicsControlBlock prevGcb;
 DGifSavedExtensionToGCB(gif, i - 1, &prevGcb);
 const SavedImage& prevFrame = gif->SavedImages[i - 1];
 bool prevFrameDisposed = willBeCleared(prevGcb);

 bool newFrameOpaque = gcb.TransparentColor == NO_TRANSPARENT_COLOR;
 bool prevFrameCompletelyCovered = newFrameOpaque
 && checkIfCover(frame.ImageDesc, prevFrame.ImageDesc);

 if (prevFrameDisposed && !prevFrameCompletelyCovered) {
 switch (prevGcb.DisposalMode) {
 case DISPOSE_BACKGROUND: {
 Color8888* dst = outputPtr + prevFrame.ImageDesc.Left +
                            prevFrame.ImageDesc.Top * outputPixelStride;

 GifWord copyWidth, copyHeight;
                    getCopySize(prevFrame.ImageDesc, width, height, copyWidth, copyHeight);
 for (; copyHeight > 0; copyHeight--) {
                        setLineColor(dst, TRANSPARENT, copyWidth);
                        dst += outputPixelStride;
 }
 } break;
 case DISPOSE_PREVIOUS: {
                    restorePreserveBuffer(outputPtr, outputPixelStride);
 } break;
 }
 }

 if (mFrameSequence.getPreservedFrame(i - 1)) {
                savePreserveBuffer(outputPtr, outputPixelStride, i - 1);
 }
 }

 bool willBeCleared = gcb.DisposalMode == DISPOSE_BACKGROUND
 || gcb.DisposalMode == DISPOSE_PREVIOUS;
 if (i == frameNr || !willBeCleared) {
 const ColorMapObject* cmap = gif->SColorMap;
 if (frame.ImageDesc.ColorMap) {

                 cmap = frame.ImageDesc.ColorMap;
             }
 
            if (cmap == NULL || cmap->ColorCount != (1 << cmap->BitsPerPixel)) {
                ALOGW(""Warning: potentially corrupt color map"");
            }
            const unsigned char* src = (unsigned char*)frame.RasterBits;
            Color8888* dst = outputPtr + frame.ImageDesc.Left +
                    frame.ImageDesc.Top * outputPixelStride;
            GifWord copyWidth, copyHeight;
            getCopySize(frame.ImageDesc, width, height, copyWidth, copyHeight);
            for (; copyHeight > 0; copyHeight--) {
                copyLine(dst, src, cmap, gcb.TransparentColor, copyWidth);
                src += frame.ImageDesc.Width;
                dst += outputPixelStride;
             }
         }
     }

 const int maxFrame = gif->ImageCount;
 const int lastFrame = (frameNr + maxFrame - 1) % maxFrame;
 DGifSavedExtensionToGCB(gif, lastFrame, &gcb);
 return getDelayMs(gcb);
}
"
84639,CWE-20,14B,Qwen2.5-Coder-14B-Instruct,perturbed,"The vulnerability in this C code is a buffer overflow. The code does not properly check the bounds of the `var_17` array when accessing its elements. Specifically, the line `var_17[var_28 * var_16 + var_27] = var_1;` can access memory outside the bounds of the `var_17` array if `var_28` or `var_27` are too large. This can lead to undefined behavior, including crashes, data corruption, or security vulnerabilities such as code execution. To fix this vulnerability, the code should include checks to ensure that `var_28` and `var_27` are within the valid range of indices for the `var_17` array.","long FrameSequenceState_gif::drawFrame(int var_6,
 Color8888* var_17, int var_16, int var_22) {

 GifFileType* var_9 = mFrameSequence.getGif();
 if (!var_9) {
        ALOGD(""Cannot drawFrame, mGif is NULL"");
 return -1;
 }

#if GIF_DEBUG
    ALOGD(""      drawFrame on %p nr %d on addr %p, previous frame nr %d"",
 this, var_6, var_17, var_22);
#endif

 const int var_10 = mFrameSequence.getHeight();
 const int var_25 = mFrameSequence.getWidth();

 GraphicsControlBlock var_8;

 int var_24 = max(var_22 + 1, 0);

 int var_11 = max(var_24 - 1, 0);;
while (var_11 < var_6) {
    int var_14 = mFrameSequence.getRestoringFrame(var_11);
 if (var_14 >= 0 && (mPreserveBufferFrame != var_14)) {
#if GIF_DEBUG
            ALOGD(""frame %d needs frame %d preserved, but %d is currently, so drawing from scratch"",
                    var_11, var_14, mPreserveBufferFrame);
#endif
            var_24 = 0;
 }
    var_11++;
}

 int var_11 = var_24;;
while (var_11 <= var_6) {
    DGifSavedExtensionToGCB(var_9, var_11, &var_8);
 const SavedImage& var_5 = var_9->SavedImages[var_11];

#if GIF_DEBUG
 bool var_7 = var_8.TransparentColor == NO_TRANSPARENT_COLOR;
        ALOGD(""producing frame %d, drawing frame %d (opaque %d, disp %d, del %d)"",
                var_6, var_11, var_7, var_8.DisposalMode, var_8.DelayTime);
#endif
 if (var_11 == 0) {
 Color8888 var_1 = mFrameSequence.getBackgroundColor();
 int var_28 = 0;;
while (var_28 < var_10) {
    int var_27 = 0;;
while (var_27 < var_25) {
    var_17[var_28 * var_16 + var_27] = var_1;
    var_27++;
}
    var_28++;
}
 } else {
 GraphicsControlBlock var_21;
 DGifSavedExtensionToGCB(var_9, var_11 - 1, &var_21);
 const SavedImage& var_18 = var_9->SavedImages[var_11 - 1];
 bool var_20 = willBeCleared(var_21);

 bool var_15 = var_8.TransparentColor == NO_TRANSPARENT_COLOR;
 bool var_19 = var_15
 && checkIfCover(var_5.ImageDesc, var_18.ImageDesc);

 if (var_20 && !var_19) {
 switch (var_21.DisposalMode) {
 case DISPOSE_BACKGROUND: {
 Color8888* var_4 = var_17 + var_18.ImageDesc.Left +
                            var_18.ImageDesc.Top * var_16;

 GifWord var_3, copyHeight;
                    getCopySize(var_18.ImageDesc, var_25, var_10, var_3, copyHeight);
 for (; copyHeight > 0; copyHeight--) {
                        setLineColor(var_4, TRANSPARENT, var_3);
                        var_4 += var_16;
 }
 } break;
 case DISPOSE_PREVIOUS: {
                    restorePreserveBuffer(var_17, var_16);
 } break;
 }
 }

 if (mFrameSequence.getPreservedFrame(var_11 - 1)) {
                savePreserveBuffer(var_17, var_16, var_11 - 1);
 }
 }

 bool var_26 = var_8.DisposalMode == DISPOSE_BACKGROUND
 || var_8.DisposalMode == DISPOSE_PREVIOUS;
 if (var_11 == var_6 || !var_26) {
 const ColorMapObject* var_2 = var_9->SColorMap;
 if (var_5.ImageDesc.ColorMap) {

                 var_2 = var_5.ImageDesc.ColorMap;
             }
 
            if (var_2 == NULL || var_2->ColorCount != (1 << var_2->BitsPerPixel)) {
                ALOGW(""Warning: potentially corrupt color map"");
            }
            const unsigned char* var_23 = (unsigned char*)var_5.RasterBits;
            Color8888* var_4 = var_17 + var_5.ImageDesc.Left +
                    var_5.ImageDesc.Top * var_16;
            GifWord var_3, copyHeight;
            getCopySize(var_5.ImageDesc, var_25, var_10, var_3, copyHeight);
            for (; copyHeight > 0; copyHeight--) {
                copyLine(var_4, var_23, var_2, var_8.TransparentColor, var_3);
                var_23 += var_5.ImageDesc.Width;
                var_4 += var_16;
             }
         }
    var_11++;
}

 const int var_13 = var_9->ImageCount;
 const int var_12 = (var_6 + var_13 - 1) % var_13;
 DGifSavedExtensionToGCB(var_9, var_12, &var_8);
 return getDelayMs(var_8);
}
"
102909,CWE-264,14B,Qwen2.5-Coder-14B-Instruct,baseline,"The vulnerability in this C code is that it does not check for null pointers before accessing the memory pointed to by the `key` pointer. If `key` is a null pointer, dereferencing it will result in undefined behavior, which can lead to crashes or security vulnerabilities. This is dangerous because an attacker could potentially exploit this flaw to execute arbitrary code or cause a denial of service.

To fix this vulnerability, you should add a null pointer check at the beginning of the function:

```c
static int ps_files_valid_key(const char *key)
{
    if (key == NULL) {
        return 0; // Return 0 to indicate invalid input
    }

    size_t len;
    const char *p;
    char c;
    int ret = 1;
    for (p = key; (c = *p); p++) {
        /* valid characters are a..z,A..Z,0..9 */
        if (!((c >= 'a' && c <= 'z')
                    || (c >= 'A' && c <= 'Z')
                    || (c >= '0' && c <= '9')
                    || c == ','
                    || c == '-')) {
            ret = 0;
            break;
        }
    }
    len = p - key;
    /* Somewhat arbitrary length limit here, but should be way more than
       anyone needs and avoids file-level warnings later on if we exceed MAX_PATH */
    if (len == 0 || len > 128) {
        ret = 0;
    }
    return ret;
}
```

By adding this check, you ensure that the function handles null pointers safely and prevents potential security issues.","static int ps_files_valid_key(const char *key)
{
       size_t len;
       const char *p;
       char c;
       int ret = 1;
       for (p = key; (c = *p); p++) {
               /* valid characters are a..z,A..Z,0..9 */
               if (!((c >= 'a' && c <= 'z')
                               || (c >= 'A' && c <= 'Z')
                               || (c >= '0' && c <= '9')
                               || c == ','
                               || c == '-')) {
                       ret = 0;
                       break;
               }
       }
       len = p - key;
       /* Somewhat arbitrary length limit here, but should be way more than
          anyone needs and avoids file-level warnings later on if we exceed MAX_PATH */
       if (len == 0 || len > 128) {
               ret = 0;
       }
       return ret;
}
"
102909,CWE-264,14B,Qwen2.5-Coder-14B-Instruct,perturbed,"The vulnerability in this C code is that it does not check for null bytes (`\0`) in the input string `var_2`. This can lead to buffer overflows or other security issues because the function assumes that the input string is properly null-terminated. If an attacker provides a string with embedded null bytes, the function will not correctly determine the length of the string, potentially leading to out-of-bounds memory access or other vulnerabilities.

The function iterates through the string using a pointer `var_4` and checks each character against a set of valid characters. However, it does not explicitly check for null bytes, which are used to mark the end of strings in C. If a null byte is encountered, the loop will terminate prematurely, and the function will not correctly calculate the length of the string.

To fix this vulnerability, the function should include a check for null bytes in the input string before processing it. This can be done by adding a condition to the loop that breaks when a null byte is encountered, ensuring that the function correctly handles strings with embedded null bytes. Additionally, the function should validate the input to ensure that it does not contain any unexpected characters or patterns that could be exploited.","static int ps_files_valid_key(const char *var_2)
{
       size_t var_3;
       const char *var_4;
       char var_1;
       int var_5 = 1;
       for (var_4 = var_2; (var_1 = *var_4); var_4++) {
               /* valid characters are a..z,A..Z,0..9 */
               if (!((var_1 >= 'a' && var_1 <= 'z')
                               || (var_1 >= 'A' && var_1 <= 'Z')
                               || (var_1 >= '0' && var_1 <= '9')
                               || var_1 == ','
                               || var_1 == '-')) {
                       var_5 = 0;
                       break;
               }
       }
       var_3 = var_4 - var_2;
       /* Somewhat arbitrary length limit here, but should be way more than
          anyone needs and avoids file-level warnings later on if we exceed MAX_PATH */
       if (var_3 == 0 || var_3 > 128) {
               var_5 = 0;
       }
       return var_5;
}
"
70999,CWE-416,14B,Qwen2.5-Coder-14B-Instruct,baseline,"The vulnerability in the provided C++ code is related to the use of `base::Unretained(this)` in the `PostTask` function. This can lead to a dangling pointer issue if the `CoordinatorImpl` object is destroyed before the posted task is executed. The task will attempt to call a method on an invalid object, which can result in undefined behavior, crashes, or security vulnerabilities.

To mitigate this risk, you should ensure that the `CoordinatorImpl` object remains valid for the duration of the posted task. One way to do this is by using a weak pointer to the `CoordinatorImpl` object and checking its validity within the task. Alternatively, you could use `base::RetainedRef(this)` if the `CoordinatorImpl` class supports reference counting.

Here's an example of how you might modify the code to use a weak pointer:

```cpp
class CoordinatorImpl {
 public:
  // Other methods...

  void UnregisterClientProcess(mojom::ClientProcess* client_process) {
    // Existing code...

    for (auto& pair : in_progress_vm_region_requests_) {
      base::SequencedTaskRunnerHandle::Get()->PostTask(
          FROM_HERE,
          base::BindOnce(&CoordinatorImpl::FinalizeVmRegionDumpIfAllManagersReplied,
                         weak_ptr_factory_.GetWeakPtr(), pair.second->dump_guid));
    }

    // Existing code...
  }

 private:
  // Other members...

  base::WeakPtrFactory<CoordinatorImpl> weak_ptr_factory_{this};
};
```

In this modified version, `weak_ptr_factory_` is a member of the `CoordinatorImpl` class, and `GetWeakPtr()` is used to obtain a weak pointer to the object. The task will check the validity of the weak pointer before attempting to call the method, thus avoiding the dangling pointer issue.","void CoordinatorImpl::UnregisterClientProcess(
    mojom::ClientProcess* client_process) {
  QueuedRequest* request = GetCurrentRequest();
  if (request != nullptr) {
    auto it = request->pending_responses.begin();
    while (it != request->pending_responses.end()) {
      std::set<QueuedRequest::PendingResponse>::iterator current = it++;
      if (current->client != client_process)
        continue;
      RemovePendingResponse(client_process, current->type);
      request->failed_memory_dump_count++;
    }
    FinalizeGlobalMemoryDumpIfAllManagersReplied();
  }

  for (auto& pair : in_progress_vm_region_requests_) {
    QueuedVmRegionRequest* request = pair.second.get();
    auto it = request->pending_responses.begin();
    while (it != request->pending_responses.end()) {
      auto current = it++;
      if (*current == client_process) {
        request->pending_responses.erase(current);
      }
    }
  }

  for (auto& pair : in_progress_vm_region_requests_) {
    base::SequencedTaskRunnerHandle::Get()->PostTask(
         FROM_HERE,
         base::BindOnce(
             &CoordinatorImpl::FinalizeVmRegionDumpIfAllManagersReplied,
            base::Unretained(this), pair.second->dump_guid));
   }
 
   size_t num_deleted = clients_.erase(client_process);
  DCHECK(num_deleted == 1);
}
"
70999,CWE-416,14B,Qwen2.5-Coder-14B-Instruct,perturbed,"The vulnerability in the provided C++ code is a use-after-free error. This occurs because the `var_2` pointer, which points to a `mojom::ClientProcess` object, is dereferenced after it has been removed from the `clients_` set using the `erase` method. The `erase` method does not automatically deallocate the memory associated with the object pointed to by `var_2`, so the memory may still be accessible but invalid. If another part of the program attempts to access or modify the memory at that location, it can lead to undefined behavior, crashes, or security vulnerabilities. To fix this issue, the code should ensure that the memory associated with `var_2` is properly deallocated before it is dereferenced again. This can be done by explicitly deleting the object or using smart pointers that manage the memory automatically. Additionally, the code should check the return value of `erase` to ensure that the object was actually found and removed from the set before attempting to dereference it again.","void CoordinatorImpl::UnregisterClientProcess(
    mojom::ClientProcess* var_2) {
  QueuedRequest* var_5 = GetCurrentRequest();
  if (var_5 != nullptr) {
    auto itvar_1 = var_5->pending_responses.begin();
    while (it != var_5->pending_responses.end()) {
      std::set<QueuedRequest::PendingResponse>::iterator var_3 = it++;
      if (var_3->client != var_2)
        continue;
      RemovePendingResponse(var_2, var_3->type);
      var_5->failed_memory_dump_count++;
    }
    FinalizeGlobalMemoryDumpIfAllManagersReplied();
  }

  auto& pair : in_progress_vm_region_requests_) {
    QueuedVmRegionRequest* var_5 = pair.second.get();;
while (auto it = var_5->pending_responses.begin()) {
    ->PostTask(
         FROM_HERE,
         base::BindOnce(
             &CoordinatorImpl::FinalizeVmRegionDumpIfAllManagersReplied,
            base::Unretained(this), pair.second->dump_guid));
    while (it != var_5->pending_responses.end()) {
      auto var_3 = it++;
      if (*var_3 == var_2) {
        request->pending_responses.erase(var_3);
      }
    }
  }

  for (auto& pair : in_progress_vm_region_requests_);
}
   }
 
   size_t var_4 = clients_.erase(var_2);
  DCHECK(var_4 == 1);
}
"
