index,original_index,cwe,persona,model_tier,model_id,generated_explanation,adheres_to_schema,instructional_drift,code_used
57080,57080,CWE-476,formal,14B,Qwen2.5-Coder-14B-Instruct,"VULNERABILITY: CWE-120: Buffer Copy Without Checking Size

ANALYSIS: The function `xkb_atom_text` is called without checking if the returned pointer fits into the buffer allocated for `*elem_rtrn` and `*field_rtrn`. This can lead to buffer overflow if the atom text is longer than the allocated buffer size.

IMPACT: An attacker could exploit this vulnerability to execute arbitrary code with the privileges of the process running the program, leading to potential system compromise.",True,False,"ExprResolveLhs(struct xkb_context *ctx, const ExprDef *expr,
               const char **elem_rtrn, const char **field_rtrn,
               ExprDef **index_rtrn)
{
    switch (expr->expr.op) {
    case EXPR_IDENT:
        *elem_rtrn = NULL;
        *field_rtrn = xkb_atom_text(ctx, expr->ident.ident);
        *index_rtrn = NULL;
        return (*field_rtrn != NULL);
    case EXPR_FIELD_REF:
         *elem_rtrn = xkb_atom_text(ctx, expr->field_ref.element);
         *field_rtrn = xkb_atom_text(ctx, expr->field_ref.field);
         *index_rtrn = NULL;
        return true;
     case EXPR_ARRAY_REF:
         *elem_rtrn = xkb_atom_text(ctx, expr->array_ref.element);
         *field_rtrn = xkb_atom_text(ctx, expr->array_ref.field);
         *index_rtrn = expr->array_ref.entry;
         return true;
     default:
         break;
    }
    log_wsgo(ctx, ""Unexpected operator %d in ResolveLhs\n"", expr->expr.op);
    return false;
}
"
47180,47180,CWE-189,formal,14B,Qwen2.5-Coder-14B-Instruct,"break;
  }

}


Provide your analysis below:
assistant
VULNERABILITY: CWE-121: Stack-based Buffer Overflow
ANALYSIS: The function `getGrayLine` allocates memory for `tmp_line` using `gmalloc`, but it does not check if the allocation was successful. If `gmalloc` fails to allocate the required memory, `tmp_line` will be `NULL`, leading to a buffer overflow when accessing `tmp_line[i * nComps2 + j]`.
IMPACT: An attacker could exploit this vulnerability to execute arbitrary code with the privileges of the process running the program, potentially leading to a complete system compromise.",True,True,"void GfxImageColorMap::getGrayLine(Guchar *in, Guchar *out, int length) {
  int i, j;
  Guchar *inp, *tmp_line;

   switch (colorSpace->getMode()) {
   case csIndexed:
   case csSeparation:
    tmp_line = (Guchar *) gmalloc (length * nComps2);
     for (i = 0; i < length; i++) {
       for (j = 0; j < nComps2; j++) {
 	tmp_line[i * nComps2 + j] = byte_lookup[in[i] * nComps2 + j];
      }
    }
    colorSpace2->getGrayLine(tmp_line, out, length);
    gfree (tmp_line);
    break;

  default:
    inp = in;
    for (j = 0; j < length; j++)
      for (i = 0; i < nComps; i++) {
	*inp = byte_lookup[*inp * nComps + i];
	inp++;
      }
    colorSpace->getGrayLine(in, out, length);
    break;
  }

}
"
120830,120830,CWE-125,formal,14B,Qwen2.5-Coder-14B-Instruct,"->endian);
	value_count = iw_get_ui32_e(&e->d[tag_pos+4],e->endian);
 
 	if(value_count!=1) return 0;
 
 	if(field_type==3) { // SHORT (uint16)
		*pv = iw_get_ui16_e(&e->d[tag_pos+8],e->endian);
 		return 1;
 	}
 	else if(field_type==4) { // LONG (uint32)
		*pv = iw_get_ui32_e(&e->d[tag_pos+8],e->endian);
 		return 1;
 	}
 
	return 0;
}


Provide your analysis below:
assistant
VULNERABILITY: CWE-125: Out-of-bounds Read

ANALYSIS: The function reads data from the `e->d` array at positions `tag_pos+2`, `tag_pos+4`, and `tag_pos+8`. If `tag_pos` is not properly validated, it could lead to reading out-of-bounds memory, potentially accessing uninitialized or sensitive data.

IMPACT: An attacker could exploit this vulnerability to read arbitrary memory contents, leading to information disclosure or potential further exploitation.",True,True," static int get_exif_tag_int_value(struct iw_exif_state *e, unsigned int tag_pos,
	unsigned int *pv)
{
 	unsigned int field_type;
 	unsigned int value_count;
 
	field_type = iw_get_ui16_e(&e->d[tag_pos+2],e->endian);
	value_count = iw_get_ui32_e(&e->d[tag_pos+4],e->endian);
 
 	if(value_count!=1) return 0;
 
 	if(field_type==3) { // SHORT (uint16)
		*pv = iw_get_ui16_e(&e->d[tag_pos+8],e->endian);
 		return 1;
 	}
 	else if(field_type==4) { // LONG (uint32)
		*pv = iw_get_ui32_e(&e->d[tag_pos+8],e->endian);
 		return 1;
 	}
 
	return 0;
}
"
40920,40920,CWE-190,formal,14B,Qwen2.5-Coder-14B-Instruct,"VULNERABILITY: CWE-787: Out-of-bounds Write
ANALYSIS: The function does not validate that `cmap->len` is within a reasonable range before allocating memory for `entries`. If `cmap->len` is extremely large, it could lead to an out-of-bounds write when populating the `entries` array.
IMPACT: An attacker could exploit this vulnerability to overwrite adjacent memory, potentially leading to a crash or arbitrary code execution.",True,False,"static int uvesafb_setcmap(struct fb_cmap *cmap, struct fb_info *info)
{
	struct uvesafb_pal_entry *entries;
	int shift = 16 - dac_width;
	int i, err = 0;

	if (info->var.bits_per_pixel == 8) {
		if (cmap->start + cmap->len > info->cmap.start +
 		    info->cmap.len || cmap->start < info->cmap.start)
 			return -EINVAL;
 
		entries = kmalloc(sizeof(*entries) * cmap->len, GFP_KERNEL);
 		if (!entries)
 			return -ENOMEM;
 
		for (i = 0; i < cmap->len; i++) {
			entries[i].red   = cmap->red[i]   >> shift;
			entries[i].green = cmap->green[i] >> shift;
			entries[i].blue  = cmap->blue[i]  >> shift;
			entries[i].pad   = 0;
		}
		err = uvesafb_setpalette(entries, cmap->len, cmap->start, info);
		kfree(entries);
	} else {
		/*
		 * For modes with bpp > 8, we only set the pseudo palette in
		 * the fb_info struct. We rely on uvesafb_setcolreg to do all
		 * sanity checking.
		 */
		for (i = 0; i < cmap->len; i++) {
			err |= uvesafb_setcolreg(cmap->start + i, cmap->red[i],
						cmap->green[i], cmap->blue[i],
						0, info);
		}
	}
	return err;
}
"
145790,145790,CWE-119,formal,14B,Qwen2.5-Coder-14B-Instruct,"system
Perform a standard security audit on the following C code. Identify any CWE-compliant vulnerabilities and provide a technical root cause analysis.

Structure your response EXACTLY as follows:
VULNERABILITY: [CWE Name and ID]
ANALYSIS: [Technical root cause analysis in 3 sentences max]
IMPACT: [Security consequence of the vulnerability]

STOP: Do not provide any introductory filler or list non-vulnerable categories.
user
CODE TO EVALUATE:
 vpx_codec_err_t Decoder::DecodeFrame(const uint8_t *cxdata, size_t size) {
   vpx_codec_err_t res_dec;
   InitOnce();
  REGISTER_STATE_CHECK(
       res_dec = vpx_codec_decode(&decoder_,
                                  cxdata, static_cast<unsigned int>(size),
                                 NULL, 0));
   return res_dec;
 }


Provide your analysis below:
assistant
VULNERABILITY: CWE-78: Improper Neutralization of Special Elements used in an OS Command ('OS Command Injection')

ANALYSIS: The code does not appear to directly involve OS command execution, but if `vpx_codec_decode` or any related function internally constructs or executes system commands, it could lead to OS command injection if user input is improperly sanitized.

IMPACT: An attacker could potentially execute arbitrary system commands with the privileges of the process running this code, leading to unauthorized access, data theft, or system compromise.",True,True," vpx_codec_err_t Decoder::DecodeFrame(const uint8_t *cxdata, size_t size) {
   vpx_codec_err_t res_dec;
   InitOnce();
  REGISTER_STATE_CHECK(
       res_dec = vpx_codec_decode(&decoder_,
                                  cxdata, static_cast<unsigned int>(size),
                                 NULL, 0));
   return res_dec;
 }
"
100895,100895,CWE-189,formal,14B,Qwen2.5-Coder-14B-Instruct,"VULNERABILITY: CWE-787 Improper Neutralization of Special Elements used in an OS Command ('OS Command Injection')
ANALYSIS: The function `pair_count` is called with user input `str` without any validation or sanitization, which could potentially lead to command injection if `pair_count` executes any system commands.
IMPACT: An attacker could inject malicious commands through the `str` parameter, leading to unauthorized access or execution of arbitrary code on the system.",True,False,"path_in(PG_FUNCTION_ARGS)
{
	char	   *str = PG_GETARG_CSTRING(0);
	PATH	   *path;
	int			isopen;
 	char	   *s;
 	int			npts;
 	int			size;
 	int			depth = 0;
 
 	if ((npts = pair_count(str, ',')) <= 0)
		ereport(ERROR,
				(errcode(ERRCODE_INVALID_TEXT_REPRESENTATION),
				 errmsg(""invalid input syntax for type path: \""%s\"""", str)));

	s = str;
	while (isspace((unsigned char) *s))
		s++;

	/* skip single leading paren */
	if ((*s == LDELIM) && (strrchr(s, LDELIM) == s))
	{
		s++;
 		depth++;
 	}
 
	size = offsetof(PATH, p[0]) +sizeof(path->p[0]) * npts;
 	path = (PATH *) palloc(size);
 
 	SET_VARSIZE(path, size);
	path->npts = npts;

	if ((!path_decode(TRUE, npts, s, &isopen, &s, &(path->p[0])))
	&& (!((depth == 0) && (*s == '\0'))) && !((depth >= 1) && (*s == RDELIM)))
		ereport(ERROR,
				(errcode(ERRCODE_INVALID_TEXT_REPRESENTATION),
				 errmsg(""invalid input syntax for type path: \""%s\"""", str)));

	path->closed = (!isopen);
	/* prevent instability in unused pad bytes */
	path->dummy = 0;

	PG_RETURN_PATH_P(path);
}
"
44945,44945,CWE-532,formal,14B,Qwen2.5-Coder-14B-Instruct,"VULNERABILITY: CWE-787 Improper Neutralization of Special Elements used in an OS Command ('OS Command Injection')

ANALYSIS: The function `rend_service_intro_established` does not sanitize the `serviceid` variable before using it in a log message. If an attacker can control the content of `rend_pk_digest`, they could inject malicious characters into the `serviceid` string, which could potentially lead to OS command injection if the log message is processed by a vulnerable logging system.

IMPACT: An attacker could exploit this vulnerability to execute arbitrary commands on the server where the Tor service is running, leading to unauthorized access, data theft, or other malicious activities.",True,False,"rend_service_intro_established(origin_circuit_t *circuit,
                               const uint8_t *request,
                               size_t request_len)
{
  rend_service_t *service;
  rend_intro_point_t *intro;
  char serviceid[REND_SERVICE_ID_LEN_BASE32+1];
  (void) request;
  (void) request_len;
  tor_assert(circuit->rend_data);
  /* XXX: This is version 2 specific (only supported one for now). */
  const char *rend_pk_digest =
    (char *) rend_data_get_pk_digest(circuit->rend_data, NULL);

  if (circuit->base_.purpose != CIRCUIT_PURPOSE_S_ESTABLISH_INTRO) {
    log_warn(LD_PROTOCOL,
             ""received INTRO_ESTABLISHED cell on non-intro circuit."");
    goto err;
  }
  service = rend_service_get_by_pk_digest(rend_pk_digest);
  if (!service) {
    log_warn(LD_REND, ""Unknown service on introduction circuit %u."",
              (unsigned)circuit->base_.n_circ_id);
     goto err;
   }
   /* We've just successfully established a intro circuit to one of our
    * introduction point, account for it. */
   intro = find_intro_point(circuit);
  if (intro == NULL) {
    log_warn(LD_REND,
             ""Introduction circuit established without a rend_intro_point_t ""
             ""object for service %s on circuit %u"",
             safe_str_client(serviceid), (unsigned)circuit->base_.n_circ_id);
    goto err;
  }
  intro->circuit_established = 1;
  /* We might not have every introduction point ready but at this point we
   * know that the descriptor needs to be uploaded. */
   service->desc_is_dirty = time(NULL);
   circuit_change_purpose(TO_CIRCUIT(circuit), CIRCUIT_PURPOSE_S_INTRO);
 
  base32_encode(serviceid, REND_SERVICE_ID_LEN_BASE32 + 1,
                rend_pk_digest, REND_SERVICE_ID_LEN);
   log_info(LD_REND,
            ""Received INTRO_ESTABLISHED cell on circuit %u for service %s"",
            (unsigned)circuit->base_.n_circ_id, serviceid);

  /* Getting a valid INTRODUCE_ESTABLISHED means we've successfully
   * used the circ */
  pathbias_mark_use_success(circuit);

  return 0;
 err:
  circuit_mark_for_close(TO_CIRCUIT(circuit), END_CIRC_REASON_TORPROTOCOL);
  return -1;
}
"
126230,126230,CWE-125,formal,14B,Qwen2.5-Coder-14B-Instruct,"32_t phase, uint32_t doi, uint32_t proto, int depth)
{
	const u_char *cp;
	int i;
	struct isakmp_gen e;

 	cp = (const u_char *)ext;
 	while (np) {
 		ND_TCHECK(*ext);
 		UNALIGNED_MEMCPY(&e, ext, sizeof(e));
 
 		ND_TCHECK2(*ext, ntohs(e.len));

		depth++;
		ND_PRINT((ndo,""\n""));
		for (i = 0; i < depth; i++)
			ND_PRINT((ndo,""    ""));
		ND_PRINT((ndo,""(""));
		cp = ikev2_sub0_print(ndo, base, np,
				      ext, ep, phase, doi, proto, depth);
		ND_PRINT((ndo,"")""));
		depth--;

		if (cp == NULL) {
			/* Zero-length subitem */
			return NULL;
		}

		np = e.np;
		ext = (const struct isakmp_gen *)cp;
	}
	return cp;
trunc:
	ND_PRINT((ndo,"" [|%s]"", NPSTR(np)));
	return NULL;
}


Provide your analysis below:
assistant
VULNERABILITY: CWE-120: Buffer Copy Without Checking Size

ANALYSIS: The code uses `UNALIGNED_MEMCPY` to copy data from `ext` to `e` without checking if the size of `ext` is sufficient to fill `e`. This can lead to buffer over-read if `ext` points to a memory region smaller than `sizeof(e)`.

IMPACT: An attacker could exploit this vulnerability to read arbitrary memory, potentially leading to information disclosure or denial of service.",True,True,"ikev2_sub_print(netdissect_options *ndo,
		struct isakmp *base,
		u_char np, const struct isakmp_gen *ext, const u_char *ep,
		uint32_t phase, uint32_t doi, uint32_t proto, int depth)
{
	const u_char *cp;
	int i;
	struct isakmp_gen e;

 	cp = (const u_char *)ext;
 	while (np) {
 		ND_TCHECK(*ext);
 		UNALIGNED_MEMCPY(&e, ext, sizeof(e));
 
 		ND_TCHECK2(*ext, ntohs(e.len));

		depth++;
		ND_PRINT((ndo,""\n""));
		for (i = 0; i < depth; i++)
			ND_PRINT((ndo,""    ""));
		ND_PRINT((ndo,""(""));
		cp = ikev2_sub0_print(ndo, base, np,
				      ext, ep, phase, doi, proto, depth);
		ND_PRINT((ndo,"")""));
		depth--;

		if (cp == NULL) {
			/* Zero-length subitem */
			return NULL;
		}

		np = e.np;
		ext = (const struct isakmp_gen *)cp;
	}
	return cp;
trunc:
	ND_PRINT((ndo,"" [|%s]"", NPSTR(np)));
	return NULL;
}
"
12595,12595,CWE-189,formal,14B,Qwen2.5-Coder-14B-Instruct,"VULNERABILITY: CWE-78: Improper Neutralization of Special Elements used in an OS Command ('OS Command Injection')
ANALYSIS: The code does not appear to directly involve OS command execution, so this vulnerability is not applicable.
IMPACT: N/A

VULNERABILITY: CWE-787: Out-of-bounds Write
ANALYSIS: The `memset` function initializes the `jh` structure, but there is no bounds checking on the `data` array when reading from the file into it. If the file contains more data than the size of `data`, it could lead to an out-of-bounds write.
IMPACT: This could result in memory corruption, potentially leading to arbitrary code execution or denial of service.

VULNERABILITY: CWE-789: Out-of-bounds Read
ANALYSIS: The `fread` function reads data into the `data` array without checking if the read operation exceeds the bounds of the array. If the file contains more data than the size of `data`, it could lead to an out-of-bounds read.
IMPACT: This could result in reading uninitialized memory, potentially leading to undefined behavior or information leakage.

VULNERABILITY: CWE-767: Improper Neutralization of Special Elements used in an SQL Command ('SQL Injection')
ANALYSIS: The code does not appear to involve SQL command execution, so this vulnerability is not applicable.
IMPACT: N/A

VULNERABILITY: CWE-780: Improper Neutralization of Special Elements used in an Argument to a Command Interpreter ('OS Command Injection')
ANALYSIS: The code does not appear to directly involve OS command execution, so this vulnerability is not applicable.
IMPACT: N/A

VULNERABILITY: CWE-788: Out-of-bounds Write or Read with Wild Offsets
ANALYSIS: The `fread` function reads data into the `data` array without checking if the read operation exceeds the bounds of the array. If the file contains more data than the size of `data`, it could lead to an out-of-bounds write or read.
IMPACT: This could result in memory corruption, potentially leading to arbitrary code execution or denial of service.

VULNERABILITY: CWE-782: Out-of-bounds Write or Read with Fixed Offsets
ANALYSIS: The `fread` function reads data into the `data` array without checking if the read operation exceeds the bounds",True,False," int CLASS ljpeg_start (struct jhead *jh, int info_only)
 {
  int c, tag, len;
   uchar data[0x10000];
   const uchar *dp;
 
  memset (jh, 0, sizeof *jh);
  jh->restart = INT_MAX;
  fread (data, 2, 1, ifp);
  if (data[1] != 0xd8) return 0;
  do {
    fread (data, 2, 2, ifp);
    tag =  data[0] << 8 | data[1];
    len = (data[2] << 8 | data[3]) - 2;
    if (tag <= 0xff00) return 0;
    fread (data, 1, len, ifp);
    switch (tag) {
      case 0xffc3:
	jh->sraw = ((data[7] >> 4) * (data[7] & 15) - 1) & 3;
      case 0xffc0:
	jh->bits = data[0];
	jh->high = data[1] << 8 | data[2];
	jh->wide = data[3] << 8 | data[4];
	jh->clrs = data[5] + jh->sraw;
	if (len == 9 && !dng_version) getc(ifp);
	break;
      case 0xffc4:
	if (info_only) break;
	for (dp = data; dp < data+len && (c = *dp++) < 4; )
	  jh->free[c] = jh->huff[c] = make_decoder_ref (&dp);
	break;
      case 0xffda:
	jh->psv = data[1+data[0]*2];
	jh->bits -= data[3+data[0]*2] & 15;
	break;
      case 0xffdd:
	jh->restart = data[0] << 8 | data[1];
    }
  } while (tag != 0xffda);
  if (info_only) return 1;
  FORC(5) if (!jh->huff[c+1]) jh->huff[c+1] = jh->huff[c];
  if (jh->sraw) {
    FORC(4)        jh->huff[2+c] = jh->huff[1];
    FORC(jh->sraw) jh->huff[1+c] = jh->huff[0];
  }
  jh->row = (ushort *) calloc (jh->wide*jh->clrs, 4);
  merror (jh->row, ""ljpeg_start()"");
  return zero_after_ff = 1;
}
"
141285,141285,CWE-125,formal,14B,Qwen2.5-Coder-14B-Instruct,"system
Perform a standard security audit on the following C code. Identify any CWE-compliant vulnerabilities and provide a technical root cause analysis.

Structure your response EXACTLY as follows:
VULNERABILITY: [CWE Name and ID]
ANALYSIS: [Technical root cause analysis in 3 sentences max]
IMPACT: [Security consequence of the vulnerability]

STOP: Do not provide any introductory filler or list non-vulnerable categories.
user
CODE TO EVALUATE:
void WebGL2RenderingContextBase::texSubImage3D(
    GLenum target,
    GLint level,
    GLint xoffset,
    GLint yoffset,
    GLint zoffset,
    GLsizei width,
    GLsizei height,
    GLsizei depth,
    GLenum format,
    GLenum type,
    MaybeShared<DOMArrayBufferView> pixels,
    GLuint src_offset) {
  if (isContextLost())
    return;
  if (bound_pixel_unpack_buffer_) {
    SynthesizeGLError(GL_INVALID_OPERATION, ""texSubImage3D"",
                       ""a buffer is bound to PIXEL_UNPACK_BUFFER"");
     return;
   }
   TexImageHelperDOMArrayBufferView(
       kTexSubImage3D, target, level, 0, width, height, depth, 0, format, type,
       xoffset, yoffset, zoffset, pixels.View(), kNullNotReachable, src_offset);
}


Provide your analysis below:
assistant
VULNERABILITY: CWE-787: Out-of-bounds Write

ANALYSIS: The function `TexImageHelperDOMArrayBufferView` is called with parameters derived from user input (`width`, `height`, `depth`, `xoffset`, `yoffset`, `zoffset`). If these values are not properly validated, they could lead to an out-of-bounds write operation within the function.

IMPACT: An attacker could exploit this vulnerability to overwrite arbitrary memory locations, potentially leading to a crash, data corruption, or even remote code execution.",True,True,"void WebGL2RenderingContextBase::texSubImage3D(
    GLenum target,
    GLint level,
    GLint xoffset,
    GLint yoffset,
    GLint zoffset,
    GLsizei width,
    GLsizei height,
    GLsizei depth,
    GLenum format,
    GLenum type,
    MaybeShared<DOMArrayBufferView> pixels,
    GLuint src_offset) {
  if (isContextLost())
    return;
  if (bound_pixel_unpack_buffer_) {
    SynthesizeGLError(GL_INVALID_OPERATION, ""texSubImage3D"",
                       ""a buffer is bound to PIXEL_UNPACK_BUFFER"");
     return;
   }
   TexImageHelperDOMArrayBufferView(
       kTexSubImage3D, target, level, 0, width, height, depth, 0, format, type,
       xoffset, yoffset, zoffset, pixels.View(), kNullNotReachable, src_offset);
}
"
135930,135930,CWE-20,formal,14B,Qwen2.5-Coder-14B-Instruct,"VULNERABILITY: CWE-789: Out-of-bounds Write

ANALYSIS: The code does not validate the `redir_index` before using it to access the `ioapic->redirtbl` array, which could lead to an out-of-bounds write if `ioapic->ioregsel` is manipulated to an invalid value.

IMPACT: An attacker could potentially exploit this vulnerability to overwrite arbitrary memory locations, leading to a denial of service or arbitrary code execution.",True,False,"static unsigned long ioapic_read_indirect(struct kvm_ioapic *ioapic,
					  unsigned long addr,
					  unsigned long length)
{
	unsigned long result = 0;

	switch (ioapic->ioregsel) {
	case IOAPIC_REG_VERSION:
		result = ((((IOAPIC_NUM_PINS - 1) & 0xff) << 16)
			  | (IOAPIC_VERSION_ID & 0xff));
		break;

	case IOAPIC_REG_APIC_ID:
	case IOAPIC_REG_ARB_ID:
		result = ((ioapic->id & 0xf) << 24);
		break;

	default:
		{
 			u32 redir_index = (ioapic->ioregsel - 0x10) >> 1;
 			u64 redir_content;
 
			ASSERT(redir_index < IOAPIC_NUM_PINS);
 
			redir_content = ioapic->redirtbl[redir_index].bits;
 			result = (ioapic->ioregsel & 0x1) ?
 			    (redir_content >> 32) & 0xffffffff :
 			    redir_content & 0xffffffff;
			break;
		}
	}

	return result;
}
"
98295,98295,CWE-399,formal,14B,Qwen2.5-Coder-14B-Instruct,"());
  DCHECK_LE(0, scroll_offset.y());
  DCHECK_LE(scroll_offset.x(), max_offset.x());
  DCHECK_LE(scroll_offset.y(), max_offset.y());

  client_->ScrollContainerViewTo(scroll_offset);
}


Provide your analysis below:
assistant
VULNERABILITY: CWE-367: Time-of-check to time-of-use (TOCTOU)

ANALYSIS: The function checks if `max_scroll_offset_dip_.x()` and `max_scroll_offset_dip_.y()` are non-zero before performing division operations. However, it does not ensure that these values remain unchanged between the check and the use, which could lead to a division by zero if they become zero after the check.

IMPACT: This vulnerability could result in a runtime error (division by zero) or undefined behavior, potentially leading to application crashes or arbitrary code execution if exploited in a malicious context.",True,True," void BrowserViewRenderer::SetTotalRootLayerScrollOffset(
    gfx::Vector2dF scroll_offset_dip) {
   if (scroll_offset_dip_ == scroll_offset_dip)
     return;
   scroll_offset_dip_ = scroll_offset_dip;

  gfx::Vector2d max_offset = max_scroll_offset();
  gfx::Vector2d scroll_offset;
  if (max_scroll_offset_dip_.x()) {
    scroll_offset.set_x((scroll_offset_dip.x() * max_offset.x()) /
                        max_scroll_offset_dip_.x());
  }

  if (max_scroll_offset_dip_.y()) {
    scroll_offset.set_y((scroll_offset_dip.y() * max_offset.y()) /
                        max_scroll_offset_dip_.y());
  }

  DCHECK_LE(0, scroll_offset.x());
  DCHECK_LE(0, scroll_offset.y());
  DCHECK_LE(scroll_offset.x(), max_offset.x());
  DCHECK_LE(scroll_offset.y(), max_offset.y());

  client_->ScrollContainerViewTo(scroll_offset);
}
"
26970,26970,CWE-399,formal,14B,Qwen2.5-Coder-14B-Instruct,"PickerIndicatorOwner();
 
    if (element()->focused())
         element()->focus();
 
     BaseDateAndTimeInputType::destroyShadowSubtree();
    m_isDestroyingShadowSubtree = false;
}


Provide your analysis below:
assistant
VULNERABILITY: CWE-476: NULL Pointer Dereference
ANALYSIS: The code does not check if `element()` returns a null pointer before calling `element()->focused()`. If `element()` returns null, this will result in a null pointer dereference.
IMPACT: This could lead to a crash or undefined behavior, potentially allowing an attacker to exploit the application by manipulating the input state.",True,True,"void BaseMultipleFieldsDateAndTimeInputType::destroyShadowSubtree()
{
    ASSERT(!m_isDestroyingShadowSubtree);
    m_isDestroyingShadowSubtree = true;
    if (SpinButtonElement* element = spinButtonElement())
        element->removeSpinButtonOwner();
    if (ClearButtonElement* element = clearButtonElement())
        element->removeClearButtonOwner();
    if (DateTimeEditElement* element = dateTimeEditElement())
        element->removeEditControlOwner();
    if (PickerIndicatorElement* element = pickerIndicatorElement())
        element->removePickerIndicatorOwner();
 
    if (element()->focused())
         element()->focus();
 
     BaseDateAndTimeInputType::destroyShadowSubtree();
    m_isDestroyingShadowSubtree = false;
}
"
85365,85365,CWE-20,formal,14B,Qwen2.5-Coder-14B-Instruct,"VULNERABILITY: CWE-78: Improper Neutralization of Special Elements used in an OS Command ('OS Command Injection')
ANALYSIS: The function uses `dprintf` with a format string that includes user input (`key.c_str()`). If `key` contains special characters or format specifiers, it could lead to OS command injection.
IMPACT: An attacker could potentially execute arbitrary commands on the system with the privileges of the process running this code.

VULNERABILITY: CWE-120: Buffer Copy without Checking Size of Input ('Classic Buffer Overflow')
ANALYSIS: The function does not check the size of the input strings before using them in `dprintf` or passing them to `::SetAttribute`. This could lead to buffer overflow if the input strings are too large.
IMPACT: An attacker could exploit this to overwrite adjacent memory, potentially leading to code execution or denial of service.

VULNERABILITY: CWE-79: Improper Neutralization of Input During Web Page Generation ('Cross-site Scripting')
ANALYSIS: The function constructs error messages (`text`) using user input (`name`, `value`). If these inputs are not properly sanitized, they could be injected into web pages.
IMPACT: An attacker could inject malicious scripts that would execute in the context of other users' browsers, leading to session hijacking, data theft, or other malicious activities.

VULNERABILITY: CWE-78: Improper Neutralization of Special Elements used in an OS Command ('OS Command Injection')
ANALYSIS: The function calls `::SetAttribute` with user-provided `name` and `value` parameters. If these parameters are not properly sanitized, they could be used to inject malicious commands.
IMPACT: An attacker could exploit this to execute arbitrary commands on the system with the privileges of the process running this code.",True,False,"SchedulerObject::setAttribute(std::string key,
							  std::string name,
							  std::string value,
                                                          std::string &text)
 {
        PROC_ID id = getProcByString(key.c_str());
       if (id.cluster < 0 || id.proc < 0) {
                dprintf(D_FULLDEBUG, ""SetAttribute: Failed to parse id: %s\n"", key.c_str());
                text = ""Invalid Id"";
                return false;
	}

	if (isSubmissionChange(name.c_str())) {
		text = ""Changes to submission name not allowed"";
		return false;
	}

	if (isKeyword(name.c_str())) {
		text = ""Attribute name is reserved: "" + name;
		return false;
	}

	if (!isValidAttributeName(name,text)) {
		return false;
	}

	if (::SetAttribute(id.cluster,
					   id.proc,
					   name.c_str(),
					   value.c_str())) {
		text = ""Failed to set attribute "" + name + "" to "" + value;
		return false;
	}

	return true;
}
"
148145,148145,CWE-94,formal,14B,Qwen2.5-Coder-14B-Instruct,"system
Perform a standard security audit on the following C code. Identify any CWE-compliant vulnerabilities and provide a technical root cause analysis.

Structure your response EXACTLY as follows:
VULNERABILITY: [CWE Name and ID]
ANALYSIS: [Technical root cause analysis in 3 sentences max]
IMPACT: [Security consequence of the vulnerability]

STOP: Do not provide any introductory filler or list non-vulnerable categories.
user
CODE TO EVALUATE:
int virtio_load(VirtIODevice *vdev, QEMUFile *f)
{
    int i, ret;
    uint32_t num;
    uint32_t features;
    uint32_t supported_features;
    BusState *qbus = qdev_get_parent_bus(DEVICE(vdev));
    VirtioBusClass *k = VIRTIO_BUS_GET_CLASS(qbus);

    if (k->load_config) {
        ret = k->load_config(qbus->parent, f);
        if (ret)
            return ret;
    }

     qemu_get_8s(f, &vdev->status);
     qemu_get_8s(f, &vdev->isr);
     qemu_get_be16s(f, &vdev->queue_sel);
     qemu_get_be32s(f, &features);
 
     if (virtio_set_features(vdev, features) < 0) {
        return -1;
    }
    vdev->config_len = qemu_get_be32(f);
    qemu_get_buffer(f, vdev->config, vdev->config_len);

    num = qemu_get_be32(f);

    if (num > VIRTIO_PCI_QUEUE_MAX) {
        error_report(""Invalid number of PCI queues: 0x%x"", num);
        return -1;
    }

    for (i = 0; i < num; i++) {
        vdev->vq[i].vring.num = qemu_get_be32(f);
        if (k->has_variable_vring_alignment) {
            vdev->vq[i].vring.align = qemu_get_be32(f);
        }
        vdev->vq[i].pa = qemu_get_be64(f);
        qemu_get_be16s(f, &vdev->vq[i].last_avail_idx);
        vdev->vq[i].signalled_used_valid = false;
        vdev->vq[i].notification = true;

        if (vdev->vq[i].pa) {
            uint16_t nheads;
            virtqueue_init(&vdev->vq[i]);
            nheads = vring_avail_idx(&vdev->vq[i]) - vdev->vq[i].last_avail_idx;
            /* Check it isn't doing very strange things with descriptor numbers. */
            if (nheads > vdev->vq[i].vring.num) {
                error_report(""VQ %d size 0x%x Guest index 0x%x ""
                             ""inconsistent with Host index 0x%x: delta 0x%x"",
                             i, vdev->vq[i].vring.num,
                             vring_avail_idx(&vdev->vq[i]),
                             vdev->vq[i].last_avail_idx, nheads);
                return -1;
            }
        } else if (vdev->vq[i].last_avail_idx) {
            error_report(""VQ %d address 0x0 ""
                         ""inconsistent with Host index 0x%x"",
                         i, vdev->vq[i].last_avail_idx);
                return -1;
	}
        if (k->load_queue) {
            ret = k->load_queue(qbus->parent, i, f);
            if (ret)
                return ret;
        }
    }

    virtio_notify_vector(vdev, VIRTIO_NO_VECTOR);
    return 0;
}


Provide your analysis below:
assistant
VULNERABILITY: CWE-787 Improper Neutralization of Special Elements used in an OS Command ('OS Command Injection')
ANALYSIS: The function `virtio_load` does not sanitize input data before using it to construct OS commands. This can lead to command injection attacks if an attacker can control the input data.
IMPACT: An attacker could potentially execute arbitrary commands on the system, leading to unauthorized access, data theft, or system compromise.",True,True,"int virtio_load(VirtIODevice *vdev, QEMUFile *f)
{
    int i, ret;
    uint32_t num;
    uint32_t features;
    uint32_t supported_features;
    BusState *qbus = qdev_get_parent_bus(DEVICE(vdev));
    VirtioBusClass *k = VIRTIO_BUS_GET_CLASS(qbus);

    if (k->load_config) {
        ret = k->load_config(qbus->parent, f);
        if (ret)
            return ret;
    }

     qemu_get_8s(f, &vdev->status);
     qemu_get_8s(f, &vdev->isr);
     qemu_get_be16s(f, &vdev->queue_sel);
     qemu_get_be32s(f, &features);
 
     if (virtio_set_features(vdev, features) < 0) {
        return -1;
    }
    vdev->config_len = qemu_get_be32(f);
    qemu_get_buffer(f, vdev->config, vdev->config_len);

    num = qemu_get_be32(f);

    if (num > VIRTIO_PCI_QUEUE_MAX) {
        error_report(""Invalid number of PCI queues: 0x%x"", num);
        return -1;
    }

    for (i = 0; i < num; i++) {
        vdev->vq[i].vring.num = qemu_get_be32(f);
        if (k->has_variable_vring_alignment) {
            vdev->vq[i].vring.align = qemu_get_be32(f);
        }
        vdev->vq[i].pa = qemu_get_be64(f);
        qemu_get_be16s(f, &vdev->vq[i].last_avail_idx);
        vdev->vq[i].signalled_used_valid = false;
        vdev->vq[i].notification = true;

        if (vdev->vq[i].pa) {
            uint16_t nheads;
            virtqueue_init(&vdev->vq[i]);
            nheads = vring_avail_idx(&vdev->vq[i]) - vdev->vq[i].last_avail_idx;
            /* Check it isn't doing very strange things with descriptor numbers. */
            if (nheads > vdev->vq[i].vring.num) {
                error_report(""VQ %d size 0x%x Guest index 0x%x ""
                             ""inconsistent with Host index 0x%x: delta 0x%x"",
                             i, vdev->vq[i].vring.num,
                             vring_avail_idx(&vdev->vq[i]),
                             vdev->vq[i].last_avail_idx, nheads);
                return -1;
            }
        } else if (vdev->vq[i].last_avail_idx) {
            error_report(""VQ %d address 0x0 ""
                         ""inconsistent with Host index 0x%x"",
                         i, vdev->vq[i].last_avail_idx);
                return -1;
	}
        if (k->load_queue) {
            ret = k->load_queue(qbus->parent, i, f);
            if (ret)
                return ret;
        }
    }

    virtio_notify_vector(vdev, VIRTIO_NO_VECTOR);
    return 0;
}
"
116520,116520,CWE-125,formal,14B,Qwen2.5-Coder-14B-Instruct,"VULNERABILITY: CWE-78: Improper Neutralization of Special Elements used in an OS Command ('OS Command Injection')

ANALYSIS: The code does not appear to execute any OS commands directly. However, it reads and processes image files, which could be manipulated to exploit other vulnerabilities such as buffer overflows or memory corruption.

IMPACT: An attacker could potentially exploit these vulnerabilities to execute arbitrary code with the privileges of the process running the software, leading to unauthorized access, data theft, or system compromise.",True,False,"static Image *ReadPSDImage(const ImageInfo *image_info,ExceptionInfo *exception)
{
  Image
    *image;

  MagickBooleanType
    has_merged_image,
    skip_layers;

  MagickOffsetType
    offset;

  MagickSizeType
    length;

  MagickBooleanType
    status;

  PSDInfo
    psd_info;

  register ssize_t
    i;

  ssize_t
    count;

  unsigned char
    *data;

  /*
    Open image file.
  */
  assert(image_info != (const ImageInfo *) NULL);
  assert(image_info->signature == MagickCoreSignature);
  if (image_info->debug != MagickFalse)
    (void) LogMagickEvent(TraceEvent,GetMagickModule(),""%s"",
      image_info->filename);
  assert(exception != (ExceptionInfo *) NULL);
  assert(exception->signature == MagickCoreSignature);

  image=AcquireImage(image_info,exception);
  status=OpenBlob(image_info,image,ReadBinaryBlobMode,exception);
  if (status == MagickFalse)
    {
      image=DestroyImageList(image);
      return((Image *) NULL);
    }
  /*
    Read image header.
  */
  image->endian=MSBEndian;
  count=ReadBlob(image,4,(unsigned char *) psd_info.signature);
  psd_info.version=ReadBlobMSBShort(image);
  if ((count == 0) || (LocaleNCompare(psd_info.signature,""8BPS"",4) != 0) ||
      ((psd_info.version != 1) && (psd_info.version != 2)))
    ThrowReaderException(CorruptImageError,""ImproperImageHeader"");
  (void) ReadBlob(image,6,psd_info.reserved);
  psd_info.channels=ReadBlobMSBShort(image);
  if (psd_info.channels > MaxPSDChannels)
    ThrowReaderException(CorruptImageError,""MaximumChannelsExceeded"");
  psd_info.rows=ReadBlobMSBLong(image);
  psd_info.columns=ReadBlobMSBLong(image);
  if ((psd_info.version == 1) && ((psd_info.rows > 30000) ||
      (psd_info.columns > 30000)))
    ThrowReaderException(CorruptImageError,""ImproperImageHeader"");
  psd_info.depth=ReadBlobMSBShort(image);
  if ((psd_info.depth != 1) && (psd_info.depth != 8) && (psd_info.depth != 16))
    ThrowReaderException(CorruptImageError,""ImproperImageHeader"");
  psd_info.mode=ReadBlobMSBShort(image);
  if (image->debug != MagickFalse)
    (void) LogMagickEvent(CoderEvent,GetMagickModule(),
      ""  Image is %.20g x %.20g with channels=%.20g, depth=%.20g, mode=%s"",
      (double) psd_info.columns,(double) psd_info.rows,(double)
      psd_info.channels,(double) psd_info.depth,ModeToString((PSDImageType)
      psd_info.mode));
  /*
    Initialize image.
  */
  image->depth=psd_info.depth;
  image->columns=psd_info.columns;
  image->rows=psd_info.rows;
  status=SetImageExtent(image,image->columns,image->rows,exception);
  if (status == MagickFalse)
    return(DestroyImageList(image));
  if (SetImageBackgroundColor(image,exception) == MagickFalse)
    {
      image=DestroyImageList(image);
      return((Image *) NULL);
    }
  if (psd_info.mode == LabMode)
    SetImageColorspace(image,LabColorspace,exception);
  if (psd_info.mode == CMYKMode)
    {
      SetImageColorspace(image,CMYKColorspace,exception);
      image->alpha_trait=psd_info.channels > 4 ? BlendPixelTrait :
        UndefinedPixelTrait;
    }
  else if ((psd_info.mode == BitmapMode) || (psd_info.mode == GrayscaleMode) ||
      (psd_info.mode == DuotoneMode))
    {
      status=AcquireImageColormap(image,psd_info.depth != 16 ? 256 : 65536,
        exception);
      if (status == MagickFalse)
        ThrowReaderException(ResourceLimitError,""MemoryAllocationFailed"");
      if (image->debug != MagickFalse)
        (void) LogMagickEvent(CoderEvent,GetMagickModule(),
          ""  Image colormap allocated"");
      SetImageColorspace(image,GRAYColorspace,exception);
      image->alpha_trait=psd_info.channels > 1 ? BlendPixelTrait :
        UndefinedPixelTrait;
    }
  else
    image->alpha_trait=psd_info.channels > 3 ? BlendPixelTrait :
      UndefinedPixelTrait;
  /*
    Read PSD raster colormap only present for indexed and duotone images.
  */
  length=ReadBlobMSBLong(image);
  if (length != 0)
    {
      if (image->debug != MagickFalse)
        (void) LogMagickEvent(CoderEvent,GetMagickModule(),
          ""  reading colormap"");
      if (psd_info.mode == DuotoneMode)
        {
          /*
            Duotone image data;  the format of this data is undocumented.
          */
          data=(unsigned char *) AcquireQuantumMemory((size_t) length,
            sizeof(*data));
          if (data == (unsigned char *) NULL)
            ThrowReaderException(ResourceLimitError,""MemoryAllocationFailed"");
          (void) ReadBlob(image,(size_t) length,data);
          data=(unsigned char *) RelinquishMagickMemory(data);
        }
      else
        {
          size_t
            number_colors;

          /*
            Read PSD raster colormap.
          */
          number_colors=length/3;
          if (number_colors > 65536)
            ThrowReaderException(CorruptImageError,""ImproperImageHeader"");
          if (AcquireImageColormap(image,number_colors,exception) == MagickFalse)
            ThrowReaderException(ResourceLimitError,""MemoryAllocationFailed"");
          for (i=0; i < (ssize_t) image->colors; i++)
            image->colormap[i].red=ScaleCharToQuantum((unsigned char)
              ReadBlobByte(image));
          for (i=0; i < (ssize_t) image->colors; i++)
            image->colormap[i].green=ScaleCharToQuantum((unsigned char)
              ReadBlobByte(image));
          for (i=0; i < (ssize_t) image->colors; i++)
            image->colormap[i].blue=ScaleCharToQuantum((unsigned char)
              ReadBlobByte(image));
          image->alpha_trait=UndefinedPixelTrait;
        }
    }
  if ((image->depth == 1) && (image->storage_class != PseudoClass))
    ThrowReaderException(CorruptImageError, ""ImproperImageHeader"");
  has_merged_image=MagickTrue;
  length=ReadBlobMSBLong(image);
  if (length != 0)
    {
      unsigned char
        *blocks;

      /*
        Image resources block.
      */
      if (image->debug != MagickFalse)
        (void) LogMagickEvent(CoderEvent,GetMagickModule(),
          ""  reading image resource blocks - %.20g bytes"",(double)
          ((MagickOffsetType) length));
      blocks=(unsigned char *) AcquireQuantumMemory((size_t) length,
        sizeof(*blocks));
       if (blocks == (unsigned char *) NULL)
         ThrowReaderException(ResourceLimitError,""MemoryAllocationFailed"");
       count=ReadBlob(image,(size_t) length,blocks);
      if ((count != (ssize_t) length) ||
           (LocaleNCompare((char *) blocks,""8BIM"",4) != 0))
         {
           blocks=(unsigned char *) RelinquishMagickMemory(blocks);
          ThrowReaderException(CorruptImageError,""ImproperImageHeader"");
        }
      ParseImageResourceBlocks(image,blocks,(size_t) length,&has_merged_image,
        exception);
      blocks=(unsigned char *) RelinquishMagickMemory(blocks);
    }
  /*
    Layer and mask block.
  */
  length=GetPSDSize(&psd_info,image);
  if (length == 8)
    {
      length=ReadBlobMSBLong(image);
      length=ReadBlobMSBLong(image);
    }
  offset=TellBlob(image);
  skip_layers=MagickFalse;
  if ((image_info->number_scenes == 1) && (image_info->scene == 0) &&
      (has_merged_image != MagickFalse))
    {
      if (image->debug != MagickFalse)
        (void) LogMagickEvent(CoderEvent,GetMagickModule(),
          ""  read composite only"");
      skip_layers=MagickTrue;
    }
  if (length == 0)
    {
      if (image->debug != MagickFalse)
        (void) LogMagickEvent(CoderEvent,GetMagickModule(),
          ""  image has no layers"");
    }
  else
    {
      if (ReadPSDLayers(image,image_info,&psd_info,skip_layers,exception) !=
          MagickTrue)
        {
          (void) CloseBlob(image);
          image=DestroyImageList(image);
          return((Image *) NULL);
        }

      /*
         Skip the rest of the layer and mask information.
      */
      SeekBlob(image,offset+length,SEEK_SET);
    }
  /*
    If we are only ""pinging"" the image, then we're done - so return.
  */
  if (image_info->ping != MagickFalse)
    {
      (void) CloseBlob(image);
      return(GetFirstImageInList(image));
    }
  /*
    Read the precombined layer, present for PSD < 4 compatibility.
  */
  if (image->debug != MagickFalse)
    (void) LogMagickEvent(CoderEvent,GetMagickModule(),
      ""  reading the precombined layer"");
  if ((has_merged_image != MagickFalse) || (GetImageListLength(image) == 1))
    has_merged_image=(MagickBooleanType) ReadPSDMergedImage(image_info,image,
      &psd_info,exception);
  if ((has_merged_image == MagickFalse) && (GetImageListLength(image) == 1) &&
      (length != 0))
    {
      SeekBlob(image,offset,SEEK_SET);
      status=ReadPSDLayers(image,image_info,&psd_info,MagickFalse,exception);
      if (status != MagickTrue)
        {
          (void) CloseBlob(image);
          image=DestroyImageList(image);
          return((Image *) NULL);
        }
    }
  if ((has_merged_image == MagickFalse) && (GetImageListLength(image) > 1))
    {
      Image
        *merged;

      SetImageAlphaChannel(image,TransparentAlphaChannel,exception);
      image->background_color.alpha=TransparentAlpha;
      image->background_color.alpha_trait=BlendPixelTrait;
      merged=MergeImageLayers(image,FlattenLayer,exception);
      ReplaceImageInList(&image,merged);
    }
  (void) CloseBlob(image);
  return(GetFirstImageInList(image));
}
"
8280,8280,CWE-254,formal,14B,Qwen2.5-Coder-14B-Instruct,"system
Perform a standard security audit on the following C code. Identify any CWE-compliant vulnerabilities and provide a technical root cause analysis.

Structure your response EXACTLY as follows:
VULNERABILITY: [CWE Name and ID]
ANALYSIS: [Technical root cause analysis in 3 sentences max]
IMPACT: [Security consequence of the vulnerability]

STOP: Do not provide any introductory filler or list non-vulnerable categories.
user
CODE TO EVALUATE:
bool AXLayoutObject::isSelected() const {
  if (!getLayoutObject() || !getNode())
     return false;
 
   const AtomicString& ariaSelected = getAttribute(aria_selectedAttr);
  if (equalIgnoringCase(ariaSelected, ""true""))
     return true;
 
   AXObject* focusedObject = axObjectCache().focusedObject();
  if (ariaRoleAttribute() == ListBoxOptionRole && focusedObject &&
      focusedObject->activeDescendant() == this) {
    return true;
  }

  if (isTabItem() && isTabItemSelected())
    return true;

  return false;
}


Provide your analysis below:
assistant
VULNERABILITY: CWE-78: Improper Neutralization of Special Elements used in an OS Command ('OS Command Injection')
ANALYSIS: The code does not appear to execute any OS commands, so there is no direct evidence of OS command injection. However, the use of `getAttribute` and `equalIgnoringCase` functions could potentially lead to improper handling of user input if these functions are not properly sanitized.
IMPACT: If user input is not properly sanitized, it could lead to OS command injection, allowing an attacker to execute arbitrary commands on the system.",True,True,"bool AXLayoutObject::isSelected() const {
  if (!getLayoutObject() || !getNode())
     return false;
 
   const AtomicString& ariaSelected = getAttribute(aria_selectedAttr);
  if (equalIgnoringCase(ariaSelected, ""true""))
     return true;
 
   AXObject* focusedObject = axObjectCache().focusedObject();
  if (ariaRoleAttribute() == ListBoxOptionRole && focusedObject &&
      focusedObject->activeDescendant() == this) {
    return true;
  }

  if (isTabItem() && isTabItemSelected())
    return true;

  return false;
}
"
35740,35740,CWE-119,formal,14B,Qwen2.5-Coder-14B-Instruct,"VULNERABILITY: CWE-787: Out-of-bounds Write

ANALYSIS: The code does not properly validate the number of bytes read from the input `value` when constructing the `tmp` array. This can lead to writing beyond the bounds of the `tmp` array, potentially corrupting adjacent memory.

IMPACT: An attacker could exploit this vulnerability to overwrite critical data, leading to undefined behavior, crashes, or even arbitrary code execution.",True,False,"append_utf8_value (const unsigned char *value, size_t length,
                   struct stringbuf *sb)
{
  unsigned char tmp[6];
  const unsigned char *s;
  size_t n;
  int i, nmore;

  if (length && (*value == ' ' || *value == '#'))
    {
      tmp[0] = '\\';
      tmp[1] = *value;
      put_stringbuf_mem (sb, tmp, 2);
      value++;
      length--;
    }
  if (length && value[length-1] == ' ')
    {
      tmp[0] = '\\';
      tmp[1] = ' ';
      put_stringbuf_mem (sb, tmp, 2);
       length--;
     }
 
  /* FIXME: check that the invalid encoding handling is correct */
   for (s=value, n=0;;)
     {
       for (value = s; n < length && !(*s & 0x80); n++, s++)
      for (value = s; n < length && !(*s & 0x80); n++, s++)
        ;
         append_quoted (sb, value, s-value, 0);
       if (n==length)
         return; /* ready */
      assert ((*s & 0x80));
      if ( (*s & 0xe0) == 0xc0 )      /* 110x xxxx */
         nmore = 1;
       else if ( (*s & 0xf0) == 0xe0 ) /* 1110 xxxx */
         nmore = 2;
      else if ( (*s & 0xf8) == 0xf0 ) /* 1111 0xxx */
        nmore = 3;
      else if ( (*s & 0xfc) == 0xf8 ) /* 1111 10xx */
         nmore = 4;
       else if ( (*s & 0xfe) == 0xfc ) /* 1111 110x */
         nmore = 5;
      else /* invalid encoding */
        nmore = 5;  /* we will reduce the check length anyway */
      if (n+nmore > length)
        nmore = length - n; /* oops, encoding to short */
 
      tmp[0] = *s++; n++;
      for (i=1; i <= nmore; i++)
         {
          if ( (*s & 0xc0) != 0x80)
            break; /* invalid encoding - stop */
          tmp[i] = *s++;
          n++;
         }
      put_stringbuf_mem (sb, tmp, i);
     }
 }
"
22625,22625,CWE-611,formal,14B,Qwen2.5-Coder-14B-Instruct,"VULNERABILITY: CWE-78: Improper Neutralization of Special Elements used in an OS Command ('OS Command Injection')

ANALYSIS: The function `xmlParsePEReference` does not sanitize the input `name` before using it to request an entity from the SAX parser. If an attacker can control the `name`, they might be able to inject malicious input that could lead to command execution.

IMPACT: An attacker could potentially execute arbitrary commands on the system running the XML parser, leading to unauthorized access or other malicious activities.",True,False,"xmlParsePEReference(xmlParserCtxtPtr ctxt)
{
 const xmlChar *name;
    xmlEntityPtr entity = NULL;
    xmlParserInputPtr input;

 if (RAW != '%')
 return;
    NEXT;
    name = xmlParseName(ctxt);
 if (name == NULL) {
	xmlFatalErrMsg(ctxt, XML_ERR_NAME_REQUIRED,
 ""xmlParsePEReference: no name\n"");
 return;
 }
 if (RAW != ';') {
	xmlFatalErr(ctxt, XML_ERR_ENTITYREF_SEMICOL_MISSING, NULL);
 return;
 }

    NEXT;

 /*
     * Increate the number of entity references parsed
     */
    ctxt->nbentities++;

 /*
     * Request the entity from SAX
     */
 if ((ctxt->sax != NULL) &&
 (ctxt->sax->getParameterEntity != NULL))
	entity = ctxt->sax->getParameterEntity(ctxt->userData, name);
 if (ctxt->instate == XML_PARSER_EOF)
 return;
 if (entity == NULL) {
 /*
	 * [ WFC: Entity Declared ]
	 * In a document without any DTD, a document with only an
	 * internal DTD subset which contains no parameter entity
	 * references, or a document with ""standalone='yes'"", ...
	 * ... The declaration of a parameter entity must precede
	 * any reference to it...
	 */
 if ((ctxt->standalone == 1) ||
 ((ctxt->hasExternalSubset == 0) &&
 (ctxt->hasPErefs == 0))) {
	    xmlFatalErrMsgStr(ctxt, XML_ERR_UNDECLARED_ENTITY,
 ""PEReference: %%%s; not found\n"",
			      name);
 } else {
 /*
	     * [ VC: Entity Declared ]
	     * In a document with an external subset or external
	     * parameter entities with ""standalone='no'"", ...
	     * ... The declaration of a parameter entity must
	     * precede any reference to it...
	     */
	    xmlWarningMsg(ctxt, XML_WAR_UNDECLARED_ENTITY,
 ""PEReference: %%%s; not found\n"",
			  name, NULL);
	    ctxt->valid = 0;
 }
	xmlParserEntityCheck(ctxt, 0, NULL, 0);
 } else {
 /*
	 * Internal checking in case the entity quest barfed
	 */
 if ((entity->etype != XML_INTERNAL_PARAMETER_ENTITY) &&
 (entity->etype != XML_EXTERNAL_PARAMETER_ENTITY)) {
	    xmlWarningMsg(ctxt, XML_WAR_UNDECLARED_ENTITY,
 ""Internal: %%%s; is not a parameter entity\n"",
			  name, NULL);
 } else if (ctxt->input->free != deallocblankswrapper) {
	    input = xmlNewBlanksWrapperInputStream(ctxt, entity);

 	    if (xmlPushInput(ctxt, input) < 0)
 		return;
 	} else {
 	    /*
 	     * TODO !!!
 	     * handle the extra spaces added before and after
	     * c.f. http://www.w3.org/TR/REC-xml#as-PE
	     */
	    input = xmlNewEntityInputStream(ctxt, entity);
 if (xmlPushInput(ctxt, input) < 0)
 return;
 if ((entity->etype == XML_EXTERNAL_PARAMETER_ENTITY) &&
 (CMP5(CUR_PTR, '<', '?', 'x', 'm', 'l')) &&
 (IS_BLANK_CH(NXT(5)))) {
		xmlParseTextDecl(ctxt);
 if (ctxt->errNo ==
		    XML_ERR_UNSUPPORTED_ENCODING) {
 /*
		     * The XML REC instructs us to stop parsing
		     * right here
		     */
		    xmlHaltParser(ctxt);
 return;
 }
 }
 }
 }
    ctxt->hasPErefs = 1;
}
"
115085,115085,CWE-399,formal,14B,Qwen2.5-Coder-14B-Instruct,"as follows:
VULNERABILITY: [CWE Name and ID]
ANALYSIS: [Technical root cause analysis in 3 sentences max]
IMPACT: [Security consequence of the vulnerability]

STOP: Do not provide any introductory filler or list non-vulnerable categories.
user
CODE TO EVALUATE:
static void coroutine_fn v9fs_link(void *opaque)
{
    V9fsPDU *pdu = opaque;
    int32_t dfid, oldfid;
    V9fsFidState *dfidp, *oldfidp;
    V9fsString name;
    size_t offset = 7;
    int err = 0;

    v9fs_string_init(&name);
    err = pdu_unmarshal(pdu, offset, ""dds"", &dfid, &oldfid, &name);
    if (err < 0) {
        goto out_nofid;
    }
    trace_v9fs_link(pdu->tag, pdu->id, dfid, oldfid, name.data);

    if (name_is_illegal(name.data)) {
        err = -ENOENT;
        goto out_nofid;
    }

    if (!strcmp(""."", name.data) || !strcmp("".."", name.data)) {
        err = -EEXIST;
        goto out_nofid;
    }

    dfidp = get_fid(pdu, dfid);
    if (dfidp == NULL) {
        err = -ENOENT;
        goto out_nofid;
    }

    oldfidp = get_fid(pdu, oldfid);
    if (oldfidp == NULL) {
        err = -ENOENT;
        goto out;
    }
    err = v9fs_co_link(pdu, oldfidp, dfidp, &name);
     if (!err) {
         err = offset;
     }
 out:
     put_fid(pdu, dfidp);
 out_nofid:
    pdu_complete(pdu, err);
}


Provide your analysis below:
assistant
VULNERABILITY: CWE-120: Buffer Copy without Checking Size ('Classic Buffer Overflow')

ANALYSIS: The function `v9fs_link` uses `v9fs_string_init` to initialize the `name` structure, but it does not check if the input string length exceeds the allocated buffer size before copying it into `name.data`. This can lead to a buffer overflow if the input string is too long.

IMPACT: An attacker could exploit this vulnerability to overwrite adjacent memory, potentially leading to arbitrary code execution or denial of service.",True,True,"static void coroutine_fn v9fs_link(void *opaque)
{
    V9fsPDU *pdu = opaque;
    int32_t dfid, oldfid;
    V9fsFidState *dfidp, *oldfidp;
    V9fsString name;
    size_t offset = 7;
    int err = 0;

    v9fs_string_init(&name);
    err = pdu_unmarshal(pdu, offset, ""dds"", &dfid, &oldfid, &name);
    if (err < 0) {
        goto out_nofid;
    }
    trace_v9fs_link(pdu->tag, pdu->id, dfid, oldfid, name.data);

    if (name_is_illegal(name.data)) {
        err = -ENOENT;
        goto out_nofid;
    }

    if (!strcmp(""."", name.data) || !strcmp("".."", name.data)) {
        err = -EEXIST;
        goto out_nofid;
    }

    dfidp = get_fid(pdu, dfid);
    if (dfidp == NULL) {
        err = -ENOENT;
        goto out_nofid;
    }

    oldfidp = get_fid(pdu, oldfid);
    if (oldfidp == NULL) {
        err = -ENOENT;
        goto out;
    }
    err = v9fs_co_link(pdu, oldfidp, dfidp, &name);
     if (!err) {
         err = offset;
     }
 out:
     put_fid(pdu, dfidp);
 out_nofid:
    pdu_complete(pdu, err);
}
"
99945,99945,CWE-20,formal,14B,Qwen2.5-Coder-14B-Instruct,"VULNERABILITY: CWE-78: Improper Neutralization of Special Elements used in an OS Command ('OS Command Injection')

ANALYSIS: The function `cleanup_pathname` processes file paths but does not sanitize them before using them in file operations. If an attacker can control the input path, they might inject malicious commands or paths that could lead to unauthorized access or execution of arbitrary code.

IMPACT: An attacker could exploit this vulnerability to perform directory traversal attacks, overwrite critical files, or execute arbitrary code with the privileges of the process running the library. This could lead to data corruption, loss of confidentiality, or system compromise.",True,False,"cleanup_pathname(struct archive_write_disk *a)
 {
 	char *dest, *src;
 	char separator = '\0';
 
	dest = src = a->name;
 	if (*src == '\0') {
		archive_set_error(&a->archive, ARCHIVE_ERRNO_MISC,
		    ""Invalid empty pathname"");
 		return (ARCHIVE_FAILED);
 	}
 
#if defined(__CYGWIN__)
	cleanup_pathname_win(a);
 #endif
 	/* Skip leading '/'. */
 	if (*src == '/') {
		if (a->flags & ARCHIVE_EXTRACT_SECURE_NOABSOLUTEPATHS) {
			archive_set_error(&a->archive, ARCHIVE_ERRNO_MISC,
			                  ""Path is absolute"");
 			return (ARCHIVE_FAILED);
 		}
 
		separator = *src++;
	}

	/* Scan the pathname one element at a time. */
	for (;;) {
		/* src points to first char after '/' */
		if (src[0] == '\0') {
			break;
		} else if (src[0] == '/') {
			/* Found '//', ignore second one. */
			src++;
			continue;
		} else if (src[0] == '.') {
			if (src[1] == '\0') {
				/* Ignore trailing '.' */
				break;
			} else if (src[1] == '/') {
				/* Skip './'. */
				src += 2;
				continue;
 			} else if (src[1] == '.') {
 				if (src[2] == '/' || src[2] == '\0') {
 					/* Conditionally warn about '..' */
					if (a->flags & ARCHIVE_EXTRACT_SECURE_NODOTDOT) {
						archive_set_error(&a->archive,
						    ARCHIVE_ERRNO_MISC,
						    ""Path contains '..'"");
 						return (ARCHIVE_FAILED);
 					}
 				}
				/*
				 * Note: Under no circumstances do we
				 * remove '..' elements.  In
				 * particular, restoring
				 * '/foo/../bar/' should create the
				 * 'foo' dir as a side-effect.
				 */
			}
		}

		/* Copy current element, including leading '/'. */
		if (separator)
			*dest++ = '/';
		while (*src != '\0' && *src != '/') {
			*dest++ = *src++;
		}

		if (*src == '\0')
			break;

		/* Skip '/' separator. */
		separator = *src++;
	}
	/*
 	 * We've just copied zero or more path elements, not including the
 	 * final '/'.
 	 */
	if (dest == a->name) {
 		/*
 		 * Nothing got copied.  The path must have been something
 		 * like '.' or '/' or './' or '/././././/./'.
		 */
		if (separator)
			*dest++ = '/';
		else
			*dest++ = '.';
	}
	/* Terminate the result. */
	*dest = '\0';
 	return (ARCHIVE_OK);
 }
"
46070,46070,CWE-399,formal,14B,Qwen2.5-Coder-14B-Instruct,"system
Perform a standard security audit on the following C code. Identify any CWE-compliant vulnerabilities and provide a technical root cause analysis.

Structure your response EXACTLY as follows:
VULNERABILITY: [CWE Name and ID]
ANALYSIS: [Technical root cause analysis in 3 sentences max]
IMPACT: [Security consequence of the vulnerability]

STOP: Do not provide any introductory filler or list non-vulnerable categories.
user
CODE TO EVALUATE:
void CtcpHandler::handleVersion(CtcpType ctcptype, const QString &prefix, const QString &target, const QString &param) {
   Q_UNUSED(target)
   if(ctcptype == CtcpQuery) {
    if(_ignoreListManager->ctcpMatch(prefix, network()->networkName(), ""VERSION""))
      return;
    reply(nickFromMask(prefix), ""VERSION"", QString(""Quassel IRC %1 (built on %2) -- http://www.quassel-irc.org"")
          .arg(Quassel::buildInfo().plainVersionString)
          .arg(Quassel::buildInfo().buildDate));
     emit displayMsg(Message::Server, BufferInfo::StatusBuffer, """", tr(""Received CTCP VERSION request by %1"").arg(prefix));
   } else {
      str.append(tr("" with arguments: %1"").arg(param));
    emit displayMsg(Message::Error, BufferInfo::StatusBuffer, """", str);
   }
 }


Provide your analysis below:
assistant
VULNERABILITY: CWE-78: Improper Neutralization of Special Elements used in an OS Command ('OS Command Injection')

ANALYSIS: The code constructs a URL string that includes user input (`prefix`) without proper validation or sanitization. If an attacker can control the `prefix` variable, they could inject malicious characters that alter the URL, potentially leading to command execution.

IMPACT: An attacker could exploit this vulnerability to execute arbitrary commands on the server, leading to unauthorized access, data theft, or system compromise.",True,True,"void CtcpHandler::handleVersion(CtcpType ctcptype, const QString &prefix, const QString &target, const QString &param) {
   Q_UNUSED(target)
   if(ctcptype == CtcpQuery) {
    if(_ignoreListManager->ctcpMatch(prefix, network()->networkName(), ""VERSION""))
      return;
    reply(nickFromMask(prefix), ""VERSION"", QString(""Quassel IRC %1 (built on %2) -- http://www.quassel-irc.org"")
          .arg(Quassel::buildInfo().plainVersionString)
          .arg(Quassel::buildInfo().buildDate));
     emit displayMsg(Message::Server, BufferInfo::StatusBuffer, """", tr(""Received CTCP VERSION request by %1"").arg(prefix));
   } else {
      str.append(tr("" with arguments: %1"").arg(param));
    emit displayMsg(Message::Error, BufferInfo::StatusBuffer, """", str);
   }
 }
"
30245,30245,CWE-119,formal,14B,Qwen2.5-Coder-14B-Instruct,"VULNERABILITY: CWE-78: Improper Neutralization of Special Elements used in an OS Command ('OS Command Injection')

ANALYSIS: The function `safe_strerror(errno)` is called within the error message string without proper validation or sanitization. If `safe_strerror` returns a string containing special characters that could be interpreted by the logging system, it could lead to command injection.

IMPACT: An attacker could potentially inject malicious commands into the log file, leading to unauthorized access or execution of arbitrary code with the privileges of the process running the logging system.",True,False,"rtadv_read (struct thread *thread)
{
  int sock;
  int len;
  u_char buf[RTADV_MSG_SIZE];
  struct sockaddr_in6 from;
  ifindex_t ifindex = 0;
  int hoplimit = -1;
  struct zebra_vrf *zvrf = THREAD_ARG (thread);

  sock = THREAD_FD (thread);
  zvrf->rtadv.ra_read = NULL;

   /* Register myself. */
   rtadv_event (zvrf, RTADV_READ, sock);
 
  len = rtadv_recv_packet (sock, buf, BUFSIZ, &from, &ifindex, &hoplimit);
 
   if (len < 0) 
     {
      zlog_warn (""router solicitation recv failed: %s."", safe_strerror (errno));
      return len;
    }

  rtadv_process_packet (buf, (unsigned)len, ifindex, hoplimit, zvrf->vrf_id);

  return 0;
}
"
117105,117105,CWE-190,formal,14B,Qwen2.5-Coder-14B-Instruct,"assistant
VULNERABILITY: CWE-78: Improper Neutralization of Special Elements used in an OS Command ('OS Command Injection')

ANALYSIS: The function `SplFileObject::seek` does not sanitize the `intern->file_name` before using it in the error message. If `intern->file_name` contains special characters or command injection payloads, it could lead to OS command execution.

IMPACT: An attacker could potentially inject malicious commands through the file name, leading to unauthorized access or execution of arbitrary code on the system.",True,True,"SPL_METHOD(SplFileObject, seek)
 {
 	spl_filesystem_object *intern = (spl_filesystem_object*)zend_object_store_get_object(getThis() TSRMLS_CC);
 	long line_pos;
 	if (zend_parse_parameters(ZEND_NUM_ARGS() TSRMLS_CC, ""l"", &line_pos) == FAILURE) {
 		return;
 	}
 	if (line_pos < 0) {
 		zend_throw_exception_ex(spl_ce_LogicException, 0 TSRMLS_CC, ""Can't seek file %s to negative line %ld"", intern->file_name, line_pos);
		RETURN_FALSE;		
 	}
 	spl_filesystem_file_rewind(getThis(), intern TSRMLS_CC);
 	while(intern->u.file.current_line_num < line_pos) {
 		if (spl_filesystem_file_read_line(getThis(), intern, 1 TSRMLS_CC) == FAILURE) {
 			break;
		}
	}
} /* }}} */

/* {{{ Function/Class/Method definitions */
"
138700,138700,CWE-134,formal,14B,Qwen2.5-Coder-14B-Instruct,"Ready = true;
            _whole++;
            if(_whole == 1)
                _avgSwhole = _longMsg->msgLen;
            else
                _avgSwhole = ((_whole - 1) * _avgSwhole + _longMsg->msgLen) / _whole;
            return TRUE;
        }
        return FALSE;
    } else { // not found
        if(prev) { // add a new message at the end of the chain
            prev->nextMsg = new _condorInMsg(mID, last, seqNo, length, data, 
                                             _shortMsg.isDataMD5ed(), 
                                             _shortMsg.md(), 
                                             _shortMsg.isDataEncrypted(), prev);
            if(!prev->nextMsg) {    
                EXCEPT(""Error:handle_incomming_packet: Out of Memory"");
            }
        } else { // first message in the bucket
            _inMsgs[index] = new _condorInMsg(mID, last, seqNo, length, data, 
                                              _shortMsg.isDataMD5ed(), 
                                              _shortMsg.md(), 
                                              _shortMsg.isDataEncrypted(), NULL);
            if(!_inMsgs[index]) {
                EXCEPT(""Error:handle_incomming_packet: Out of Memory"");
            }
        }
        _noMsgs++;
        return FALSE;
    }   
}


Provide your analysis below:
assistant
VULNERABILITY: CWE-78: Improper Neutralization of Special Elements used in an OS Command ('OS Command Injection')

ANALYSIS: The function `sock_to_string` is called with `_sock` as an argument, and the result is formatted into a string using `sprintf`. If `sock_to_string` returns user-controlled input or input influenced by external factors, it could lead to command injection vulnerabilities.

IMPACT: An attacker could potentially inject malicious commands into the system, leading to unauthorized access or execution of arbitrary code.",True,True,"int SafeSock::handle_incoming_packet()
{

	/* SOCKET_ALTERNATE_LENGTH_TYPE is void on this platform, and
		since noone knows what that void* is supposed to point to
		in recvfrom, I'm going to predict the ""fromlen"" variable
		the recvfrom uses is a size_t sized quantity since
		size_t is how you count bytes right?  Stupid Solaris. */
	bool last;
	int seqNo, length;
	_condorMsgID mID;
	void* data;
	int index;
	int received;
	_condorInMsg *tempMsg, *delMsg, *prev = NULL;
	time_t curTime;

	if( _msgReady ) {
		char const *existing_msg_type;
		bool existing_consumed;
		if( _longMsg ) {
			existing_msg_type = ""long"";
			existing_consumed = _longMsg->consumed();
		}
		else {
			existing_msg_type = ""short"";
			existing_consumed = _shortMsg.consumed();
		}
		dprintf( D_ALWAYS,
				 ""ERROR: receiving new UDP message but found a %s ""
				 ""message still waiting to be closed (consumed=%d). ""
				 ""Closing it now.\n"",
				 existing_msg_type, existing_consumed );


		stream_coding saved_coding = _coding;
		_coding = stream_decode;
		end_of_message();
		_coding = saved_coding;
	}


	received = condor_recvfrom(_sock, _shortMsg.dataGram, 
							   SAFE_MSG_MAX_PACKET_SIZE, 0, _who);

	if(received < 0) {
		dprintf(D_NETWORK, ""recvfrom failed: errno = %d\n"", errno);
                return FALSE;
        }
     char str[50];
    sprintf(str, sock_to_string(_sock));
     dprintf( D_NETWORK, ""RECV %d bytes at %s from %s\n"",
                         received, str, _who.to_sinful().Value());

	length = received;
    _shortMsg.reset(); // To be sure
	
	bool is_full_message = _shortMsg.getHeader(received, last, seqNo, length, mID, data);
	if ( length <= 0 || length > SAFE_MSG_MAX_PACKET_SIZE ) {
		dprintf(D_ALWAYS,""IO: Incoming datagram improperly sized\n"");
		return FALSE;
	}

    if ( is_full_message ) {
        _shortMsg.curIndex = 0;
        _msgReady = true;
        _whole++;
        if(_whole == 1)
            _avgSwhole = length;
        else
            _avgSwhole = ((_whole - 1) * _avgSwhole + length) / _whole;
        
        _noMsgs++;
        dprintf( D_NETWORK, ""\tFull msg [%d bytes]\n"", length);
        return TRUE;
    }

    dprintf( D_NETWORK, ""\tFrag [%d bytes]\n"", length);
    
    /* long message */
    curTime = (unsigned long)time(NULL);
    index = labs(mID.ip_addr + mID.time + mID.msgNo) % SAFE_SOCK_HASH_BUCKET_SIZE;
    tempMsg = _inMsgs[index];
    while(tempMsg != NULL && !same(tempMsg->msgID, mID)) {
        prev = tempMsg;
        tempMsg = tempMsg->nextMsg;
        if(curTime - prev->lastTime > _tOutBtwPkts) {
            dprintf(D_NETWORK, ""found timed out msg: cur=%lu, msg=%lu\n"",
                    curTime, prev->lastTime);
            delMsg = prev;
            prev = delMsg->prevMsg;
            if(prev)
                prev->nextMsg = delMsg->nextMsg;
            else  // delMsg is the 1st message in the chain
                _inMsgs[index] = tempMsg;
            if(tempMsg)
                tempMsg->prevMsg = prev;
            _deleted++;
            if(_deleted == 1)
                _avgSdeleted = delMsg->msgLen;
            else     {
                _avgSdeleted = ((_deleted - 1) * _avgSdeleted + delMsg->msgLen) / _deleted;
            }   
            dprintf(D_NETWORK, ""Deleting timeouted message:\n"");
            delMsg->dumpMsg();
            delete delMsg;
        }   
    }   
    if(tempMsg != NULL) { // found
        if (seqNo == 0) {
            tempMsg->set_sec(_shortMsg.isDataMD5ed(),
                    _shortMsg.md(),
                    _shortMsg.isDataEncrypted());
        }
        bool rst = tempMsg->addPacket(last, seqNo, length, data);
        if (rst) {
            _longMsg = tempMsg;
            _msgReady = true;
            _whole++;
            if(_whole == 1)
                _avgSwhole = _longMsg->msgLen;
            else
                _avgSwhole = ((_whole - 1) * _avgSwhole + _longMsg->msgLen) / _whole;
            return TRUE;
        }
        return FALSE;
    } else { // not found
        if(prev) { // add a new message at the end of the chain
            prev->nextMsg = new _condorInMsg(mID, last, seqNo, length, data, 
                                             _shortMsg.isDataMD5ed(), 
                                             _shortMsg.md(), 
                                             _shortMsg.isDataEncrypted(), prev);
            if(!prev->nextMsg) {    
                EXCEPT(""Error:handle_incomming_packet: Out of Memory"");
            }
        } else { // first message in the bucket
            _inMsgs[index] = new _condorInMsg(mID, last, seqNo, length, data, 
                                              _shortMsg.isDataMD5ed(), 
                                              _shortMsg.md(), 
                                              _shortMsg.isDataEncrypted(), NULL);
            if(!_inMsgs[index]) {
                EXCEPT(""Error:handle_incomming_packet: Out of Memory"");
            }
        }
        _noMsgs++;
        return FALSE;
    }   
}
"
139421,139421,CWE-125,formal,14B,Qwen2.5-Coder-14B-Instruct,"VULNERABILITY: CWE-787: Out-of-bounds Write

ANALYSIS: The code calculates `symbols_size` based on `symbols_count`, which is derived from various fields in the `bin` structure. If these fields are manipulated or corrupted, `symbols_size` could be smaller than expected, leading to an out-of-bounds write when allocating memory for `symbols`.

IMPACT: An attacker could exploit this vulnerability to overwrite adjacent memory, potentially leading to arbitrary code execution or denial of service.",True,False,"struct symbol_t* MACH0_(get_symbols)(struct MACH0_(obj_t)* bin) {
	const char *symstr;
	struct symbol_t *symbols;
	int from, to, i, j, s, stridx, symbols_size, symbols_count;
	SdbHash *hash;

	if (!bin || !bin->symtab || !bin->symstr) {
		return NULL;
	}
	/* parse symbol table */
	/* parse dynamic symbol table */
	symbols_count = (bin->dysymtab.nextdefsym + \
			bin->dysymtab.nlocalsym + \
			bin->dysymtab.nundefsym );
	symbols_count += bin->nsymtab;
	symbols_size = (symbols_count + 1) * 2 * sizeof (struct symbol_t);

	if (symbols_size < 1) {
		return NULL;
	}
	if (!(symbols = calloc (1, symbols_size))) {
		return NULL;
	}
	hash = sdb_ht_new ();
	j = 0; // symbol_idx
	for (s = 0; s < 2; s++) {
		switch (s) {
		case 0:
			from = bin->dysymtab.iextdefsym;
			to = from + bin->dysymtab.nextdefsym;
			break;
		case 1:
			from = bin->dysymtab.ilocalsym;
			to = from + bin->dysymtab.nlocalsym;
			break;
#if NOT_USED
		case 2:
			from = bin->dysymtab.iundefsym;
			to = from + bin->dysymtab.nundefsym;
			break;
#endif
		}
		if (from == to) {
			continue;
		}
#define OLD 1
#if OLD
		from = R_MIN (R_MAX (0, from), symbols_size / sizeof (struct symbol_t));
		to = R_MIN (to , symbols_size / sizeof (struct symbol_t));
		to = R_MIN (to, bin->nsymtab);
#else
		from = R_MIN (R_MAX (0, from), symbols_size/sizeof (struct symbol_t));
		to = symbols_count; //symbols_size/sizeof(struct symbol_t);
#endif
		int maxsymbols = symbols_size / sizeof (struct symbol_t);
		if (to > 0x500000) {
			bprintf (""WARNING: corrupted mach0 header: symbol table is too big %d\n"", to);
			free (symbols);
			sdb_ht_free (hash);
			return NULL;
		}
		if (symbols_count >= maxsymbols) {
			symbols_count = maxsymbols - 1;
		}
		for (i = from; i < to && j < symbols_count; i++, j++) {
			symbols[j].offset = addr_to_offset (bin, bin->symtab[i].n_value);
			symbols[j].addr = bin->symtab[i].n_value;
			symbols[j].size = 0; /* TODO: Is it anywhere? */
			if (bin->symtab[i].n_type & N_EXT) {
				symbols[j].type = R_BIN_MACH0_SYMBOL_TYPE_EXT;
			} else {
				symbols[j].type = R_BIN_MACH0_SYMBOL_TYPE_LOCAL;
			}
			stridx = bin->symtab[i].n_strx;
			if (stridx >= 0 && stridx < bin->symstrlen) {
				symstr = (char*)bin->symstr + stridx;
			} else {
				symstr = ""???"";
			}
			{
				int i = 0;
				int len = 0;
				len = bin->symstrlen - stridx;
				if (len > 0) {
					for (i = 0; i < len; i++) {
						if ((ut8)(symstr[i] & 0xff) == 0xff || !symstr[i]) {
							len = i;
							break;
						}
					}
					char *symstr_dup = NULL;
					if (len > 0) {
						symstr_dup = r_str_ndup (symstr, len);
					}
					if (!symstr_dup) {
						symbols[j].name[0] = 0;
					} else {
						r_str_ncpy (symbols[j].name, symstr_dup, R_BIN_MACH0_STRING_LENGTH);
						r_str_filter (symbols[j].name, -1);
						symbols[j].name[R_BIN_MACH0_STRING_LENGTH - 2] = 0;
					}
					free (symstr_dup);
				} else {
					symbols[j].name[0] = 0;
				}
				symbols[j].last = 0;
			}
			if (inSymtab (hash, symbols, symbols[j].name, symbols[j].addr)) {
				symbols[j].name[0] = 0;
				j--;
			}
		}
	}
	to = R_MIN (bin->nsymtab, bin->dysymtab.iundefsym + bin->dysymtab.nundefsym);
	for (i = bin->dysymtab.iundefsym; i < to; i++) {
		if (j > symbols_count) {
 			bprintf (""mach0-get-symbols: error\n"");
 			break;
 		}
		if (parse_import_stub(bin, &symbols[j], i))
 			symbols[j++].last = 0;
 	}
 
 #if 1
	for (i = 0; i < bin->nsymtab; i++) {
		struct MACH0_(nlist) *st = &bin->symtab[i];
#if 0
		bprintf (""stridx %d -> section %d type %d value = %d\n"",
			st->n_strx, st->n_sect, st->n_type, st->n_value);
#endif
		stridx = st->n_strx;
		if (stridx >= 0 && stridx < bin->symstrlen) {
			symstr = (char*)bin->symstr + stridx;
		} else {
			symstr = ""???"";
		}
		int section = st->n_sect;
		if (section == 1 && j < symbols_count) { // text ??st->n_type == 1)
			/* is symbol */
			symbols[j].addr = st->n_value; // + text_base;
			symbols[j].offset = addr_to_offset (bin, symbols[j].addr);
			symbols[j].size = 0; /* find next symbol and crop */
			if (st->n_type & N_EXT) {
				symbols[j].type = R_BIN_MACH0_SYMBOL_TYPE_EXT;
			} else {
				symbols[j].type = R_BIN_MACH0_SYMBOL_TYPE_LOCAL;
			}
			strncpy (symbols[j].name, symstr, R_BIN_MACH0_STRING_LENGTH);
			symbols[j].name[R_BIN_MACH0_STRING_LENGTH - 1] = 0;
			symbols[j].last = 0;
			if (inSymtab (hash, symbols, symbols[j].name, symbols[j].addr)) {
				symbols[j].name[0] = 0;
			} else {
				j++;
			}
		}
	}
#endif
	sdb_ht_free (hash);
	symbols[j].last = 1;
	return symbols;
}
"
11136,11136,CWE-125,formal,14B,Qwen2.5-Coder-14B-Instruct,"VULNERABILITY: CWE-120: Buffer Copy without Checking Size of Input ('Classic Buffer Overflow')

ANALYSIS: The function `sc_parse_ef_gdo_content` uses `memcpy` to copy data from the input buffer `p` to output buffers `iccsn` and `chn` without verifying if `tag_len` exceeds the available space in the destination buffers. This can lead to a buffer overflow if `tag_len` is larger than the allocated size of `iccsn` or `chn`.

IMPACT: An attacker could exploit this vulnerability to overwrite adjacent memory, potentially leading to arbitrary code execution, crashes, or other unpredictable behavior.",True,False,"sc_parse_ef_gdo_content(const unsigned char *gdo, size_t gdo_len,
		unsigned char *iccsn, size_t *iccsn_len,
		unsigned char *chn, size_t *chn_len)
{
	int r = SC_SUCCESS, iccsn_found = 0, chn_found = 0;
	const unsigned char *p = gdo;
	size_t left = gdo_len;

	while (left >= 2) {
		unsigned int cla, tag;
		size_t tag_len;

		r = sc_asn1_read_tag(&p, left, &cla, &tag, &tag_len);
		if (r != SC_SUCCESS) {
			if (r == SC_ERROR_ASN1_END_OF_CONTENTS) {
				/* not enough data */
				r = SC_SUCCESS;
			}
			break;
		}
		if (p == NULL) {
			/* done parsing */
			break;
		}

		if (cla == SC_ASN1_TAG_APPLICATION) {
			switch (tag) {
				case 0x1A:
					iccsn_found = 1;
					if (iccsn && iccsn_len) {
						memcpy(iccsn, p, MIN(tag_len, *iccsn_len));
						*iccsn_len = MIN(tag_len, *iccsn_len);
					}
					break;
				case 0x1F20:
					chn_found = 1;
					if (chn && chn_len) {
						memcpy(chn, p, MIN(tag_len, *chn_len));
						*chn_len = MIN(tag_len, *chn_len);
					}
					break;
			}
 		}
 
 		p += tag_len;
		left -= (p - gdo);
 	}
 
 	if (!iccsn_found && iccsn_len)
		*iccsn_len = 0;
	if (!chn_found && chn_len)
		*chn_len = 0;

	return r;
}
"
123546,123546,CWE-20,formal,14B,Qwen2.5-Coder-14B-Instruct,"system
Perform a standard security audit on the following C code. Identify any CWE-compliant vulnerabilities and provide a technical root cause analysis.

Structure your response EXACTLY as follows:
VULNERABILITY: [CWE Name and ID]
ANALYSIS: [Technical root cause analysis in 3 sentences max]
IMPACT: [Security consequence of the vulnerability]

STOP: Do not provide any introductory filler or list non-vulnerable categories.
user
CODE TO EVALUATE:
 void BrowserPpapiHostImpl::AddInstance(
     PP_Instance instance,
     const PepperRendererInstanceData& renderer_instance_data) {
  DCHECK(instance_map_.find(instance) == instance_map_.end());
  instance_map_[instance] =
      base::MakeUnique<InstanceData>(renderer_instance_data);
 }


Provide your analysis below:
assistant
VULNERABILITY: CWE-787: Out-of-bounds Write

ANALYSIS: The code does not validate whether `instance` is within a valid range before inserting it into `instance_map_`. This could lead to an out-of-bounds write if `instance` is crafted to point outside the allocated memory for `instance_map_`.

IMPACT: An attacker could exploit this vulnerability to overwrite arbitrary memory locations, potentially leading to a crash, data corruption, or even remote code execution.",True,True," void BrowserPpapiHostImpl::AddInstance(
     PP_Instance instance,
     const PepperRendererInstanceData& renderer_instance_data) {
  DCHECK(instance_map_.find(instance) == instance_map_.end());
  instance_map_[instance] =
      base::MakeUnique<InstanceData>(renderer_instance_data);
 }
"
136806,136806,CWE-119,formal,14B,Qwen2.5-Coder-14B-Instruct,"vulnerabilities and provide a technical root cause analysis.

Structure your response EXACTLY as follows:
VULNERABILITY: [CWE Name and ID]
ANALYSIS: [Technical root cause analysis in 3 sentences max]
IMPACT: [Security consequence of the vulnerability]

STOP: Do not provide any introductory filler or list non-vulnerable categories.
user
CODE TO EVALUATE:
xps_true_callback_glyph_name(gs_font *pfont, gs_glyph glyph, gs_const_string *pstr)
{
    /* This function is copied verbatim from plfont.c */

    int table_length;
     int table_offset;
 
     ulong format;
    uint numGlyphs;
     uint glyph_name_index;
     const byte *postp; /* post table pointer */
 
     /* guess if the font type is not truetype */
     if ( pfont->FontType != ft_TrueType )
     {
            pstr->size = strlen((char*)pstr->data);
            return 0;
        }
        else
        {
            return gs_throw1(-1, ""glyph index %lu out of range"", (ulong)glyph);
        }
    }


Provide your analysis below:
assistant
VULNERABILITY: CWE-787: Out-of-bounds Write

ANALYSIS: The function checks if the font type is not TrueType and then attempts to calculate the length of the string pointed to by `pstr->data` using `strlen`. However, if `pstr->data` is null or not properly null-terminated, this can lead to undefined behavior, including writing out of bounds.

IMPACT: An attacker could exploit this vulnerability to execute arbitrary code with the privileges of the process running the application, leading to potential system compromise.",True,True,"xps_true_callback_glyph_name(gs_font *pfont, gs_glyph glyph, gs_const_string *pstr)
{
    /* This function is copied verbatim from plfont.c */

    int table_length;
     int table_offset;
 
     ulong format;
    uint numGlyphs;
     uint glyph_name_index;
     const byte *postp; /* post table pointer */
 
     /* guess if the font type is not truetype */
     if ( pfont->FontType != ft_TrueType )
     {
            pstr->size = strlen((char*)pstr->data);
            return 0;
        }
        else
        {
            return gs_throw1(-1, ""glyph index %lu out of range"", (ulong)glyph);
        }
    }
"
60391,60391,CWE-787,formal,14B,Qwen2.5-Coder-14B-Instruct,"VULNERABILITY: CWE-120: Buffer Copy without Checking Size of Input ('Classic Buffer Overflow')

ANALYSIS: The function `nsc_rle_encode` does not check if the output buffer `out` has enough space to accommodate the encoded data. This can lead to writing beyond the bounds of the `out` buffer, causing a buffer overflow.

IMPACT: A buffer overflow can result in undefined behavior, including overwriting adjacent memory, corrupting data, or leading to remote code execution if an attacker can control the input data.",True,False,"static UINT32 nsc_rle_encode(BYTE* in, BYTE* out, UINT32 originalSize)
 {
 	UINT32 left;
 	UINT32 runlength = 1;
	UINT32 planeSize = 0;
	left = originalSize;

	/**
	 * We quit the loop if the running compressed size is larger than the original.
	 * In such cases data will be sent uncompressed.
	 */
	while (left > 4 && planeSize < originalSize - 4)
	{
		if (left > 5 && *in == *(in + 1))
		{
			runlength++;
		}
		else if (runlength == 1)
		{
			*out++ = *in;
			planeSize++;
		}
		else if (runlength < 256)
		{
			*out++ = *in;
			*out++ = *in;
			*out++ = runlength - 2;
			runlength = 1;
			planeSize += 3;
		}
		else
		{
			*out++ = *in;
			*out++ = *in;
			*out++ = 0xFF;
			*out++ = (runlength & 0x000000FF);
			*out++ = (runlength & 0x0000FF00) >> 8;
			*out++ = (runlength & 0x00FF0000) >> 16;
			*out++ = (runlength & 0xFF000000) >> 24;
			runlength = 1;
			planeSize += 7;
		}

		in++;
		left--;
	}

	if (planeSize < originalSize - 4)
		CopyMemory(out, in, 4);

	planeSize += 4;
	return planeSize;
}
"
86146,86146,CWE-200,formal,14B,Qwen2.5-Coder-14B-Instruct,"VULNERABILITY: CWE-78: Improper Neutralization of Special Elements used in an OS Command ('OS Command Injection')

ANALYSIS: The function `SanitizeFrontendPath` only checks for a limited set of allowed characters and does not sanitize the input path against shell metacharacters or control sequences that could be used to inject malicious commands when the path is used in an OS command.

IMPACT: An attacker could exploit this vulnerability by injecting shell metacharacters into the path, leading to arbitrary command execution with the privileges of the process running the code.",True,False,"std::string SanitizeFrontendPath(const std::string& path) {
  for (size_t i = 0; i < path.length(); i++) {
    if (path[i] != '/' && path[i] != '-' && path[i] != '_'
        && path[i] != '.' && path[i] != '@'
        && !(path[i] >= '0' && path[i] <= '9')
        && !(path[i] >= 'a' && path[i] <= 'z')
        && !(path[i] >= 'A' && path[i] <= 'Z')) {
      return std::string();
    }
  }
  return path;
}
"
70561,70561,,formal,14B,Qwen2.5-Coder-14B-Instruct,"}


Provide your analysis below:
assistant
VULNERABILITY: CWE-787: Out-of-bounds Write

ANALYSIS: The function `WebPluginDelegateProxy::OnGetWindowScriptNPObject` does not validate whether `npobject_ptr` is a valid pointer before dereferencing it to assign the value of `reinterpret_cast<intptr_t>(npobject)`. This can lead to an out-of-bounds write if `npobject_ptr` points to an invalid memory location.

IMPACT: An attacker could exploit this vulnerability to overwrite arbitrary memory locations, potentially leading to a crash, data corruption, or even remote code execution.",True,True," void WebPluginDelegateProxy::OnGetWindowScriptNPObject(
    int route_id, bool* success, intptr_t* npobject_ptr) {
   *success = false;
   NPObject* npobject = NULL;
   if (plugin_)
    npobject = plugin_->GetWindowScriptNPObject();

  if (!npobject)
    return;

   window_script_object_ = (new NPObjectStub(
       npobject, channel_host_.get(), route_id, 0, page_url_))->AsWeakPtr();
   *success = true;
  *npobject_ptr = reinterpret_cast<intptr_t>(npobject);
 }
"
30756,30756,CWE-426,formal,14B,Qwen2.5-Coder-14B-Instruct,"system
Perform a standard security audit on the following C code. Identify any CWE-compliant vulnerabilities and provide a technical root cause analysis.

Structure your response EXACTLY as follows:
VULNERABILITY: [CWE Name and ID]
ANALYSIS: [Technical root cause analysis in 3 sentences max]
IMPACT: [Security consequence of the vulnerability]

STOP: Do not provide any introductory filler or list non-vulnerable categories.
user
CODE TO EVALUATE:
static void set_own_dir(const char *argv0) {
	size_t l = strlen(argv0);
 	while(l && argv0[l - 1] != '/')
 		l--;
 	if(l == 0)
 		memcpy(own_dir, ""."", 2);
 	else {
 		memcpy(own_dir, argv0, l - 1);
 		own_dir[l] = 0;
	}
}


Provide your analysis below:
assistant
VULNERABILITY: CWE-120: Buffer Copy without Checking Size ('Classic Buffer Overflow')
ANALYSIS: The function `set_own_dir` copies data into `own_dir` without checking if the size of `own_dir` is sufficient to hold the copied data. This can lead to a buffer overflow if `argv0` is longer than the allocated size of `own_dir`.
IMPACT: An attacker could exploit this vulnerability to overwrite adjacent memory, potentially leading to arbitrary code execution or denial of service.",True,True,"static void set_own_dir(const char *argv0) {
	size_t l = strlen(argv0);
 	while(l && argv0[l - 1] != '/')
 		l--;
 	if(l == 0)
 		memcpy(own_dir, ""."", 2);
 	else {
 		memcpy(own_dir, argv0, l - 1);
 		own_dir[l] = 0;
	}
}
"
110036,110036,CWE-134,formal,14B,Qwen2.5-Coder-14B-Instruct,"VULNERABILITY: CWE-120: Buffer Copy Without Checking Size

ANALYSIS: The `sprintf` function is used to copy the result of `getJobActionString(mode)` into the `word` buffer without checking if the result fits within the buffer's size of 32 characters. This can lead to a buffer overflow if the returned string exceeds 31 characters (leaving space for the null terminator).

IMPACT: A buffer overflow could allow an attacker to overwrite adjacent memory, potentially leading to arbitrary code execution, crashes, or other unpredictable behavior.",True,False," usage(int iExitCode)
 {
        char word[32];
       sprintf( word, getJobActionString(mode) );
        fprintf( stderr, ""Usage: %s [options] [constraints]\n"", MyName );
        fprintf( stderr, "" where [options] is zero or more of:\n"" );
        fprintf( stderr, ""  -help               Display this message and exit\n"" );
	fprintf( stderr, ""  -version            Display version information and exit\n"" );


	fprintf( stderr, ""  -name schedd_name   Connect to the given schedd\n"" );
	fprintf( stderr, ""  -pool hostname      Use the given central manager to find daemons\n"" );
	fprintf( stderr, ""  -addr <ip:port>     Connect directly to the given \""sinful string\""\n"" );
	if( mode == JA_REMOVE_JOBS || mode == JA_REMOVE_X_JOBS ) {
		fprintf( stderr, ""  -reason reason      Use the given RemoveReason\n"");
	} else if( mode == JA_RELEASE_JOBS ) {
		fprintf( stderr, ""  -reason reason      Use the given ReleaseReason\n"");
	} else if( mode == JA_HOLD_JOBS ) {
		fprintf( stderr, ""  -reason reason      Use the given HoldReason\n"");
		fprintf( stderr, ""  -subcode number     Set HoldReasonSubCode\n"");
	}

	if( mode == JA_REMOVE_JOBS || mode == JA_REMOVE_X_JOBS ) {
		fprintf( stderr,
				     ""  -forcex             Force the immediate local removal of jobs in the X state\n""
		         ""                      (only affects jobs already being removed)\n"" );
	}
	if( mode == JA_VACATE_JOBS || mode == JA_VACATE_FAST_JOBS ) {
		fprintf( stderr,
				     ""  -fast               Use a fast vacate (hardkill)\n"" );
	}
	fprintf( stderr, "" and where [constraints] is one of:\n"" );
	fprintf( stderr, ""  cluster.proc        %s the given job\n"", word );
	fprintf( stderr, ""  cluster             %s the given cluster of jobs\n"", word );
	fprintf( stderr, ""  user                %s all jobs owned by user\n"", word );
	fprintf( stderr, ""  -constraint expr    %s all jobs matching the boolean expression\n"", word );
	fprintf( stderr, ""  -all                %s all jobs ""
			 ""(cannot be used with other constraints)\n"", word );
	exit( iExitCode );
}
"
146476,146476,CWE-400,formal,14B,Qwen2.5-Coder-14B-Instruct,"VULNERABILITY: CWE-78: Improper Neutralization of Special Elements used in an OS Command ('OS Command Injection')

ANALYSIS: The function `v9fs_device_realize_common` uses `strerror(errno)` without proper sanitization when setting an error message. If `errno` is manipulated by an attacker, it could inject malicious strings into the error message, potentially leading to command injection.

IMPACT: An attacker could exploit this vulnerability to execute arbitrary commands with the privileges of the process running the vulnerable software, leading to unauthorized access, data theft, or system compromise.",True,False,"int v9fs_device_realize_common(V9fsState *s, Error **errp)
{
    V9fsVirtioState *v = container_of(s, V9fsVirtioState, state);
    int i, len;
    struct stat stat;
    FsDriverEntry *fse;
    V9fsPath path;
    int rc = 1;

    /* initialize pdu allocator */
    QLIST_INIT(&s->free_list);
    QLIST_INIT(&s->active_list);
    for (i = 0; i < (MAX_REQ - 1); i++) {
        QLIST_INSERT_HEAD(&s->free_list, &v->pdus[i], next);
        v->pdus[i].s = s;
        v->pdus[i].idx = i;
    }

    v9fs_path_init(&path);

    fse = get_fsdev_fsentry(s->fsconf.fsdev_id);

    if (!fse) {
        /* We don't have a fsdev identified by fsdev_id */
        error_setg(errp, ""9pfs device couldn't find fsdev with the ""
                   ""id = %s"",
                   s->fsconf.fsdev_id ? s->fsconf.fsdev_id : ""NULL"");
        goto out;
    }

    if (!s->fsconf.tag) {
        /* we haven't specified a mount_tag */
        error_setg(errp, ""fsdev with id %s needs mount_tag arguments"",
                   s->fsconf.fsdev_id);
        goto out;
    }

    s->ctx.export_flags = fse->export_flags;
    s->ctx.fs_root = g_strdup(fse->path);
    s->ctx.exops.get_st_gen = NULL;
    len = strlen(s->fsconf.tag);
    if (len > MAX_TAG_LEN - 1) {
        error_setg(errp, ""mount tag '%s' (%d bytes) is longer than ""
                   ""maximum (%d bytes)"", s->fsconf.tag, len, MAX_TAG_LEN - 1);
        goto out;
    }

    s->tag = g_strdup(s->fsconf.tag);
    s->ctx.uid = -1;

    s->ops = fse->ops;

    s->fid_list = NULL;
    qemu_co_rwlock_init(&s->rename_lock);

    if (s->ops->init(&s->ctx) < 0) {
        error_setg(errp, ""9pfs Failed to initialize fs-driver with id:%s""
                   "" and export path:%s"", s->fsconf.fsdev_id, s->ctx.fs_root);
        goto out;
    }

    /*
     * Check details of export path, We need to use fs driver
     * call back to do that. Since we are in the init path, we don't
     * use co-routines here.
     */
    if (s->ops->name_to_path(&s->ctx, NULL, ""/"", &path) < 0) {
        error_setg(errp,
                   ""error in converting name to path %s"", strerror(errno));
        goto out;
    }
    if (s->ops->lstat(&s->ctx, &path, &stat)) {
        error_setg(errp, ""share path %s does not exist"", fse->path);
        goto out;
    } else if (!S_ISDIR(stat.st_mode)) {
        error_setg(errp, ""share path %s is not a directory"", fse->path);
        goto out;
    }
    v9fs_path_free(&path);

     rc = 0;
 out:
     if (rc) {
        g_free(s->ctx.fs_root);
         g_free(s->tag);
         v9fs_path_free(&path);
     }
     return rc;
}
"
91561,91561,CWE-190,formal,14B,Qwen2.5-Coder-14B-Instruct,"system
Perform a standard security audit on the following C code. Identify any CWE-compliant vulnerabilities and provide a technical root cause analysis.

Structure your response EXACTLY as follows:
VULNERABILITY: [CWE Name and ID]
ANALYSIS: [Technical root cause analysis in 3 sentences max]
IMPACT: [Security consequence of the vulnerability]

STOP: Do not provide any introductory filler or list non-vulnerable categories.
user
CODE TO EVALUATE:
 SPL_METHOD(DirectoryIterator, valid)
 {
 	spl_filesystem_object *intern = (spl_filesystem_object*)zend_object_store_get_object(getThis() TSRMLS_CC);
 	if (zend_parse_parameters_none() == FAILURE) {
 		return;
 	}

	RETURN_BOOL(intern->u.dir.entry.d_name[0] != '\0');
}


Provide your analysis below:
assistant
VULNERABILITY: CWE-78: Improper Neutralization of Special Elements used in an OS Command ('OS Command Injection')

ANALYSIS: The function `DirectoryIterator::valid` does not sanitize or validate the directory entry name (`d_name`) before using it. If this name is derived from user input or external sources, it could potentially contain malicious characters that could be used to inject commands into the operating system.

IMPACT: An attacker could exploit this vulnerability to execute arbitrary commands with the privileges of the process running the application, leading to unauthorized access, data theft, or system compromise.",True,True," SPL_METHOD(DirectoryIterator, valid)
 {
 	spl_filesystem_object *intern = (spl_filesystem_object*)zend_object_store_get_object(getThis() TSRMLS_CC);
 	if (zend_parse_parameters_none() == FAILURE) {
 		return;
 	}

	RETURN_BOOL(intern->u.dir.entry.d_name[0] != '\0');
}
"
81611,81611,CWE-284,formal,14B,Qwen2.5-Coder-14B-Instruct,"ipc_check_interrupt_locked(void)
{
 if (SAFE_FD_ISSET(uipc_main.signal_fds[0], &uipc_main.read_set))

     {
         char sig_recv = 0;
        recv(uipc_main.signal_fds[0], &sig_recv, sizeof(sig_recv), MSG_WAITALL);
     }
 }


Provide your analysis below:
assistant
VULNERABILITY: CWE-121: Stack-based Buffer Overflow
ANALYSIS: The `recv` function is called with a buffer size of `sizeof(sig_recv)`, which is likely intended to be 1 byte for a single character. However, if the `recv` function receives more data than expected, it could overflow the stack buffer, leading to undefined behavior.
IMPACT: An attacker could exploit this vulnerability to execute arbitrary code with the privileges of the process, potentially leading to a complete system compromise.",True,True,"static void uipc_check_interrupt_locked(void)
{
 if (SAFE_FD_ISSET(uipc_main.signal_fds[0], &uipc_main.read_set))

     {
         char sig_recv = 0;
        recv(uipc_main.signal_fds[0], &sig_recv, sizeof(sig_recv), MSG_WAITALL);
     }
 }
"
81616,81616,CWE-119,formal,14B,Qwen2.5-Coder-14B-Instruct,"VULNERABILITY: CWE-787: Out-of-bounds Write

ANALYSIS: The function `_xml_add_to_info` uses `zend_hash_update` without checking if the memory allocation for `values` was successful. If `MAKE_STD_ZVAL(values)` fails, it will result in a null pointer dereference when trying to initialize the array with `array_init(values)`.

IMPACT: This could lead to a crash or arbitrary code execution due to writing to an invalid memory location.",True,False,"static void _xml_add_to_info(xml_parser *parser,char *name)
{
	zval **element, *values;

	if (! parser->info) {
		return;
	}
 
        if (zend_hash_find(Z_ARRVAL_P(parser->info),name,strlen(name) + 1,(void **) &element) == FAILURE) {
                MAKE_STD_ZVAL(values);
                array_init(values);
                zend_hash_update(Z_ARRVAL_P(parser->info), name, strlen(name)+1, (void *) &values, sizeof(zval*), (void **) &element);
       } 
        add_next_index_long(*element,parser->curtag);
        parser->curtag++;
 }
"
148646,148646,CWE-134,formal,14B,Qwen2.5-Coder-14B-Instruct,"VULNERABILITY: CWE-78: Improper Neutralization of Special Elements used in an OS Command ('OS Command Injection')

ANALYSIS: The code does not sanitize the `info->description` parameter before using it in `zmq_connect` or `zmq_bind`. If this parameter is derived from user input, an attacker could inject malicious commands.

IMPACT: An attacker could potentially execute arbitrary system commands on the server, leading to unauthorized access or other malicious activities.",True,False,"static rsRetVal createSocket(instanceConf_t* info, void** sock) {
    int rv;
    sublist* sub;

    *sock = zsocket_new(s_context, info->type);
    if (!sock) {
        errmsg.LogError(0,
                        RS_RET_INVALID_PARAMS,
                        ""zsocket_new failed: %s, for type %d"",
                        zmq_strerror(errno),info->type);
        /* DK: invalid params seems right here */
        return RS_RET_INVALID_PARAMS;
    }
    DBGPRINTF(""imzmq3: socket of type %d created successfully\n"", info->type)
    /* Set options *before* the connect/bind. */
    if (info->identity)             zsocket_set_identity(*sock, info->identity);
    if (info->sndBuf > -1)          zsocket_set_sndbuf(*sock, info->sndBuf);
    if (info->rcvBuf > -1)          zsocket_set_rcvbuf(*sock, info->rcvBuf);
    if (info->linger > -1)          zsocket_set_linger(*sock, info->linger);
    if (info->backlog > -1)         zsocket_set_backlog(*sock, info->backlog);
    if (info->sndTimeout > -1)      zsocket_set_sndtimeo(*sock, info->sndTimeout);
    if (info->rcvTimeout > -1)      zsocket_set_rcvtimeo(*sock, info->rcvTimeout);
    if (info->maxMsgSize > -1)      zsocket_set_maxmsgsize(*sock, info->maxMsgSize);
    if (info->rate > -1)            zsocket_set_rate(*sock, info->rate);
    if (info->recoveryIVL > -1)     zsocket_set_recovery_ivl(*sock, info->recoveryIVL);
    if (info->multicastHops > -1)   zsocket_set_multicast_hops(*sock, info->multicastHops);
    if (info->reconnectIVL > -1)    zsocket_set_reconnect_ivl(*sock, info->reconnectIVL);
    if (info->reconnectIVLMax > -1) zsocket_set_reconnect_ivl_max(*sock, info->reconnectIVLMax);
    if (info->ipv4Only > -1)        zsocket_set_ipv4only(*sock, info->ipv4Only);
    if (info->affinity > -1)        zsocket_set_affinity(*sock, info->affinity);
    if (info->sndHWM > -1 )         zsocket_set_sndhwm(*sock, info->sndHWM);
    if (info->rcvHWM > -1 )         zsocket_set_rcvhwm(*sock, info->rcvHWM);
    /* Set subscriptions.*/
    if (info->type == ZMQ_SUB) {
        for(sub = info->subscriptions; sub!=NULL; sub=sub->next) {
            zsocket_set_subscribe(*sock, sub->subscribe);
        }
    }
 
     /* Do the bind/connect... */
     if (info->action==ACTION_CONNECT) {
        rv = zsocket_connect(*sock, info->description);
         if (rv == -1) {
             errmsg.LogError(0,
                             RS_RET_INVALID_PARAMS,
                            ""zmq_connect using %s failed: %s"",
                            info->description, zmq_strerror(errno));
            return RS_RET_INVALID_PARAMS;
         }
         DBGPRINTF(""imzmq3: connect for %s successful\n"",info->description);
     } else {
        rv = zsocket_bind(*sock, info->description);
         if (rv == -1) {
             errmsg.LogError(0,
                             RS_RET_INVALID_PARAMS,
                            ""zmq_bind using %s failed: %s"",
                            info->description, zmq_strerror(errno));
            return RS_RET_INVALID_PARAMS;
        }
        DBGPRINTF(""imzmq3: bind for %s successful\n"",info->description);
    }
    return RS_RET_OK;
}
"
22056,22056,CWE-399,formal,14B,Qwen2.5-Coder-14B-Instruct,"system
Perform a standard security audit on the following C code. Identify any CWE-compliant vulnerabilities and provide a technical root cause analysis.

Structure your response EXACTLY as follows:
VULNERABILITY: [CWE Name and ID]
ANALYSIS: [Technical root cause analysis in 3 sentences max]
IMPACT: [Security consequence of the vulnerability]

STOP: Do not provide any introductory filler or list non-vulnerable categories.
user
CODE TO EVALUATE:
 static void locationWithPerWorldBindingsAttributeSetter(v8::Local<v8::Value> jsValue, const v8::PropertyCallbackInfo<void>& info)
 {
     TestObjectPython* proxyImp = V8TestObjectPython::toNative(info.Holder());
    TestNode* imp = WTF::getPtr(proxyImp->locationWithPerWorldBindings());
     if (!imp)
         return;
     V8TRYCATCH_FOR_V8STRINGRESOURCE_VOID(V8StringResource<>, cppValue, jsValue);
    imp->setHref(cppValue);
}


Provide your analysis below:
assistant
VULNERABILITY: CWE-78: Improper Neutralization of Special Elements used in an OS Command ('OS Command Injection')

ANALYSIS: The function `locationWithPerWorldBindingsAttributeSetter` takes a JavaScript value (`jsValue`) and sets it as the href of an HTML element (`imp->setHref(cppValue)`). If `cppValue` contains user input that is not properly sanitized, it could be used to inject malicious commands into the system.

IMPACT: An attacker could exploit this vulnerability to execute arbitrary commands on the server, leading to unauthorized access, data theft, or system compromise.",True,True," static void locationWithPerWorldBindingsAttributeSetter(v8::Local<v8::Value> jsValue, const v8::PropertyCallbackInfo<void>& info)
 {
     TestObjectPython* proxyImp = V8TestObjectPython::toNative(info.Holder());
    TestNode* imp = WTF::getPtr(proxyImp->locationWithPerWorldBindings());
     if (!imp)
         return;
     V8TRYCATCH_FOR_V8STRINGRESOURCE_VOID(V8StringResource<>, cppValue, jsValue);
    imp->setHref(cppValue);
}
"
115996,115996,CWE-125,formal,14B,Qwen2.5-Coder-14B-Instruct,"system
Perform a standard security audit on the following C code. Identify any CWE-compliant vulnerabilities and provide a technical root cause analysis.

Structure your response EXACTLY as follows:
VULNERABILITY: [CWE Name and ID]
ANALYSIS: [Technical root cause analysis in 3 sentences max]
IMPACT: [Security consequence of the vulnerability]

STOP: Do not provide any introductory filler or list non-vulnerable categories.
user
CODE TO EVALUATE:
  static void  Ins_MDRP( INS_ARG )
  {
    Int         point;
    TT_F26Dot6  distance,
                org_dist;
 
     point = (Int)args[0];
 
    if ( BOUNDS( args[0], CUR.zp1.n_points ) )
     {
         /* Current version of FreeType silently ignores this out of bounds error
          * and drops the instruction, see bug #691121
      return;
    }

    /* XXX: Is there some undocumented feature while in the */
    /*      twilight zone?                                  */

    org_dist = CUR_Func_dualproj( CUR.zp1.org_x[point] -
                                    CUR.zp0.org_x[CUR.GS.rp0],
                                  CUR.zp1.org_y[point] -
                                    CUR.zp0.org_y[CUR.GS.rp0] );

    /* single width cutin test */

    if ( ABS(org_dist) < CUR.GS.single_width_cutin )
    {
      if ( org_dist >= 0 )
        org_dist = CUR.GS.single_width_value;
      else
        org_dist = -CUR.GS.single_width_value;
    }

    /* round flag */

    if ( (CUR.opcode & 4) != 0 )
      distance = CUR_Func_round( org_dist,
                                 CUR.metrics.compensations[CUR.opcode & 3] );
    else
      distance = Round_None( EXEC_ARGS
                             org_dist,
                             CUR.metrics.compensations[CUR.opcode & 3]  );

    /* minimum distance flag */

    if ( (CUR.opcode & 8) != 0 )
    {
      if ( org_dist >= 0 )
      {
        if ( distance < CUR.GS.minimum_distance )
          distance = CUR.GS.minimum_distance;
      }
      else
      {
        if ( distance > -CUR.GS.minimum_distance )
          distance = -CUR.GS.minimum_distance;
      }
    }

    /* now move the point */

    org_dist = CUR_Func_project( CUR.zp1.cur_x[point] -
                                   CUR.zp0.cur_x[CUR.GS.rp0],
                                 CUR.zp1.cur_y[point] -
                                   CUR.zp0.cur_y[CUR.GS.rp0] );

    CUR_Func_move( &CUR.zp1, point, distance - org_dist );

    CUR.GS.rp1 = CUR.GS.rp0;
    CUR.GS.rp2 = point;

    if ( (CUR.opcode & 16) != 0 )
      CUR.GS.rp0 = point;
  }


Provide your analysis below:
assistant
VULNERABILITY: CWE-190: Integer Overflow or Wraparound
ANALYSIS: The code casts `args[0]` directly to an `Int` without checking if it fits within the bounds of `CUR.zp1.n_points`. This can lead to an integer overflow if `args[0]` is larger than what can be represented by `Int`.
IMPACT: An attacker could exploit this vulnerability to cause a buffer overflow, potentially leading to arbitrary code execution or denial of service.",True,True,"  static void  Ins_MDRP( INS_ARG )
  {
    Int         point;
    TT_F26Dot6  distance,
                org_dist;
 
     point = (Int)args[0];
 
    if ( BOUNDS( args[0], CUR.zp1.n_points ) )
     {
         /* Current version of FreeType silently ignores this out of bounds error
          * and drops the instruction, see bug #691121
      return;
    }

    /* XXX: Is there some undocumented feature while in the */
    /*      twilight zone?                                  */

    org_dist = CUR_Func_dualproj( CUR.zp1.org_x[point] -
                                    CUR.zp0.org_x[CUR.GS.rp0],
                                  CUR.zp1.org_y[point] -
                                    CUR.zp0.org_y[CUR.GS.rp0] );

    /* single width cutin test */

    if ( ABS(org_dist) < CUR.GS.single_width_cutin )
    {
      if ( org_dist >= 0 )
        org_dist = CUR.GS.single_width_value;
      else
        org_dist = -CUR.GS.single_width_value;
    }

    /* round flag */

    if ( (CUR.opcode & 4) != 0 )
      distance = CUR_Func_round( org_dist,
                                 CUR.metrics.compensations[CUR.opcode & 3] );
    else
      distance = Round_None( EXEC_ARGS
                             org_dist,
                             CUR.metrics.compensations[CUR.opcode & 3]  );

    /* minimum distance flag */

    if ( (CUR.opcode & 8) != 0 )
    {
      if ( org_dist >= 0 )
      {
        if ( distance < CUR.GS.minimum_distance )
          distance = CUR.GS.minimum_distance;
      }
      else
      {
        if ( distance > -CUR.GS.minimum_distance )
          distance = -CUR.GS.minimum_distance;
      }
    }

    /* now move the point */

    org_dist = CUR_Func_project( CUR.zp1.cur_x[point] -
                                   CUR.zp0.cur_x[CUR.GS.rp0],
                                 CUR.zp1.cur_y[point] -
                                   CUR.zp0.cur_y[CUR.GS.rp0] );

    CUR_Func_move( &CUR.zp1, point, distance - org_dist );

    CUR.GS.rp1 = CUR.GS.rp0;
    CUR.GS.rp2 = point;

    if ( (CUR.opcode & 16) != 0 )
      CUR.GS.rp0 = point;
  }
"
33821,33821,CWE-20,formal,14B,Qwen2.5-Coder-14B-Instruct,"VULNERABILITY: CWE-120: Buffer Copy without Checking Size

ANALYSIS: The function `cmd_parse_status` uses `memcpy` to copy the `status` structure to `idata->cmddata` without checking if `idata->cmddata` has sufficient space to hold the `status` structure. This can lead to buffer overflow if `idata->cmddata` is not properly allocated or is too small.

IMPACT: An attacker could exploit this vulnerability to overwrite adjacent memory, potentially leading to arbitrary code execution or denial of service.",True,False,"static void cmd_parse_status(struct ImapData *idata, char *s)
{
  char *value = NULL;
  struct Buffy *inc = NULL;
  struct ImapMbox mx;
  struct ImapStatus *status = NULL;
  unsigned int olduv, oldun;
  unsigned int litlen;
  short new = 0;
  short new_msg_count = 0;

  char *mailbox = imap_next_word(s);

  /* We need a real tokenizer. */
  if (imap_get_literal_count(mailbox, &litlen) == 0)
  {
    if (imap_cmd_step(idata) != IMAP_CMD_CONTINUE)
    {
       idata->status = IMAP_FATAL;
       return;
     }
     mailbox = idata->buf;
     s = mailbox + litlen;
     *s = '\0';
    s++;
    SKIPWS(s);
  }
  else
  {
    s = imap_next_word(mailbox);
    *(s - 1) = '\0';
    imap_unmunge_mbox_name(idata, mailbox);
  }

  status = imap_mboxcache_get(idata, mailbox, 1);
  olduv = status->uidvalidity;
  oldun = status->uidnext;

  if (*s++ != '(')
  {
    mutt_debug(1, ""Error parsing STATUS\n"");
    return;
  }
  while (*s && *s != ')')
  {
    value = imap_next_word(s);

    errno = 0;
    const unsigned long ulcount = strtoul(value, &value, 10);
    if (((errno == ERANGE) && (ulcount == ULONG_MAX)) || ((unsigned int) ulcount != ulcount))
    {
      mutt_debug(1, ""Error parsing STATUS number\n"");
      return;
    }
    const unsigned int count = (unsigned int) ulcount;

    if (mutt_str_strncmp(""MESSAGES"", s, 8) == 0)
    {
      status->messages = count;
      new_msg_count = 1;
    }
    else if (mutt_str_strncmp(""RECENT"", s, 6) == 0)
      status->recent = count;
    else if (mutt_str_strncmp(""UIDNEXT"", s, 7) == 0)
      status->uidnext = count;
    else if (mutt_str_strncmp(""UIDVALIDITY"", s, 11) == 0)
      status->uidvalidity = count;
    else if (mutt_str_strncmp(""UNSEEN"", s, 6) == 0)
      status->unseen = count;

    s = value;
    if (*s && *s != ')')
      s = imap_next_word(s);
  }
  mutt_debug(3, ""%s (UIDVALIDITY: %u, UIDNEXT: %u) %d messages, %d recent, %d unseen\n"",
             status->name, status->uidvalidity, status->uidnext,
             status->messages, status->recent, status->unseen);

  /* caller is prepared to handle the result herself */
  if (idata->cmddata && idata->cmdtype == IMAP_CT_STATUS)
  {
    memcpy(idata->cmddata, status, sizeof(struct ImapStatus));
    return;
  }

  mutt_debug(3, ""Running default STATUS handler\n"");

  /* should perhaps move this code back to imap_buffy_check */
  for (inc = Incoming; inc; inc = inc->next)
  {
    if (inc->magic != MUTT_IMAP)
      continue;

    if (imap_parse_path(inc->path, &mx) < 0)
    {
      mutt_debug(1, ""Error parsing mailbox %s, skipping\n"", inc->path);
      continue;
    }

    if (imap_account_match(&idata->conn->account, &mx.account))
    {
      if (mx.mbox)
      {
        value = mutt_str_strdup(mx.mbox);
        imap_fix_path(idata, mx.mbox, value, mutt_str_strlen(value) + 1);
        FREE(&mx.mbox);
      }
      else
        value = mutt_str_strdup(""INBOX"");

      if (value && (imap_mxcmp(mailbox, value) == 0))
      {
        mutt_debug(3, ""Found %s in buffy list (OV: %u ON: %u U: %d)\n"", mailbox,
                   olduv, oldun, status->unseen);

        if (MailCheckRecent)
        {
          if (olduv && olduv == status->uidvalidity)
          {
            if (oldun < status->uidnext)
              new = (status->unseen > 0);
          }
          else if (!olduv && !oldun)
          {
            /* first check per session, use recent. might need a flag for this. */
            new = (status->recent > 0);
          }
          else
            new = (status->unseen > 0);
        }
        else
          new = (status->unseen > 0);

#ifdef USE_SIDEBAR
        if ((inc->new != new) || (inc->msg_count != status->messages) ||
            (inc->msg_unread != status->unseen))
        {
          mutt_menu_set_current_redraw(REDRAW_SIDEBAR);
        }
#endif
        inc->new = new;
        if (new_msg_count)
          inc->msg_count = status->messages;
        inc->msg_unread = status->unseen;

        if (inc->new)
        {
          /* force back to keep detecting new mail until the mailbox is
             opened */
          status->uidnext = oldun;
        }

        FREE(&value);
        return;
      }

      FREE(&value);
    }

    FREE(&mx.mbox);
  }
}
"
69976,69976,,formal,14B,Qwen2.5-Coder-14B-Instruct,",
    const base::Closure& task,
    const base::Closure& error_callback) {
  quota::QuotaManagerProxy* quota_manager_proxy =
      file_system_context()->quota_manager_proxy();
  if (!quota_manager_proxy ||
      !file_system_context()->GetQuotaUtil(type)) {
    operation_context_.set_allowed_bytes_growth(kint64max);
    task.Run();
    return;
  }

  TaskParamsForDidGetQuota params;
  params.origin = origin;
  params.type = type;
  params.task = task;
  params.error_callback = error_callback;

  DCHECK(quota_manager_proxy);
  DCHECK(quota_manager_proxy->quota_manager());
  quota_manager_proxy->quota_manager()->GetUsageAndQuota(
       origin,
       FileSystemTypeToQuotaStorageType(type),
       base::Bind(&FileSystemOperation::DidGetUsageAndQuotaAndRunTask,
                 base::Unretained(this), params));
 }


Provide your analysis below:
assistant
VULNERABILITY: CWE-78: Improper Neutralization of Special Elements used in an OS Command ('OS Command Injection')
ANALYSIS: The code does not appear to directly execute any OS commands, but it is important to ensure that all inputs are properly sanitized and validated, especially when dealing with file system operations and URLs. The `GURL` object `origin` could potentially be manipulated to include special characters or malicious payloads if not handled correctly.
IMPACT: An attacker could exploit this vulnerability to inject malicious commands or manipulate file paths, leading to unauthorized access, data corruption, or other malicious activities.",True,True,"void FileSystemOperation::GetUsageAndQuotaThenRunTask(
    const GURL& origin, FileSystemType type,
    const base::Closure& task,
    const base::Closure& error_callback) {
  quota::QuotaManagerProxy* quota_manager_proxy =
      file_system_context()->quota_manager_proxy();
  if (!quota_manager_proxy ||
      !file_system_context()->GetQuotaUtil(type)) {
    operation_context_.set_allowed_bytes_growth(kint64max);
    task.Run();
    return;
  }

  TaskParamsForDidGetQuota params;
  params.origin = origin;
  params.type = type;
  params.task = task;
  params.error_callback = error_callback;

  DCHECK(quota_manager_proxy);
  DCHECK(quota_manager_proxy->quota_manager());
  quota_manager_proxy->quota_manager()->GetUsageAndQuota(
       origin,
       FileSystemTypeToQuotaStorageType(type),
       base::Bind(&FileSystemOperation::DidGetUsageAndQuotaAndRunTask,
                 base::Unretained(this), params));
 }
"
113201,113201,CWE-119,formal,14B,Qwen2.5-Coder-14B-Instruct,"VULNERABILITY: CWE-787 Improper Neutralization of Special Elements used in an OS Command ('OS Command Injection')
ANALYSIS: The function `xsltTransformError` is called with user-controlled input (`propName`) without proper sanitization, which could potentially lead to OS command injection if the error message is logged or displayed in a way that allows for command execution.
IMPACT: An attacker could exploit this vulnerability to inject malicious commands, leading to unauthorized access, data leakage, or system compromise.",True,False,"xsltGetQNameProperty(xsltStylesheetPtr style, xmlNodePtr inst,
		     const xmlChar *propName,
		     int mandatory,
		     int *hasProp, const xmlChar **nsName,
		     const xmlChar** localName)
{
    const xmlChar *prop;

    if (nsName)
	*nsName = NULL;
    if (localName)
	*localName = NULL;
    if (hasProp)
	*hasProp = 0;

    prop = xsltGetCNsProp(style, inst, propName, XSLT_NAMESPACE);
    if (prop == NULL) {
	if (mandatory) {
	    xsltTransformError(NULL, style, inst,
		""The attribute '%s' is missing.\n"", propName);
	    style->errors++;
	    return;
	}
    } else {
        const xmlChar *URI;

	if (xmlValidateQName(prop, 0)) {
	    xsltTransformError(NULL, style, inst,
		""The value '%s' of the attribute ""
		""'%s' is not a valid QName.\n"", prop, propName);
	    style->errors++;
	    return;
	} else {
	    /*
	    * @prop will be in the string dict afterwards, @URI not.
	    */
	    URI = xsltGetQNameURI2(style, inst, &prop);
 	    if (prop == NULL) {
 		style->errors++;
 	    } else {
		*localName = prop;
 		if (hasProp)
 		    *hasProp = 1;
 		if (URI != NULL) {
		    /*
		    * Fixes bug #308441: Put the ns-name in the dict
		    * in order to pointer compare names during XPath's
		    * variable lookup.
		    */
		    if (nsName)
			*nsName = xmlDictLookup(style->dict, URI, -1);
		    /* comp->has_ns = 1; */
		}
	    }
	}
    }
    return;
}
"
101801,101801,CWE-125,formal,14B,Qwen2.5-Coder-14B-Instruct,"VULNERABILITY: CWE-119: Improper Restriction of Operations within the Bounds of a Memory Buffer

ANALYSIS: The function `rpl_dao_print` does not properly validate the length of the input buffer before accessing its contents. Specifically, it uses `ND_TCHECK` and `ND_TCHECK2` macros to check for buffer overflows, but these checks are not sufficient to prevent all potential buffer overflow issues, especially when dealing with variable-length data like `dagid_str`.

IMPACT: An attacker could exploit this vulnerability by providing a maliciously crafted input that causes the function to read beyond the bounds of the allocated memory, leading to a buffer overflow. This could result in undefined behavior, including crashes, arbitrary code execution, or information disclosure.",True,False,"rpl_dao_print(netdissect_options *ndo,
              const u_char *bp, u_int length)
{
        const struct nd_rpl_dao *dao = (const struct nd_rpl_dao *)bp;
        const char *dagid_str = ""<elided>"";

        ND_TCHECK(*dao);
        if (length < ND_RPL_DAO_MIN_LEN)
        	goto tooshort;

        bp += ND_RPL_DAO_MIN_LEN;
        length -= ND_RPL_DAO_MIN_LEN;
        if(RPL_DAO_D(dao->rpl_flags)) {
                ND_TCHECK2(dao->rpl_dagid, DAGID_LEN);
                if (length < DAGID_LEN)
                	goto tooshort;
                dagid_str = ip6addr_string (ndo, dao->rpl_dagid);
                bp += DAGID_LEN;
                length -= DAGID_LEN;
        }

        ND_PRINT((ndo, "" [dagid:%s,seq:%u,instance:%u%s%s,%02x]"",
                  dagid_str,
                  dao->rpl_daoseq,
                  dao->rpl_instanceid,
                  RPL_DAO_K(dao->rpl_flags) ? "",acK"":"""",
                  RPL_DAO_D(dao->rpl_flags) ? "",Dagid"":"""",
                  dao->rpl_flags));

        if(ndo->ndo_vflag > 1) {
                const struct rpl_dio_genoption *opt = (const struct rpl_dio_genoption *)bp;
                rpl_dio_printopt(ndo, opt, length);
        }
 	return;
 
 trunc:
	ND_PRINT((ndo,"" [|truncated]""));
 	return;
 
 tooshort:
	ND_PRINT((ndo,"" [|length too short]""));
	return;
}
"
21191,21191,CWE-264,formal,14B,Qwen2.5-Coder-14B-Instruct,"*)&address;
		msg.msg_namelen = addr_len;
	}
	if (sock->file->f_flags & O_NONBLOCK)
		flags |= MSG_DONTWAIT;
	msg.msg_flags = flags;
	err = sock_sendmsg(sock, &msg, len);

out_put:
	fput_light(sock->file, fput_needed);
out:
	return err;
}


Provide your analysis below:
assistant
VULNERABILITY: CWE-120: Buffer Copy Without Checking Size

ANALYSIS: The function `move_addr_to_kernel` is called to copy data from user space to kernel space without checking if `addr_len` exceeds the size of `struct sockaddr_storage`. This can lead to buffer overflows if `addr_len` is larger than expected.

IMPACT: An attacker could exploit this vulnerability to overwrite adjacent memory, potentially leading to privilege escalation or denial of service.",True,True,"SYSCALL_DEFINE6(sendto, int, fd, void __user *, buff, size_t, len,
		unsigned int, flags, struct sockaddr __user *, addr,
		int, addr_len)
{
	struct socket *sock;
	struct sockaddr_storage address;
	int err;
	struct msghdr msg;
	struct iovec iov;
	int fput_needed;
 
 	if (len > INT_MAX)
 		len = INT_MAX;
 	sock = sockfd_lookup_light(fd, &err, &fput_needed);
 	if (!sock)
 		goto out;

	iov.iov_base = buff;
	iov.iov_len = len;
	msg.msg_name = NULL;
	iov_iter_init(&msg.msg_iter, WRITE, &iov, 1, len);
	msg.msg_control = NULL;
	msg.msg_controllen = 0;
	msg.msg_namelen = 0;
	if (addr) {
		err = move_addr_to_kernel(addr, addr_len, &address);
		if (err < 0)
			goto out_put;
		msg.msg_name = (struct sockaddr *)&address;
		msg.msg_namelen = addr_len;
	}
	if (sock->file->f_flags & O_NONBLOCK)
		flags |= MSG_DONTWAIT;
	msg.msg_flags = flags;
	err = sock_sendmsg(sock, &msg, len);

out_put:
	fput_light(sock->file, fput_needed);
out:
	return err;
}
"
52811,52811,CWE-119,formal,14B,Qwen2.5-Coder-14B-Instruct,"VULNERABILITY: CWE-120: Buffer Copy without Checking Size

ANALYSIS: The code copies data into `*current_field` without checking if the destination buffer has sufficient space. Specifically, `ZVAL_STRINGL(*current_field, (char *)p, len, copy_data);` may lead to a buffer overflow if `len` exceeds the allocated size of `*current_field`.

IMPACT: An attacker could exploit this vulnerability to execute arbitrary code with the privileges of the application, leading to potential unauthorized access, data corruption, or denial of service.",True,False,"php_mysqlnd_rowp_read_text_protocol_aux(MYSQLND_MEMORY_POOL_CHUNK * row_buffer, zval ** fields,
									unsigned int field_count, const MYSQLND_FIELD * fields_metadata,
									zend_bool as_int_or_float, zend_bool copy_data, MYSQLND_STATS * stats TSRMLS_DC)
{
	
	unsigned int i;
	zend_bool last_field_was_string = FALSE;
	zval **current_field, **end_field, **start_field;
 	zend_uchar * p = row_buffer->ptr;
 	size_t data_size = row_buffer->app;
 	zend_uchar * bit_area = (zend_uchar*) row_buffer->ptr + data_size + 1; /* we allocate from here */
 
 	DBG_ENTER(""php_mysqlnd_rowp_read_text_protocol_aux"");
 
	if (!fields) {
		DBG_RETURN(FAIL);
	}

	end_field = (start_field = fields) + field_count;

	for (i = 0, current_field = start_field; current_field < end_field; current_field++, i++) {
		DBG_INF(""Directly creating zval"");
		MAKE_STD_ZVAL(*current_field);
		if (!*current_field) {
			DBG_RETURN(FAIL);
		}
	}

	for (i = 0, current_field = start_field; current_field < end_field; current_field++, i++) {
 		/* Don't reverse the order. It is significant!*/
 		zend_uchar *this_field_len_pos = p;
 		/* php_mysqlnd_net_field_length() call should be after *this_field_len_pos = p; */
		unsigned long len = php_mysqlnd_net_field_length(&p);
 
 		if (copy_data == FALSE && current_field > start_field && last_field_was_string) {
 			/*
 			  Normal queries:
			  We have to put \0 now to the end of the previous field, if it was
			  a string. IS_NULL doesn't matter. Because we have already read our
			  length, then we can overwrite it in the row buffer.
			  This statement terminates the previous field, not the current one.

			  NULL_LENGTH is encoded in one byte, so we can stick a \0 there.
			  Any string's length is encoded in at least one byte, so we can stick
			  a \0 there.
			*/

			*this_field_len_pos = '\0';
		}

		/* NULL or NOT NULL, this is the question! */
		if (len == MYSQLND_NULL_LENGTH) {
			ZVAL_NULL(*current_field);
			last_field_was_string = FALSE;
		} else {
#if defined(MYSQLND_STRING_TO_INT_CONVERSION)
			struct st_mysqlnd_perm_bind perm_bind =
					mysqlnd_ps_fetch_functions[fields_metadata[i].type];
#endif
			if (MYSQLND_G(collect_statistics)) {
				enum_mysqlnd_collected_stats statistic;
				switch (fields_metadata[i].type) {
					case MYSQL_TYPE_DECIMAL:	statistic = STAT_TEXT_TYPE_FETCHED_DECIMAL; break;
					case MYSQL_TYPE_TINY:		statistic = STAT_TEXT_TYPE_FETCHED_INT8; break;
					case MYSQL_TYPE_SHORT:		statistic = STAT_TEXT_TYPE_FETCHED_INT16; break;
					case MYSQL_TYPE_LONG:		statistic = STAT_TEXT_TYPE_FETCHED_INT32; break;
					case MYSQL_TYPE_FLOAT:		statistic = STAT_TEXT_TYPE_FETCHED_FLOAT; break;
					case MYSQL_TYPE_DOUBLE:		statistic = STAT_TEXT_TYPE_FETCHED_DOUBLE; break;
					case MYSQL_TYPE_NULL:		statistic = STAT_TEXT_TYPE_FETCHED_NULL; break;
					case MYSQL_TYPE_TIMESTAMP:	statistic = STAT_TEXT_TYPE_FETCHED_TIMESTAMP; break;
					case MYSQL_TYPE_LONGLONG:	statistic = STAT_TEXT_TYPE_FETCHED_INT64; break;
					case MYSQL_TYPE_INT24:		statistic = STAT_TEXT_TYPE_FETCHED_INT24; break;
					case MYSQL_TYPE_DATE:		statistic = STAT_TEXT_TYPE_FETCHED_DATE; break;
					case MYSQL_TYPE_TIME:		statistic = STAT_TEXT_TYPE_FETCHED_TIME; break;
					case MYSQL_TYPE_DATETIME:	statistic = STAT_TEXT_TYPE_FETCHED_DATETIME; break;
					case MYSQL_TYPE_YEAR:		statistic = STAT_TEXT_TYPE_FETCHED_YEAR; break;
					case MYSQL_TYPE_NEWDATE:	statistic = STAT_TEXT_TYPE_FETCHED_DATE; break;
					case MYSQL_TYPE_VARCHAR:	statistic = STAT_TEXT_TYPE_FETCHED_STRING; break;
					case MYSQL_TYPE_BIT:		statistic = STAT_TEXT_TYPE_FETCHED_BIT; break;
					case MYSQL_TYPE_NEWDECIMAL:	statistic = STAT_TEXT_TYPE_FETCHED_DECIMAL; break;
					case MYSQL_TYPE_ENUM:		statistic = STAT_TEXT_TYPE_FETCHED_ENUM; break;
					case MYSQL_TYPE_SET:		statistic = STAT_TEXT_TYPE_FETCHED_SET; break;
					case MYSQL_TYPE_JSON:		statistic = STAT_TEXT_TYPE_FETCHED_JSON; break;
					case MYSQL_TYPE_TINY_BLOB:	statistic = STAT_TEXT_TYPE_FETCHED_BLOB; break;
					case MYSQL_TYPE_MEDIUM_BLOB:statistic = STAT_TEXT_TYPE_FETCHED_BLOB; break;
					case MYSQL_TYPE_LONG_BLOB:	statistic = STAT_TEXT_TYPE_FETCHED_BLOB; break;
					case MYSQL_TYPE_BLOB:		statistic = STAT_TEXT_TYPE_FETCHED_BLOB; break;
					case MYSQL_TYPE_VAR_STRING:	statistic = STAT_TEXT_TYPE_FETCHED_STRING; break;
					case MYSQL_TYPE_STRING:		statistic = STAT_TEXT_TYPE_FETCHED_STRING; break;
					case MYSQL_TYPE_GEOMETRY:	statistic = STAT_TEXT_TYPE_FETCHED_GEOMETRY; break;
					default: statistic = STAT_TEXT_TYPE_FETCHED_OTHER; break;
				}
				MYSQLND_INC_CONN_STATISTIC_W_VALUE2(stats, statistic, 1, STAT_BYTES_RECEIVED_PURE_DATA_TEXT, len);
			}
#ifdef MYSQLND_STRING_TO_INT_CONVERSION
			if (as_int_or_float && perm_bind.php_type == IS_LONG) {
				zend_uchar save = *(p + len);
				/* We have to make it ASCIIZ temporarily */
				*(p + len) = '\0';
				if (perm_bind.pack_len < SIZEOF_LONG) {
					/* direct conversion */
					int64_t v =
#ifndef PHP_WIN32
						atoll((char *) p);
#else
						_atoi64((char *) p);
#endif
					ZVAL_LONG(*current_field, (long) v); /* the cast is safe */
				} else {
					uint64_t v =
#ifndef PHP_WIN32
						(uint64_t) atoll((char *) p);
#else
						(uint64_t) _atoi64((char *) p);
#endif
					zend_bool uns = fields_metadata[i].flags & UNSIGNED_FLAG? TRUE:FALSE;
					/* We have to make it ASCIIZ temporarily */
#if SIZEOF_LONG==8
					if (uns == TRUE && v > 9223372036854775807L)
#elif SIZEOF_LONG==4
					if ((uns == TRUE && v > L64(2147483647)) ||
						(uns == FALSE && (( L64(2147483647) < (int64_t) v) ||
						(L64(-2147483648) > (int64_t) v))))
#else
#error Need fix for this architecture
#endif /* SIZEOF */
					{
						ZVAL_STRINGL(*current_field, (char *)p, len, 0);
					} else {
						ZVAL_LONG(*current_field, (long) v); /* the cast is safe */
					}
				}
				*(p + len) = save;
			} else if (as_int_or_float && perm_bind.php_type == IS_DOUBLE) {
				zend_uchar save = *(p + len);
				/* We have to make it ASCIIZ temporarily */
				*(p + len) = '\0';
				ZVAL_DOUBLE(*current_field, atof((char *) p));
				*(p + len) = save;
			} else
#endif /* MYSQLND_STRING_TO_INT_CONVERSION */
			if (fields_metadata[i].type == MYSQL_TYPE_BIT) {
				/*
				  BIT fields are specially handled. As they come as bit mask, we have
				  to convert it to human-readable representation. As the bits take
				  less space in the protocol than the numbers they represent, we don't
				  have enough space in the packet buffer to overwrite inside.
				  Thus, a bit more space is pre-allocated at the end of the buffer,
				  see php_mysqlnd_rowp_read(). And we add the strings at the end.
				  Definitely not nice, _hackish_ :(, but works.
				*/
				zend_uchar *start = bit_area;
				ps_fetch_from_1_to_8_bytes(*current_field, &(fields_metadata[i]), 0, &p, len TSRMLS_CC);
				/*
				  We have advanced in ps_fetch_from_1_to_8_bytes. We should go back because
				  later in this function there will be an advancement.
				*/
				p -= len;
				if (Z_TYPE_PP(current_field) == IS_LONG) {
					bit_area += 1 + sprintf((char *)start, ""%ld"", Z_LVAL_PP(current_field));
					ZVAL_STRINGL(*current_field, (char *) start, bit_area - start - 1, copy_data);
				} else if (Z_TYPE_PP(current_field) == IS_STRING){
					memcpy(bit_area, Z_STRVAL_PP(current_field), Z_STRLEN_PP(current_field));
					bit_area += Z_STRLEN_PP(current_field);
					*bit_area++ = '\0';
					zval_dtor(*current_field);
					ZVAL_STRINGL(*current_field, (char *) start, bit_area - start - 1, copy_data);
				}
			} else {
				ZVAL_STRINGL(*current_field, (char *)p, len, copy_data);
			}
			p += len;
			last_field_was_string = TRUE;
		}
	}
	if (copy_data == FALSE && last_field_was_string) {
		/* Normal queries: The buffer has one more byte at the end, because we need it */
		row_buffer->ptr[data_size] = '\0';
	}

	DBG_RETURN(PASS);
}
"
111416,111416,CWE-787,formal,14B,Qwen2.5-Coder-14B-Instruct,"system
Perform a standard security audit on the following C code. Identify any CWE-compliant vulnerabilities and provide a technical root cause analysis.

Structure your response EXACTLY as follows:
VULNERABILITY: [CWE Name and ID]
ANALYSIS: [Technical root cause analysis in 3 sentences max]
IMPACT: [Security consequence of the vulnerability]

STOP: Do not provide any introductory filler or list non-vulnerable categories.
user
CODE TO EVALUATE:
static unsigned char *AcquireCompactPixels(const Image *image,
  ExceptionInfo *exception)
{
  size_t
    packet_size;

  unsigned char
    *compact_pixels;

  packet_size=image->depth > 8UL ? 2UL : 1UL;
  compact_pixels=(unsigned char *) AcquireQuantumMemory((9*
    image->columns)+1,packet_size*sizeof(*compact_pixels));
   if (compact_pixels == (unsigned char *) NULL)
     {
       (void) ThrowMagickException(exception,GetMagickModule(),
        ResourceLimitError,""MemoryAllocationFailed"",""`%s'"",
        image->filename);
     }
   return(compact_pixels);
 }


Provide your analysis below:
assistant
VULNERABILITY: CWE-787: Out-of-bounds Write

ANALYSIS: The function calculates `packet_size` based on `image->depth`, which could be user-controlled. If `image->depth` is manipulated to a value greater than 8, `packet_size` will be set to 2. However, the memory allocation for `compact_pixels` does not validate that `image->columns` is within a reasonable range, potentially leading to an out-of-bounds write if `image->columns` is extremely large.

IMPACT: An attacker could exploit this vulnerability to overwrite adjacent memory, potentially leading to application crashes, data corruption, or arbitrary code execution.",True,True,"static unsigned char *AcquireCompactPixels(const Image *image,
  ExceptionInfo *exception)
{
  size_t
    packet_size;

  unsigned char
    *compact_pixels;

  packet_size=image->depth > 8UL ? 2UL : 1UL;
  compact_pixels=(unsigned char *) AcquireQuantumMemory((9*
    image->columns)+1,packet_size*sizeof(*compact_pixels));
   if (compact_pixels == (unsigned char *) NULL)
     {
       (void) ThrowMagickException(exception,GetMagickModule(),
        ResourceLimitError,""MemoryAllocationFailed"",""`%s'"",
        image->filename);
     }
   return(compact_pixels);
 }
"
117061,117061,CWE-189,formal,14B,Qwen2.5-Coder-14B-Instruct,"VULNERABILITY: CWE-120: Buffer Copy without Checking Size of Input ('Classic Buffer Overflow')
ANALYSIS: The `snprintf` function is used to copy strings into fixed-size buffers (`excontext->ipv4_for_gateway` and `excontext->ipv6_for_gateway`). However, there is no check to ensure that the input strings do not exceed the buffer size, which could lead to a buffer overflow.
IMPACT: An attacker could exploit this vulnerability to overwrite adjacent memory, potentially leading to arbitrary code execution or denial of service.",True,False,"eXosip_init (struct eXosip_t *excontext)
{
  osip_t *osip;
  int i;

  memset (excontext, 0, sizeof (eXosip_t));

  excontext->dscp = 0x1A;

  snprintf (excontext->ipv4_for_gateway, 256, ""%s"", ""217.12.3.11"");
  snprintf (excontext->ipv6_for_gateway, 256, ""%s"", ""2001:638:500:101:2e0:81ff:fe24:37c6"");

#ifdef WIN32
  /* Initializing windows socket library */
  {
    WORD wVersionRequested;
    WSADATA wsaData;

    wVersionRequested = MAKEWORD (1, 1);
    i = WSAStartup (wVersionRequested, &wsaData);
    if (i != 0) {
      OSIP_TRACE (osip_trace (__FILE__, __LINE__, OSIP_WARNING, NULL, ""eXosip: Unable to initialize WINSOCK, reason: %d\n"", i));
      /* return -1; It might be already initilized?? */
    }
  }
#endif

  excontext->user_agent = osip_strdup (""eXosip/"" EXOSIP_VERSION);
  if (excontext->user_agent == NULL)
    return OSIP_NOMEM;

  excontext->j_calls = NULL;
  excontext->j_stop_ua = 0;
#ifndef OSIP_MONOTHREAD
  excontext->j_thread = NULL;
#endif
  i = osip_list_init (&excontext->j_transactions);
  excontext->j_reg = NULL;

#ifndef OSIP_MONOTHREAD
#if !defined (_WIN32_WCE)
  excontext->j_cond = (struct osip_cond *) osip_cond_init ();
  if (excontext->j_cond == NULL) {
    osip_free (excontext->user_agent);
    excontext->user_agent = NULL;
    return OSIP_NOMEM;
  }
#endif

  excontext->j_mutexlock = (struct osip_mutex *) osip_mutex_init ();
  if (excontext->j_mutexlock == NULL) {
    osip_free (excontext->user_agent);
    excontext->user_agent = NULL;
#if !defined (_WIN32_WCE)
    osip_cond_destroy ((struct osip_cond *) excontext->j_cond);
    excontext->j_cond = NULL;
#endif
    return OSIP_NOMEM;
  }
#endif

  i = osip_init (&osip);
  if (i != 0) {
    OSIP_TRACE (osip_trace (__FILE__, __LINE__, OSIP_ERROR, NULL, ""eXosip: Cannot initialize osip!\n""));
    return i;
  }

  osip_set_application_context (osip, &excontext);

  _eXosip_set_callbacks (osip);

  excontext->j_osip = osip;

#ifndef OSIP_MONOTHREAD
  /* open a TCP socket to wake up the application when needed. */
  excontext->j_socketctl = jpipe ();
  if (excontext->j_socketctl == NULL)
    return OSIP_UNDEFINED_ERROR;

  excontext->j_socketctl_event = jpipe ();
  if (excontext->j_socketctl_event == NULL)
    return OSIP_UNDEFINED_ERROR;
#endif

  /* To be changed in osip! */
  excontext->j_events = (osip_fifo_t *) osip_malloc (sizeof (osip_fifo_t));
  if (excontext->j_events == NULL)
    return OSIP_NOMEM;
  osip_fifo_init (excontext->j_events);

  excontext->use_rport = 1;
  excontext->dns_capabilities = 2;
  excontext->enable_dns_cache = 1;
  excontext->ka_interval = 17000;
  snprintf(excontext->ka_crlf, sizeof(excontext->ka_crlf), ""\r\n\r\n"");
  excontext->ka_options = 0;
   excontext->autoanswer_bye = 1;
   excontext->auto_masquerade_contact = 1;
   excontext->masquerade_via=0;
 
   return OSIP_SUCCESS;
 }
"
38732,38732,CWE-20,formal,14B,Qwen2.5-Coder-14B-Instruct,"system
Perform a standard security audit on the following C code. Identify any CWE-compliant vulnerabilities and provide a technical root cause analysis.

Structure your response EXACTLY as follows:
VULNERABILITY: [CWE Name and ID]
ANALYSIS: [Technical root cause analysis in 3 sentences max]
IMPACT: [Security consequence of the vulnerability]

STOP: Do not provide any introductory filler or list non-vulnerable categories.
user
CODE TO EVALUATE:
size_t mptsas_config_ioc_0(MPTSASState *s, uint8_t **data, int address)
{
    PCIDeviceClass *pcic = PCI_DEVICE_GET_CLASS(s);

     return MPTSAS_CONFIG_PACK(0, MPI_CONFIG_PAGETYPE_IOC, 0x01,
                               ""*l*lwwb*b*b*blww"",
                               pcic->vendor_id, pcic->device_id, pcic->revision,
                              pcic->subsystem_vendor_id,
                               pcic->subsystem_id);
 }


Provide your analysis below:
assistant
VULNERABILITY: CWE-785: Improper Neutralization of Special Elements used in an OS Command ('OS Command Injection')
ANALYSIS: The function `MPTSAS_CONFIG_PACK` is called with a format string that includes special characters like '*'. If this function uses the format string to construct a command, it could lead to OS command injection if user-controlled data is included in the format string.
IMPACT: An attacker could potentially execute arbitrary commands on the system, leading to unauthorized access, data theft, or system compromise.",True,True,"size_t mptsas_config_ioc_0(MPTSASState *s, uint8_t **data, int address)
{
    PCIDeviceClass *pcic = PCI_DEVICE_GET_CLASS(s);

     return MPTSAS_CONFIG_PACK(0, MPI_CONFIG_PAGETYPE_IOC, 0x01,
                               ""*l*lwwb*b*b*blww"",
                               pcic->vendor_id, pcic->device_id, pcic->revision,
                              pcic->subsystem_vendor_id,
                               pcic->subsystem_id);
 }
"
30607,30607,CWE-200,formal,14B,Qwen2.5-Coder-14B-Instruct,"VULNERABILITY: CWE-78: Improper Neutralization of Special Elements used in an OS Command ('OS Command Injection')
ANALYSIS: The code does not sanitize user input before using it in system commands, which could allow an attacker to inject malicious commands.
IMPACT: An attacker could execute arbitrary commands on the system with the privileges of the application.",True,False,"uint NotificationsEngine::Notify(const QString &app_name, uint replaces_id,
                                 const QString &app_icon, const QString &summary, const QString &body,
                                 const QStringList &actions, const QVariantMap &hints, int timeout)
{
    uint partOf = 0;
    const QString appRealName = hints[QStringLiteral(""x-kde-appname"")].toString();
    const QString eventId = hints[QStringLiteral(""x-kde-eventId"")].toString();
    const bool skipGrouping = hints[QStringLiteral(""x-kde-skipGrouping"")].toBool();

    if (!replaces_id && m_activeNotifications.values().contains(app_name + summary) && !skipGrouping && !m_alwaysReplaceAppsList.contains(app_name)) {
        partOf = m_activeNotifications.key(app_name + summary).midRef(13).toUInt();
    }

     qDebug() << ""Currrent active notifications:"" << m_activeNotifications;
     qDebug() << ""Guessing partOf as:"" << partOf;
     qDebug() << "" New Notification: "" << summary << body << timeout << ""& Part of:"" << partOf;
    QString _body;
 
     if (partOf > 0) {
         const QString source = QStringLiteral(""notification %1"").arg(partOf);
         Plasma::DataContainer *container = containerForSource(source);
         if (container) {
            _body = container->data()[QStringLiteral(""body"")].toString();
            if (_body != body) {
                _body.append(""\n"").append(body);
            } else {
                _body = body;
             }
 
             replaces_id = partOf;
            CloseNotification(partOf);
        }
    }

    uint id = replaces_id ? replaces_id : m_nextId++;

    if (m_alwaysReplaceAppsList.contains(app_name)) {
        if (m_notificationsFromReplaceableApp.contains(app_name)) {
            id = m_notificationsFromReplaceableApp.value(app_name);
        } else {
            m_notificationsFromReplaceableApp.insert(app_name, id);
        }
    }

    QString appname_str = app_name;
    if (appname_str.isEmpty()) {
        appname_str = i18n(""Unknown Application"");
    }

    bool isPersistent = timeout == 0;

 
     const int AVERAGE_WORD_LENGTH = 6;
     const int WORD_PER_MINUTE = 250;
    int count = summary.length() + body.length();
 
        timeout = 60000 * count / AVERAGE_WORD_LENGTH / WORD_PER_MINUTE;

        timeout = 2000 + qMax(timeout, 3000);
    }
"
37027,37027,CWE-20,formal,14B,Qwen2.5-Coder-14B-Instruct,"} else if ( e != STF_OK) {
		DBG_log(""ikev2_parent_inI2outR2_tail returned %s"",
			enum_name(&stfstatus_name, e));
	}

	if (dh->md != NULL) {
		complete_v2_state_transition(&dh->md, e);
		if (dh->md)
 			release_md(dh->md);
 	}
 	reset_globals();
	passert(GLOBALS_ARE_RESET());
 }


Provide your analysis below:
assistant
VULNERABILITY: CWE-787 Improper Neutralization of Special Elements used in an OS Command ('OS Command Injection')
ANALYSIS: The code does not sanitize any input before using it in system calls or commands, which could allow an attacker to inject malicious commands.
IMPACT: An attacker could potentially execute arbitrary commands on the system, leading to unauthorized access or other malicious activities.",True,True,"static void ikev2_parent_inI2outR2_continue(struct pluto_crypto_req_cont *pcrc,
					    struct pluto_crypto_req *r,
					    err_t ugh)
{
	struct dh_continuation *dh = (struct dh_continuation *)pcrc;
	struct msg_digest *md = dh->md;
	struct state *const st = md->st;
	stf_status e;

	DBG(DBG_CONTROLMORE,
	    DBG_log(""ikev2 parent inI2outR2: calculating g^{xy}, sending R2""));

	if (st == NULL) {
		loglog(RC_LOG_SERIOUS,
		       ""%s: Request was disconnected from state"",
		       __FUNCTION__);
		if (dh->md)
			release_md(dh->md);
		return;
	}

	/* XXX should check out ugh */
	passert(ugh == NULL);
	passert(cur_state == NULL);
	passert(st != NULL);

	passert(st->st_suspended_md == dh->md);
	set_suspended(st, NULL); /* no longer connected or suspended */

	set_cur_state(st);

	st->st_calculating = FALSE;

	e = ikev2_parent_inI2outR2_tail(pcrc, r);
	if ( e > STF_FAIL) {
		/* we do not send a notify because we are the initiator that could be responding to an error notification */
		int v2_notify_num = e - STF_FAIL;
		DBG_log(
			""ikev2_parent_inI2outR2_tail returned STF_FAIL with %s"",
			enum_name(&ikev2_notify_names, v2_notify_num));
	} else if ( e != STF_OK) {
		DBG_log(""ikev2_parent_inI2outR2_tail returned %s"",
			enum_name(&stfstatus_name, e));
	}

	if (dh->md != NULL) {
		complete_v2_state_transition(&dh->md, e);
		if (dh->md)
 			release_md(dh->md);
 	}
 	reset_globals();
	passert(GLOBALS_ARE_RESET());
 }
"
83022,83022,CWE-200,formal,14B,Qwen2.5-Coder-14B-Instruct,"system
Perform a standard security audit on the following C code. Identify any CWE-compliant vulnerabilities and provide a technical root cause analysis.

Structure your response EXACTLY as follows:
VULNERABILITY: [CWE Name and ID]
ANALYSIS: [Technical root cause analysis in 3 sentences max]
IMPACT: [Security consequence of the vulnerability]

STOP: Do not provide any introductory filler or list non-vulnerable categories.
user
CODE TO EVALUATE:
xmlDocPtr soap_xmlParseMemory(const void *buf, size_t buf_size)
{
	xmlParserCtxtPtr ctxt = NULL;
	xmlDocPtr ret;

/*
	xmlInitParser();
*/
 */
        ctxt = xmlCreateMemoryParserCtxt(buf, buf_size);
        if (ctxt) {
                ctxt->sax->ignorableWhitespace = soap_ignorableWhitespace;
                ctxt->sax->comment = soap_Comment;
                ctxt->sax->warning = NULL;
#if LIBXML_VERSION >= 20703
		ctxt->options |= XML_PARSE_HUGE;
#endif
		xmlParseDocument(ctxt);
		if (ctxt->wellFormed) {
			ret = ctxt->myDoc;
			if (ret->URL == NULL && ctxt->directory != NULL) {
				ret->URL = xmlCharStrdup(ctxt->directory);
			}
		} else {
			ret = NULL;
			xmlFreeDoc(ctxt->myDoc);
			ctxt->myDoc = NULL;
		}
		xmlFreeParserCtxt(ctxt);
	} else {
		ret = NULL;
	}

/*
	xmlCleanupParser();
*/

/*
	if (ret) {
		cleanup_xml_node((xmlNodePtr)ret);
	}
*/
	return ret;
}


Provide your analysis below:
assistant
VULNERABILITY: CWE-787: Out-of-bounds Write

ANALYSIS: The function `soap_xmlParseMemory` uses `xmlCreateMemoryParserCtxt` to create a parser context for the input buffer. If the buffer size (`buf_size`) is manipulated or incorrectly specified, it could lead to an out-of-bounds write when parsing the XML document. This is because the XML parser may attempt to access memory beyond the bounds of the provided buffer.

IMPACT: An attacker could exploit this vulnerability to overwrite adjacent memory locations, potentially leading to application crashes, data corruption, or arbitrary code execution.",True,True,"xmlDocPtr soap_xmlParseMemory(const void *buf, size_t buf_size)
{
	xmlParserCtxtPtr ctxt = NULL;
	xmlDocPtr ret;

/*
	xmlInitParser();
*/
 */
        ctxt = xmlCreateMemoryParserCtxt(buf, buf_size);
        if (ctxt) {
                ctxt->sax->ignorableWhitespace = soap_ignorableWhitespace;
                ctxt->sax->comment = soap_Comment;
                ctxt->sax->warning = NULL;
#if LIBXML_VERSION >= 20703
		ctxt->options |= XML_PARSE_HUGE;
#endif
		xmlParseDocument(ctxt);
		if (ctxt->wellFormed) {
			ret = ctxt->myDoc;
			if (ret->URL == NULL && ctxt->directory != NULL) {
				ret->URL = xmlCharStrdup(ctxt->directory);
			}
		} else {
			ret = NULL;
			xmlFreeDoc(ctxt->myDoc);
			ctxt->myDoc = NULL;
		}
		xmlFreeParserCtxt(ctxt);
	} else {
		ret = NULL;
	}

/*
	xmlCleanupParser();
*/

/*
	if (ret) {
		cleanup_xml_node((xmlNodePtr)ret);
	}
*/
	return ret;
}
"
25897,25897,CWE-835,formal,14B,Qwen2.5-Coder-14B-Instruct,"VULNERABILITY: CWE-121: Stack-based Buffer Overflow
ANALYSIS: The function `ohci_service_iso_td` does not validate the length of the buffer (`len`) before copying data into `ohci->usb_buf`. If `len` exceeds the allocated size of `ohci->usb_buf`, it can lead to a stack-based buffer overflow.
IMPACT: An attacker could exploit this vulnerability to execute arbitrary code with the privileges of the process running the vulnerable software, potentially leading to a complete system compromise.",True,False,"static int ohci_service_iso_td(OHCIState *ohci, struct ohci_ed *ed,
                               int completion)
{
    int dir;
    size_t len = 0;
    const char *str = NULL;
    int pid;
    int ret;
    int i;
    USBDevice *dev;
    USBEndpoint *ep;
    struct ohci_iso_td iso_td;
    uint32_t addr;
    uint16_t starting_frame;
    int16_t relative_frame_number;
    int frame_count;
    uint32_t start_offset, next_offset, end_offset = 0;
    uint32_t start_addr, end_addr;

    addr = ed->head & OHCI_DPTR_MASK;

     if (ohci_read_iso_td(ohci, addr, &iso_td)) {
         trace_usb_ohci_iso_td_read_failed(addr);
         ohci_die(ohci);
        return 0;
     }
 
     starting_frame = OHCI_BM(iso_td.flags, TD_SF);
    frame_count = OHCI_BM(iso_td.flags, TD_FC);
    relative_frame_number = USUB(ohci->frame_number, starting_frame); 

    trace_usb_ohci_iso_td_head(
           ed->head & OHCI_DPTR_MASK, ed->tail & OHCI_DPTR_MASK,
           iso_td.flags, iso_td.bp, iso_td.next, iso_td.be,
           ohci->frame_number, starting_frame,
           frame_count, relative_frame_number);
    trace_usb_ohci_iso_td_head_offset(
           iso_td.offset[0], iso_td.offset[1],
           iso_td.offset[2], iso_td.offset[3],
           iso_td.offset[4], iso_td.offset[5],
           iso_td.offset[6], iso_td.offset[7]);

    if (relative_frame_number < 0) {
        trace_usb_ohci_iso_td_relative_frame_number_neg(relative_frame_number);
        return 1;
    } else if (relative_frame_number > frame_count) {
        /* ISO TD expired - retire the TD to the Done Queue and continue with
           the next ISO TD of the same ED */
        trace_usb_ohci_iso_td_relative_frame_number_big(relative_frame_number,
                                                        frame_count);
        OHCI_SET_BM(iso_td.flags, TD_CC, OHCI_CC_DATAOVERRUN);
        ed->head &= ~OHCI_DPTR_MASK;
        ed->head |= (iso_td.next & OHCI_DPTR_MASK);
        iso_td.next = ohci->done;
        ohci->done = addr;
        i = OHCI_BM(iso_td.flags, TD_DI);
        if (i < ohci->done_count)
            ohci->done_count = i;
        if (ohci_put_iso_td(ohci, addr, &iso_td)) {
            ohci_die(ohci);
            return 1;
        }
        return 0;
    }

    dir = OHCI_BM(ed->flags, ED_D);
    switch (dir) {
    case OHCI_TD_DIR_IN:
        str = ""in"";
        pid = USB_TOKEN_IN;
        break;
    case OHCI_TD_DIR_OUT:
        str = ""out"";
        pid = USB_TOKEN_OUT;
        break;
    case OHCI_TD_DIR_SETUP:
        str = ""setup"";
        pid = USB_TOKEN_SETUP;
        break;
    default:
        trace_usb_ohci_iso_td_bad_direction(dir);
        return 1;
    }

    if (!iso_td.bp || !iso_td.be) {
        trace_usb_ohci_iso_td_bad_bp_be(iso_td.bp, iso_td.be);
        return 1;
    }

    start_offset = iso_td.offset[relative_frame_number];
    next_offset = iso_td.offset[relative_frame_number + 1];

    if (!(OHCI_BM(start_offset, TD_PSW_CC) & 0xe) || 
        ((relative_frame_number < frame_count) && 
         !(OHCI_BM(next_offset, TD_PSW_CC) & 0xe))) {
        trace_usb_ohci_iso_td_bad_cc_not_accessed(start_offset, next_offset);
        return 1;
    }

    if ((relative_frame_number < frame_count) && (start_offset > next_offset)) {
        trace_usb_ohci_iso_td_bad_cc_overrun(start_offset, next_offset);
        return 1;
    }

    if ((start_offset & 0x1000) == 0) {
        start_addr = (iso_td.bp & OHCI_PAGE_MASK) |
            (start_offset & OHCI_OFFSET_MASK);
    } else {
        start_addr = (iso_td.be & OHCI_PAGE_MASK) |
            (start_offset & OHCI_OFFSET_MASK);
    }

    if (relative_frame_number < frame_count) {
        end_offset = next_offset - 1;
        if ((end_offset & 0x1000) == 0) {
            end_addr = (iso_td.bp & OHCI_PAGE_MASK) |
                (end_offset & OHCI_OFFSET_MASK);
        } else {
            end_addr = (iso_td.be & OHCI_PAGE_MASK) |
                (end_offset & OHCI_OFFSET_MASK);
        }
    } else {
        /* Last packet in the ISO TD */
        end_addr = iso_td.be;
    }

    if ((start_addr & OHCI_PAGE_MASK) != (end_addr & OHCI_PAGE_MASK)) {
        len = (end_addr & OHCI_OFFSET_MASK) + 0x1001
            - (start_addr & OHCI_OFFSET_MASK);
    } else {
        len = end_addr - start_addr + 1;
    }

    if (len && dir != OHCI_TD_DIR_IN) {
        if (ohci_copy_iso_td(ohci, start_addr, end_addr, ohci->usb_buf, len,
                             DMA_DIRECTION_TO_DEVICE)) {
            ohci_die(ohci);
            return 1;
        }
    }

    if (!completion) {
        bool int_req = relative_frame_number == frame_count &&
                       OHCI_BM(iso_td.flags, TD_DI) == 0;
        dev = ohci_find_device(ohci, OHCI_BM(ed->flags, ED_FA));
        ep = usb_ep_get(dev, pid, OHCI_BM(ed->flags, ED_EN));
        usb_packet_setup(&ohci->usb_packet, pid, ep, 0, addr, false, int_req);
        usb_packet_addbuf(&ohci->usb_packet, ohci->usb_buf, len);
        usb_handle_packet(dev, &ohci->usb_packet);
        if (ohci->usb_packet.status == USB_RET_ASYNC) {
            usb_device_flush_ep_queue(dev, ep);
            return 1;
        }
    }
    if (ohci->usb_packet.status == USB_RET_SUCCESS) {
        ret = ohci->usb_packet.actual_length;
    } else {
        ret = ohci->usb_packet.status;
    }

    trace_usb_ohci_iso_td_so(start_offset, end_offset, start_addr, end_addr,
                             str, len, ret);

    /* Writeback */
    if (dir == OHCI_TD_DIR_IN && ret >= 0 && ret <= len) {
        /* IN transfer succeeded */
        if (ohci_copy_iso_td(ohci, start_addr, end_addr, ohci->usb_buf, ret,
                             DMA_DIRECTION_FROM_DEVICE)) {
            ohci_die(ohci);
            return 1;
        }
        OHCI_SET_BM(iso_td.offset[relative_frame_number], TD_PSW_CC,
                    OHCI_CC_NOERROR);
        OHCI_SET_BM(iso_td.offset[relative_frame_number], TD_PSW_SIZE, ret);
    } else if (dir == OHCI_TD_DIR_OUT && ret == len) {
        /* OUT transfer succeeded */
        OHCI_SET_BM(iso_td.offset[relative_frame_number], TD_PSW_CC,
                    OHCI_CC_NOERROR);
        OHCI_SET_BM(iso_td.offset[relative_frame_number], TD_PSW_SIZE, 0);
    } else {
        if (ret > (ssize_t) len) {
            trace_usb_ohci_iso_td_data_overrun(ret, len);
            OHCI_SET_BM(iso_td.offset[relative_frame_number], TD_PSW_CC,
                        OHCI_CC_DATAOVERRUN);
            OHCI_SET_BM(iso_td.offset[relative_frame_number], TD_PSW_SIZE,
                        len);
        } else if (ret >= 0) {
            trace_usb_ohci_iso_td_data_underrun(ret);
            OHCI_SET_BM(iso_td.offset[relative_frame_number], TD_PSW_CC,
                        OHCI_CC_DATAUNDERRUN);
        } else {
            switch (ret) {
            case USB_RET_IOERROR:
            case USB_RET_NODEV:
                OHCI_SET_BM(iso_td.offset[relative_frame_number], TD_PSW_CC,
                            OHCI_CC_DEVICENOTRESPONDING);
                OHCI_SET_BM(iso_td.offset[relative_frame_number], TD_PSW_SIZE,
                            0);
                break;
            case USB_RET_NAK:
            case USB_RET_STALL:
                trace_usb_ohci_iso_td_nak(ret);
                OHCI_SET_BM(iso_td.offset[relative_frame_number], TD_PSW_CC,
                            OHCI_CC_STALL);
                OHCI_SET_BM(iso_td.offset[relative_frame_number], TD_PSW_SIZE,
                            0);
                break;
            default:
                trace_usb_ohci_iso_td_bad_response(ret);
                OHCI_SET_BM(iso_td.offset[relative_frame_number], TD_PSW_CC,
                            OHCI_CC_UNDEXPETEDPID);
                break;
            }
        }
    }

    if (relative_frame_number == frame_count) {
        /* Last data packet of ISO TD - retire the TD to the Done Queue */
        OHCI_SET_BM(iso_td.flags, TD_CC, OHCI_CC_NOERROR);
        ed->head &= ~OHCI_DPTR_MASK;
        ed->head |= (iso_td.next & OHCI_DPTR_MASK);
        iso_td.next = ohci->done;
        ohci->done = addr;
        i = OHCI_BM(iso_td.flags, TD_DI);
        if (i < ohci->done_count)
            ohci->done_count = i;
    }
    if (ohci_put_iso_td(ohci, addr, &iso_td)) {
        ohci_die(ohci);
    }
    return 1;
}
"
128747,128747,CWE-20,formal,14B,Qwen2.5-Coder-14B-Instruct,"system
Perform a standard security audit on the following C code. Identify any CWE-compliant vulnerabilities and provide a technical root cause analysis.

Structure your response EXACTLY as follows:
VULNERABILITY: [CWE Name and ID]
ANALYSIS: [Technical root cause analysis in 3 sentences max]
IMPACT: [Security consequence of the vulnerability]

STOP: Do not provide any introductory filler or list non-vulnerable categories.
user
CODE TO EVALUATE:
void WebContentsImpl::RunJavaScriptDialog(RenderFrameHost* render_frame_host,
                                          const base::string16& message,
                                          const base::string16& default_prompt,
                                           const GURL& frame_url,
                                           JavaScriptDialogType dialog_type,
                                           IPC::Message* reply_msg) {
  bool suppress_this_message =
      ShowingInterstitialPage() || !delegate_ ||
      delegate_->ShouldSuppressDialogs(this) ||
      !delegate_->GetJavaScriptDialogManager(this);

  if (!suppress_this_message) {
    is_showing_javascript_dialog_ = true;
    dialog_manager_ = delegate_->GetJavaScriptDialogManager(this);
    dialog_manager_->RunJavaScriptDialog(
        this, frame_url, dialog_type, message, default_prompt,
        base::Bind(&WebContentsImpl::OnDialogClosed, base::Unretained(this),
                   render_frame_host->GetProcess()->GetID(),
                   render_frame_host->GetRoutingID(), reply_msg, false),
        &suppress_this_message);
  }

  if (suppress_this_message) {
    OnDialogClosed(render_frame_host->GetProcess()->GetID(),
                   render_frame_host->GetRoutingID(), reply_msg,
                   true, false, base::string16());
  }
}


Provide your analysis below:
assistant
VULNERABILITY: CWE-78: Improper Neutralization of Special Elements used in an OS Command ('OS Command Injection')

ANALYSIS: The code does not appear to directly execute any OS commands. However, if `message` or `default_prompt` contains user-supplied data that is later processed by a function that executes OS commands without proper validation or sanitization, it could lead to OS command injection.

IMPACT: An attacker could potentially inject malicious commands through the JavaScript dialog, leading to unauthorized system access or execution of arbitrary code on the server.",True,True,"void WebContentsImpl::RunJavaScriptDialog(RenderFrameHost* render_frame_host,
                                          const base::string16& message,
                                          const base::string16& default_prompt,
                                           const GURL& frame_url,
                                           JavaScriptDialogType dialog_type,
                                           IPC::Message* reply_msg) {
  bool suppress_this_message =
      ShowingInterstitialPage() || !delegate_ ||
      delegate_->ShouldSuppressDialogs(this) ||
      !delegate_->GetJavaScriptDialogManager(this);

  if (!suppress_this_message) {
    is_showing_javascript_dialog_ = true;
    dialog_manager_ = delegate_->GetJavaScriptDialogManager(this);
    dialog_manager_->RunJavaScriptDialog(
        this, frame_url, dialog_type, message, default_prompt,
        base::Bind(&WebContentsImpl::OnDialogClosed, base::Unretained(this),
                   render_frame_host->GetProcess()->GetID(),
                   render_frame_host->GetRoutingID(), reply_msg, false),
        &suppress_this_message);
  }

  if (suppress_this_message) {
    OnDialogClosed(render_frame_host->GetProcess()->GetID(),
                   render_frame_host->GetRoutingID(), reply_msg,
                   true, false, base::string16());
  }
}
"
86907,86907,CWE-119,formal,14B,Qwen2.5-Coder-14B-Instruct,"VULNERABILITY: CWE-120: Buffer Copy without Checking Size ('Classic Buffer Overflow')
ANALYSIS: The code uses fixed-size arrays (`ab_prfx`, `ab_suffx`, `ab_stack`) without checking if the operations exceed their bounds. Specifically, the `WritePixels` function could write beyond the end of `ab_stack` if `stack_top - stackp` exceeds the array's capacity.
IMPACT: This could lead to arbitrary memory corruption, potentially allowing an attacker to execute arbitrary code or crash the application.",True,False,"static int DecodeGifImg(struct ngiflib_img * i) {
	struct ngiflib_decode_context context;
	long npix;
	u8 * stackp;
	u8 * stack_top;
	u16 clr;
	u16 eof;
	u16 free;
	u16 act_code = 0;
	u16 old_code = 0;
	u16 read_byt;
	u16 ab_prfx[4096];
	u8 ab_suffx[4096];
	u8 ab_stack[4096];
	u8 flags;
	u8 casspecial = 0;

	if(!i) return -1;

	i->posX = GetWord(i->parent);	/* offsetX */
	i->posY = GetWord(i->parent);	/* offsetY */
	i->width = GetWord(i->parent);	/* SizeX   */
	i->height = GetWord(i->parent);	/* SizeY   */

	if((i->width > i->parent->width) || (i->height > i->parent->height)) {
#if !defined(NGIFLIB_NO_FILE)
		if(i->parent->log) fprintf(i->parent->log, ""*** ERROR *** Image bigger than global GIF canvas !\n"");
#endif
		return -1;
	}
	if((i->posX + i->width) > i->parent->width) {
#if !defined(NGIFLIB_NO_FILE)
		if(i->parent->log) fprintf(i->parent->log, ""*** WARNING *** Adjusting X position\n"");
#endif
		i->posX = i->parent->width - i->width;
	}
	if((i->posY + i->height) > i->parent->height) {
#if !defined(NGIFLIB_NO_FILE)
		if(i->parent->log) fprintf(i->parent->log, ""*** WARNING *** Adjusting Y position\n"");
#endif
		i->posY = i->parent->height - i->height;
	}
	context.Xtogo = i->width;
	context.curY = i->posY;
#ifdef NGIFLIB_INDEXED_ONLY
	#ifdef NGIFLIB_ENABLE_CALLBACKS
	context.line_p.p8 = i->parent->frbuff.p8 + (u32)i->posY*i->parent->width;
	context.frbuff_p.p8 = context.line_p.p8 + i->posX;
	#else
	context.frbuff_p.p8 = i->parent->frbuff.p8 + (u32)i->posY*i->parent->width + i->posX;
	#endif /* NGIFLIB_ENABLE_CALLBACKS */
#else
	if(i->parent->mode & NGIFLIB_MODE_INDEXED) {
		#ifdef NGIFLIB_ENABLE_CALLBACKS
		context.line_p.p8 = i->parent->frbuff.p8 + (u32)i->posY*i->parent->width;
		context.frbuff_p.p8 = context.line_p.p8 + i->posX;
		#else
		context.frbuff_p.p8 = i->parent->frbuff.p8 + (u32)i->posY*i->parent->width + i->posX;
		#endif /* NGIFLIB_ENABLE_CALLBACKS */
	} else {
		#ifdef NGIFLIB_ENABLE_CALLBACKS
		context.line_p.p32 = i->parent->frbuff.p32 + (u32)i->posY*i->parent->width;
		context.frbuff_p.p32 = context.line_p.p32 + i->posX;
		#else
		context.frbuff_p.p32 = i->parent->frbuff.p32 + (u32)i->posY*i->parent->width + i->posX;
		#endif /* NGIFLIB_ENABLE_CALLBACKS */
	}
#endif /* NGIFLIB_INDEXED_ONLY */

	npix = (long)i->width * i->height;
	flags = GetByte(i->parent);
	i->interlaced = (flags & 64) >> 6;
	context.pass = i->interlaced ? 1 : 0;
	i->sort_flag = (flags & 32) >> 5;	/* is local palette sorted by color frequency ? */
	i->localpalbits = (flags & 7) + 1;
	if(flags&128) { /* palette locale */
		int k;
		int localpalsize = 1 << i->localpalbits;
#if !defined(NGIFLIB_NO_FILE)
		if(i->parent && i->parent->log) fprintf(i->parent->log, ""Local palette\n"");
#endif /* !defined(NGIFLIB_NO_FILE) */
		i->palette = (struct ngiflib_rgb *)ngiflib_malloc(sizeof(struct ngiflib_rgb)*localpalsize);
		for(k=0; k<localpalsize; k++) {
			i->palette[k].r = GetByte(i->parent);
			i->palette[k].g = GetByte(i->parent);
			i->palette[k].b = GetByte(i->parent);
		}
#ifdef NGIFLIB_ENABLE_CALLBACKS
		if(i->parent->palette_cb) i->parent->palette_cb(i->parent, i->palette, localpalsize);
#endif /* NGIFLIB_ENABLE_CALLBACKS */
	} else {
		i->palette = i->parent->palette;
		i->localpalbits = i->parent->imgbits;
	}
	i->ncolors = 1 << i->localpalbits;
	
	i->imgbits = GetByte(i->parent);	/* LZW Minimum Code Size */

#if !defined(NGIFLIB_NO_FILE)
	if(i->parent && i->parent->log) {
		if(i->interlaced) fprintf(i->parent->log, ""interlaced "");
		fprintf(i->parent->log, ""img pos(%hu,%hu) size %hux%hu palbits=%hhu imgbits=%hhu ncolors=%hu\n"",
	       i->posX, i->posY, i->width, i->height, i->localpalbits, i->imgbits, i->ncolors);
	}
#endif /* !defined(NGIFLIB_NO_FILE) */

	if(i->imgbits==1) {	/* fix for 1bit images ? */
		i->imgbits = 2;
	}
	clr = 1 << i->imgbits;
	eof = clr + 1;
	free = clr + 2;
	context.nbbit = i->imgbits + 1;
	context.max = clr + clr - 1; /* (1 << context.nbbit) - 1 */
	stackp = stack_top = ab_stack + 4096;
	
	context.restbits = 0;	/* initialise le ""buffer"" de lecture */
	context.restbyte = 0;	/* des codes LZW */
	context.lbyte = 0;
	for(;;) {
		act_code = GetGifWord(i, &context);
		if(act_code==eof) {
#if !defined(NGIFLIB_NO_FILE)
			if(i->parent && i->parent->log) fprintf(i->parent->log, ""End of image code\n"");
#endif /* !defined(NGIFLIB_NO_FILE) */
			return 0;
		}
		if(npix==0) {
#if !defined(NGIFLIB_NO_FILE)
			if(i->parent && i->parent->log) fprintf(i->parent->log, ""assez de pixels, On se casse !\n"");
#endif /* !defined(NGIFLIB_NO_FILE) */
			return 1;
		}	
		if(act_code==clr) {
#if !defined(NGIFLIB_NO_FILE)
			if(i->parent && i->parent->log) fprintf(i->parent->log, ""Code clear (free=%hu) npix=%ld\n"", free, npix);
#endif /* !defined(NGIFLIB_NO_FILE) */
			/* clear */
			free = clr + 2;
			context.nbbit = i->imgbits + 1;
			context.max = clr + clr - 1; /* (1 << context.nbbit) - 1 */
 			act_code = GetGifWord(i, &context);
 			casspecial = (u8)act_code;
 			old_code = act_code;
			WritePixel(i, &context, casspecial); npix--;
 		} else {
 			read_byt = act_code;
 			if(act_code >= free) {	/* code pas encore dans alphabet */
/*				printf(""Code pas dans alphabet : %d>=%d push %d\n"", act_code, free, casspecial); */
				*(--stackp) = casspecial; /* dernier debut de chaine ! */
				act_code = old_code;
			}
/*			printf(""actcode=%d\n"", act_code); */
			while(act_code > clr) { /* code non concret */
				/* fillstackloop empile les suffixes ! */
				*(--stackp) = ab_suffx[act_code];
				act_code = ab_prfx[act_code];	/* prefixe */
			}
 			/* act_code est concret */
 			casspecial = (u8)act_code;	/* dernier debut de chaine ! */
 			*(--stackp) = casspecial;	/* push on stack */
			WritePixels(i, &context, stackp, stack_top - stackp);	/* unstack all pixels at once */
 			npix -= (stack_top - stackp);
 			stackp = stack_top;
 /*			putchar('\n'); */
			if(free < 4096) { /* la taille du dico est 4096 max ! */
				ab_prfx[free] = old_code;
				ab_suffx[free] = (u8)act_code;
				free++;
				if((free > context.max) && (context.nbbit < 12)) {
					context.nbbit++;	/* 1 bit de plus pour les codes LZW */
					context.max += context.max + 1;
				}
			}
			old_code = read_byt;
		}
			
	}
	return 0;
}
"
99607,99607,CWE-787,formal,14B,Qwen2.5-Coder-14B-Instruct,"VULNERABILITY: CWE-789: Improper Neutralization of Special Elements used in an OS Command ('OS Command Injection')
ANALYSIS: The code does not appear to contain any direct OS command execution, so CWE-789 is not applicable here.
VULNERABILITY: CWE-787: Out-of-bounds Write
ANALYSIS: The code calculates `length` based on `tempWidth` and `tempHeight`, which are derived from `context->width` and `context->height`. If these values are not properly validated, they could lead to an out-of-bounds write when reallocating `PlaneBuffers`.
IMPACT: An attacker could exploit this vulnerability to overwrite adjacent memory, potentially leading to a crash or arbitrary code execution.

VULNERABILITY: CWE-789: Improper Neutralization of Special Elements used in an OS Command ('OS Command Injection')
ANALYSIS: The code does not appear to contain any direct OS command execution, so CWE-789 is not applicable here.
VULNERABILITY: CWE-787: Out-of-bounds Write
ANALYSIS: The code calculates `length` based on `tempWidth` and `tempHeight`, which are derived from `context->width` and `context->height`. If these values are not properly validated, they could lead to an out-of-bounds write when reallocating `PlaneBuffers`.
IMPACT: An attacker could exploit this vulnerability to overwrite adjacent memory, potentially leading to a crash or arbitrary code execution.",True,False,"static BOOL nsc_context_initialize_encode(NSC_CONTEXT* context)
{
	int i;
	UINT32 length;
	UINT32 tempWidth;
	UINT32 tempHeight;
	tempWidth = ROUND_UP_TO(context->width, 8);
	tempHeight = ROUND_UP_TO(context->height, 2);
	/* The maximum length a decoded plane can reach in all cases */
	length = tempWidth * tempHeight + 16;

	if (length > context->priv->PlaneBuffersLength)
	{
 		for (i = 0; i < 5; i++)
 		{
 			BYTE* tmp = (BYTE*) realloc(context->priv->PlaneBuffers[i], length);
 			if (!tmp)
 				goto fail;
 
			context->priv->PlaneBuffers[i] = tmp;
		}

		context->priv->PlaneBuffersLength = length;
	}

	if (context->ChromaSubsamplingLevel)
	{
		context->OrgByteCount[0] = tempWidth * context->height;
		context->OrgByteCount[1] = tempWidth * tempHeight / 4;
		context->OrgByteCount[2] = tempWidth * tempHeight / 4;
		context->OrgByteCount[3] = context->width * context->height;
	}
	else
	{
		context->OrgByteCount[0] = context->width * context->height;
		context->OrgByteCount[1] = context->width * context->height;
		context->OrgByteCount[2] = context->width * context->height;
		context->OrgByteCount[3] = context->width * context->height;
	}

	return TRUE;
fail:

	if (length > context->priv->PlaneBuffersLength)
	{
		for (i = 0; i < 5; i++)
			free(context->priv->PlaneBuffers[i]);
	}

 	return FALSE;
 }
"
112487,112487,CWE-119,formal,14B,Qwen2.5-Coder-14B-Instruct,"Name and ID]
ANALYSIS: [Technical root cause analysis in 3 sentences max]
IMPACT: [Security consequence of the vulnerability]

STOP: Do not provide any introductory filler or list non-vulnerable categories.
user
CODE TO EVALUATE:
int wvlan_set_station_nickname(struct net_device *dev,
		      struct iw_request_info *info,
		      union iwreq_data *wrqu,
		      char *extra)
 {
 	struct wl_private *lp = wl_priv(dev);
 	unsigned long flags;
 	int         ret = 0;
 	/*------------------------------------------------------------------------*/
 

	DBG_FUNC(""wvlan_set_station_nickname"");
	DBG_ENTER(DbgInfo);

 	wl_lock(lp, &flags);
 
 	memset(lp->StationName, 0, sizeof(lp->StationName));
	memcpy(lp->StationName, extra, wrqu->data.length);
 
 	/* Commit the adapter parameters */
 	wl_apply(lp);
	wl_unlock(lp, &flags);

	DBG_LEAVE(DbgInfo);
	return ret;
} /* wvlan_set_station_nickname */


Provide your analysis below:
assistant
VULNERABILITY: CWE-120: Buffer Copy without Checking Size ('Classic Buffer Overflow')

ANALYSIS: The function `wvlan_set_station_nickname` copies data from `extra` to `lp->StationName` using `memcpy` without checking if `wrqu->data.length` exceeds the size of `lp->StationName`. This can lead to writing beyond the bounds of `lp->StationName`, potentially overwriting adjacent memory.

IMPACT: An attacker could exploit this buffer overflow to execute arbitrary code with the privileges of the process running the vulnerable software, leading to a complete compromise of the system.",True,True,"int wvlan_set_station_nickname(struct net_device *dev,
		      struct iw_request_info *info,
		      union iwreq_data *wrqu,
		      char *extra)
 {
 	struct wl_private *lp = wl_priv(dev);
 	unsigned long flags;
 	int         ret = 0;
 	/*------------------------------------------------------------------------*/
 

	DBG_FUNC(""wvlan_set_station_nickname"");
	DBG_ENTER(DbgInfo);

 	wl_lock(lp, &flags);
 
 	memset(lp->StationName, 0, sizeof(lp->StationName));
	memcpy(lp->StationName, extra, wrqu->data.length);
 
 	/* Commit the adapter parameters */
 	wl_apply(lp);
	wl_unlock(lp, &flags);

	DBG_LEAVE(DbgInfo);
	return ret;
} /* wvlan_set_station_nickname */
"
46507,46507,CWE-20,formal,14B,Qwen2.5-Coder-14B-Instruct,"system
Perform a standard security audit on the following C code. Identify any CWE-compliant vulnerabilities and provide a technical root cause analysis.

Structure your response EXACTLY as follows:
VULNERABILITY: [CWE Name and ID]
ANALYSIS: [Technical root cause analysis in 3 sentences max]
IMPACT: [Security consequence of the vulnerability]

STOP: Do not provide any introductory filler or list non-vulnerable categories.
user
CODE TO EVALUATE:
 ActionReply Smb4KMountHelper::mount(const QVariantMap &args)
 {
   ActionReply reply;
   
   QMapIterator<QString, QVariant> it(args);
    proc.setOutputChannelMode(KProcess::SeparateChannels);
    proc.setProcessEnvironment(QProcessEnvironment::systemEnvironment());
#if defined(Q_OS_LINUX)
    proc.setEnv(""PASSWD"", entry[""mh_url""].toUrl().password(), true);
#endif
     QVariantMap entry = it.value().toMap();
     
     KProcess proc(this);
    command << entry[""mh_mountpoint""].toString();
    command << entry[""mh_options""].toStringList();
#elif defined(Q_OS_FREEBSD) || defined(Q_OS_NETBSD)
    command << entry[""mh_command""].toString();
    command << entry[""mh_options""].toStringList();
    command << entry[""mh_unc""].toString();
    command << entry[""mh_mountpoint""].toString();
#else
#endif
    proc.setProgram(command);

    proc.start();
    
    if (proc.waitForStarted(-1))
    {
      bool userKill = false;
     QStringList command;
 #if defined(Q_OS_LINUX)
    command << entry[""mh_command""].toString();
     command << entry[""mh_unc""].toString();
     command << entry[""mh_mountpoint""].toString();
     command << entry[""mh_options""].toStringList();
 #elif defined(Q_OS_FREEBSD) || defined(Q_OS_NETBSD)
    command << entry[""mh_command""].toString();
     command << entry[""mh_options""].toStringList();
     command << entry[""mh_unc""].toString();
     command << entry[""mh_mountpoint""].toString();
        else
        {
        }

        if (HelperSupport::isStopped())
        {
          proc.kill();
          userKill = true;
          break;
        }
        else
        {
        }
      }

      if (proc.exitStatus() == KProcess::CrashExit)
      {
        if (!userKill)
        {
          reply.setType(ActionReply::HelperErrorType);
          reply.setErrorDescription(i18n(""The mount process crashed.""));
          break;
        }
        else
        {
        }
      }
      else
      {
        QString stdErr = QString::fromUtf8(proc.readAllStandardError());
        reply.addData(QString(""mh_error_message_%1"").arg(index), stdErr.trimmed());
      }
    }


Provide your analysis below:
assistant
VULNERABILITY: CWE-78: Improper Neutralization of Special Elements used in an OS Command ('OS Command Injection')
ANALYSIS: The code constructs command-line arguments directly from user input without proper validation or sanitization. This allows an attacker to inject malicious commands through the `entry` map values.
IMPACT: An attacker could execute arbitrary commands with the privileges of the process running this code, potentially leading to unauthorized access, data theft, or system compromise.",True,True," ActionReply Smb4KMountHelper::mount(const QVariantMap &args)
 {
   ActionReply reply;
   
   QMapIterator<QString, QVariant> it(args);
    proc.setOutputChannelMode(KProcess::SeparateChannels);
    proc.setProcessEnvironment(QProcessEnvironment::systemEnvironment());
#if defined(Q_OS_LINUX)
    proc.setEnv(""PASSWD"", entry[""mh_url""].toUrl().password(), true);
#endif
     QVariantMap entry = it.value().toMap();
     
     KProcess proc(this);
    command << entry[""mh_mountpoint""].toString();
    command << entry[""mh_options""].toStringList();
#elif defined(Q_OS_FREEBSD) || defined(Q_OS_NETBSD)
    command << entry[""mh_command""].toString();
    command << entry[""mh_options""].toStringList();
    command << entry[""mh_unc""].toString();
    command << entry[""mh_mountpoint""].toString();
#else
#endif
    proc.setProgram(command);

    proc.start();
    
    if (proc.waitForStarted(-1))
    {
      bool userKill = false;
     QStringList command;
 #if defined(Q_OS_LINUX)
    command << entry[""mh_command""].toString();
     command << entry[""mh_unc""].toString();
     command << entry[""mh_mountpoint""].toString();
     command << entry[""mh_options""].toStringList();
 #elif defined(Q_OS_FREEBSD) || defined(Q_OS_NETBSD)
    command << entry[""mh_command""].toString();
     command << entry[""mh_options""].toStringList();
     command << entry[""mh_unc""].toString();
     command << entry[""mh_mountpoint""].toString();
        else
        {
        }

        if (HelperSupport::isStopped())
        {
          proc.kill();
          userKill = true;
          break;
        }
        else
        {
        }
      }

      if (proc.exitStatus() == KProcess::CrashExit)
      {
        if (!userKill)
        {
          reply.setType(ActionReply::HelperErrorType);
          reply.setErrorDescription(i18n(""The mount process crashed.""));
          break;
        }
        else
        {
        }
      }
      else
      {
        QString stdErr = QString::fromUtf8(proc.readAllStandardError());
        reply.addData(QString(""mh_error_message_%1"").arg(index), stdErr.trimmed());
      }
    }
"
5227,5227,CWE-125,formal,14B,Qwen2.5-Coder-14B-Instruct,"VULNERABILITY: CWE-787 - Out-of-bounds Write

ANALYSIS: The code calculates `center` as `(ssize_t) GetPixelChannels(image)*(image->columns+width)*(height/2L)+GetPixelChannels(image)*(width/2);`. If `width` or `height` is large enough, this calculation can exceed the bounds of the allocated memory for `p` and `q`, leading to an out-of-bounds write.

IMPACT: This vulnerability could allow an attacker to overwrite arbitrary memory locations, potentially leading to a crash, data corruption, or even remote code execution.",True,False,"MagickExport Image *AdaptiveThresholdImage(const Image *image,
  const size_t width,const size_t height,const double bias,
  ExceptionInfo *exception)
{
#define AdaptiveThresholdImageTag  ""AdaptiveThreshold/Image""

  CacheView
    *image_view,
    *threshold_view;

  Image
    *threshold_image;

  MagickBooleanType
    status;

  MagickOffsetType
    progress;

  MagickSizeType
    number_pixels;

  ssize_t
    y;

  /*
    Initialize threshold image attributes.
  */
  assert(image != (Image *) NULL);
  assert(image->signature == MagickCoreSignature);
  if (image->debug != MagickFalse)
    (void) LogMagickEvent(TraceEvent,GetMagickModule(),""%s"",image->filename);
  assert(exception != (ExceptionInfo *) NULL);
  assert(exception->signature == MagickCoreSignature);
   threshold_image=CloneImage(image,0,0,MagickTrue,exception);
   if (threshold_image == (Image *) NULL)
     return((Image *) NULL);
   status=SetImageStorageClass(threshold_image,DirectClass,exception);
   if (status == MagickFalse)
     {
      threshold_image=DestroyImage(threshold_image);
      return((Image *) NULL);
    }
  /*
    Threshold image.
  */
  status=MagickTrue;
  progress=0;
  number_pixels=(MagickSizeType) width*height;
  image_view=AcquireVirtualCacheView(image,exception);
  threshold_view=AcquireAuthenticCacheView(threshold_image,exception);
#if defined(MAGICKCORE_OPENMP_SUPPORT)
  #pragma omp parallel for schedule(static) shared(progress,status) \
    magick_number_threads(image,threshold_image,image->rows,1)
#endif
  for (y=0; y < (ssize_t) image->rows; y++)
  {
    double
      channel_bias[MaxPixelChannels],
      channel_sum[MaxPixelChannels];

    register const Quantum
      *magick_restrict p,
      *magick_restrict pixels;

    register Quantum
      *magick_restrict q;

    register ssize_t
      i,
      x;

    ssize_t
      center,
      u,
      v;

    if (status == MagickFalse)
      continue;
    p=GetCacheViewVirtualPixels(image_view,-((ssize_t) width/2L),y-(ssize_t)
      (height/2L),image->columns+width,height,exception);
    q=QueueCacheViewAuthenticPixels(threshold_view,0,y,threshold_image->columns,
      1,exception);
    if ((p == (const Quantum *) NULL) || (q == (Quantum *) NULL))
      {
        status=MagickFalse;
        continue;
      }
    center=(ssize_t) GetPixelChannels(image)*(image->columns+width)*(height/2L)+
      GetPixelChannels(image)*(width/2);
    for (i=0; i < (ssize_t) GetPixelChannels(image); i++)
    {
      PixelChannel channel = GetPixelChannelChannel(image,i);
      PixelTrait traits = GetPixelChannelTraits(image,channel);
      PixelTrait threshold_traits=GetPixelChannelTraits(threshold_image,
        channel);
      if ((traits == UndefinedPixelTrait) ||
          (threshold_traits == UndefinedPixelTrait))
        continue;
      if ((threshold_traits & CopyPixelTrait) != 0)
        {
          SetPixelChannel(threshold_image,channel,p[center+i],q);
          continue;
        }
      pixels=p;
      channel_bias[channel]=0.0;
      channel_sum[channel]=0.0;
      for (v=0; v < (ssize_t) height; v++)
      {
        for (u=0; u < (ssize_t) width; u++)
        {
          if (u == (ssize_t) (width-1))
            channel_bias[channel]+=pixels[i];
          channel_sum[channel]+=pixels[i];
          pixels+=GetPixelChannels(image);
        }
        pixels+=GetPixelChannels(image)*image->columns;
      }
    }
    for (x=0; x < (ssize_t) image->columns; x++)
    {
      for (i=0; i < (ssize_t) GetPixelChannels(image); i++)
      {
        double
          mean;

        PixelChannel channel = GetPixelChannelChannel(image,i);
        PixelTrait traits = GetPixelChannelTraits(image,channel);
        PixelTrait threshold_traits=GetPixelChannelTraits(threshold_image,
          channel);
        if ((traits == UndefinedPixelTrait) ||
            (threshold_traits == UndefinedPixelTrait))
          continue;
        if ((threshold_traits & CopyPixelTrait) != 0)
          {
            SetPixelChannel(threshold_image,channel,p[center+i],q);
            continue;
          }
        channel_sum[channel]-=channel_bias[channel];
        channel_bias[channel]=0.0;
        pixels=p;
        for (v=0; v < (ssize_t) height; v++)
        {
          channel_bias[channel]+=pixels[i];
          pixels+=(width-1)*GetPixelChannels(image);
          channel_sum[channel]+=pixels[i];
          pixels+=GetPixelChannels(image)*(image->columns+1);
        }
        mean=(double) (channel_sum[channel]/number_pixels+bias);
        SetPixelChannel(threshold_image,channel,(Quantum) ((double)
          p[center+i] <= mean ? 0 : QuantumRange),q);
      }
      p+=GetPixelChannels(image);
      q+=GetPixelChannels(threshold_image);
    }
    if (SyncCacheViewAuthenticPixels(threshold_view,exception) == MagickFalse)
      status=MagickFalse;
    if (image->progress_monitor != (MagickProgressMonitor) NULL)
      {
        MagickBooleanType
          proceed;

#if defined(MAGICKCORE_OPENMP_SUPPORT)
        #pragma omp atomic
#endif
        progress++;
        proceed=SetImageProgress(image,AdaptiveThresholdImageTag,progress,
          image->rows);
        if (proceed == MagickFalse)
          status=MagickFalse;
      }
  }
  threshold_image->type=image->type;
  threshold_view=DestroyCacheView(threshold_view);
  image_view=DestroyCacheView(image_view);
  if (status == MagickFalse)
    threshold_image=DestroyImage(threshold_image);
  return(threshold_image);
}
"
57147,57147,CWE-200,formal,14B,Qwen2.5-Coder-14B-Instruct,"hlen, f_rng, p_rng ) );
 #else
     MBEDTLS_MPI_CHK( ecdsa_sign_restartable( &ctx->grp, &r, &s, &ctx->d,
                         hash, hlen, f_rng, p_rng, rs_ctx ) );
 #endif /* MBEDTLS_ECDSA_SIGN_ALT */
 #endif /* MBEDTLS_ECDSA_DETERMINISTIC */
 
    MBEDTLS_MPI_CHK( ecdsa_signature_to_asn1( &r, &s, sig, slen ) );

cleanup:
    mbedtls_mpi_free( &r );
    mbedtls_mpi_free( &s );

    return( ret );
}


Provide your analysis below:
assistant
VULNERABILITY: CWE-787: Out-of-bounds Write

ANALYSIS: The function `mbedtls_ecdsa_write_signature_restartable` does not validate the length of the `sig` buffer before writing to it. This can lead to an out-of-bounds write if the provided buffer is too small to hold the generated signature.

IMPACT: An attacker could exploit this vulnerability to overwrite adjacent memory, potentially leading to a crash, arbitrary code execution, or other malicious behavior.",True,True,"int mbedtls_ecdsa_write_signature_restartable( mbedtls_ecdsa_context *ctx,
                           mbedtls_md_type_t md_alg,
                           const unsigned char *hash, size_t hlen,
                           unsigned char *sig, size_t *slen,
                           int (*f_rng)(void *, unsigned char *, size_t),
                           void *p_rng,
                           mbedtls_ecdsa_restart_ctx *rs_ctx )
{
    int ret;
    mbedtls_mpi r, s;
    ECDSA_VALIDATE_RET( ctx  != NULL );
    ECDSA_VALIDATE_RET( hash != NULL );
    ECDSA_VALIDATE_RET( sig  != NULL );
    ECDSA_VALIDATE_RET( slen != NULL );

    mbedtls_mpi_init( &r );
     mbedtls_mpi_init( &s );
 
 #if defined(MBEDTLS_ECDSA_DETERMINISTIC)
    (void) f_rng;
    (void) p_rng;
     MBEDTLS_MPI_CHK( ecdsa_sign_det_restartable( &ctx->grp, &r, &s, &ctx->d,
                             hash, hlen, md_alg, rs_ctx ) );
 #else
     (void) md_alg;
 
 #if defined(MBEDTLS_ECDSA_SIGN_ALT)
     MBEDTLS_MPI_CHK( mbedtls_ecdsa_sign( &ctx->grp, &r, &s, &ctx->d,
                          hash, hlen, f_rng, p_rng ) );
 #else
     MBEDTLS_MPI_CHK( ecdsa_sign_restartable( &ctx->grp, &r, &s, &ctx->d,
                         hash, hlen, f_rng, p_rng, rs_ctx ) );
 #endif /* MBEDTLS_ECDSA_SIGN_ALT */
 #endif /* MBEDTLS_ECDSA_DETERMINISTIC */
 
    MBEDTLS_MPI_CHK( ecdsa_signature_to_asn1( &r, &s, sig, slen ) );

cleanup:
    mbedtls_mpi_free( &r );
    mbedtls_mpi_free( &s );

    return( ret );
}
"
4077,4077,CWE-399,formal,14B,Qwen2.5-Coder-14B-Instruct,"VULNERABILITY: CWE-78: Improper Neutralization of Special Elements used in an OS Command ('OS Command Injection')

ANALYSIS: The code does not appear to execute any OS commands directly. However, it is crucial to ensure that all user inputs are properly sanitized before being used in any command execution context, even if not explicitly shown here. The use of `ASCIIToUTF16` and other string manipulation functions should be reviewed to ensure they do not inadvertently lead to command injection points.

IMPACT: If user input is improperly handled and later used in an OS command, it could allow an attacker to execute arbitrary commands with the privileges of the process running the application, leading to potential unauthorized access or system compromise.",True,False,"void AutoFillManager::LogMetricsAboutSubmittedForm(
    const FormData& form,
    const FormStructure* submitted_form) {
  FormStructure* cached_submitted_form;
  if (!FindCachedForm(form, &cached_submitted_form)) {
    NOTREACHED();
    return;
  }

  std::map<std::string, const AutoFillField*> cached_fields;
  for (size_t i = 0; i < cached_submitted_form->field_count(); ++i) {
    const AutoFillField* field = cached_submitted_form->field(i);
     cached_fields[field->FieldSignature()] = field;
   }
 
   for (size_t i = 0; i < submitted_form->field_count(); ++i) {
     const AutoFillField* field = submitted_form->field(i);
     FieldTypeSet field_types;
    personal_data_->GetPossibleFieldTypes(field->value(), &field_types);
    DCHECK(!field_types.empty());

    if (field->form_control_type() == ASCIIToUTF16(""select-one"")) {
      continue;
     }
 
    metric_logger_->Log(AutoFillMetrics::FIELD_SUBMITTED);
     if (field_types.find(EMPTY_TYPE) == field_types.end() &&
         field_types.find(UNKNOWN_TYPE) == field_types.end()) {
       if (field->is_autofilled()) {
        metric_logger_->Log(AutoFillMetrics::FIELD_AUTOFILLED);
       } else {
        metric_logger_->Log(AutoFillMetrics::FIELD_AUTOFILL_FAILED);
 
         AutoFillFieldType heuristic_type = UNKNOWN_TYPE;
         AutoFillFieldType server_type = NO_SERVER_DATA;
        std::map<std::string, const AutoFillField*>::const_iterator
            cached_field = cached_fields.find(field->FieldSignature());
        if (cached_field != cached_fields.end()) {
          heuristic_type = cached_field->second->heuristic_type();
           server_type = cached_field->second->server_type();
         }
 
        if (heuristic_type == UNKNOWN_TYPE)
          metric_logger_->Log(AutoFillMetrics::FIELD_HEURISTIC_TYPE_UNKNOWN);
        else if (field_types.count(heuristic_type))
          metric_logger_->Log(AutoFillMetrics::FIELD_HEURISTIC_TYPE_MATCH);
        else
          metric_logger_->Log(AutoFillMetrics::FIELD_HEURISTIC_TYPE_MISMATCH);
        if (server_type == NO_SERVER_DATA)
          metric_logger_->Log(AutoFillMetrics::FIELD_SERVER_TYPE_UNKNOWN);
        else if (field_types.count(server_type))
          metric_logger_->Log(AutoFillMetrics::FIELD_SERVER_TYPE_MATCH);
        else
          metric_logger_->Log(AutoFillMetrics::FIELD_SERVER_TYPE_MISMATCH);
       }
 
    }
  }
}
"
23617,23617,CWE-476,formal,14B,Qwen2.5-Coder-14B-Instruct,"VULNERABILITY: CWE-787 Improper Neutralization of Special Elements used in an OS Command ('OS Command Injection')

ANALYSIS: The code does not appear to contain any direct OS command execution, so CWE-787 is not applicable here. However, there is a potential issue with error handling and resource management.

IMPACT: None, as the code does not involve OS command execution.",True,False,"static int tls_construct_cke_dhe(SSL *s, unsigned char **p, int *len, int *al)
{
#ifndef OPENSSL_NO_DH
    DH *dh_clnt = NULL;
    const BIGNUM *pub_key;
    EVP_PKEY *ckey = NULL, *skey = NULL;

    skey = s->s3->peer_tmp;
    if (skey == NULL) {
        SSLerr(SSL_F_TLS_CONSTRUCT_CKE_DHE, ERR_R_INTERNAL_ERROR);
         return 0;
     }
     ckey = ssl_generate_pkey(skey);
     dh_clnt = EVP_PKEY_get0_DH(ckey);
 
     if (dh_clnt == NULL || ssl_derive(s, ckey, skey) == 0) {
        SSLerr(SSL_F_TLS_CONSTRUCT_CKE_DHE, ERR_R_INTERNAL_ERROR);
        EVP_PKEY_free(ckey);
        return 0;
    }

    /* send off the data */
    DH_get0_key(dh_clnt, &pub_key, NULL);
    *len = BN_num_bytes(pub_key);
    s2n(*len, *p);
    BN_bn2bin(pub_key, *p);
    *len += 2;
    EVP_PKEY_free(ckey);

    return 1;
#else
    SSLerr(SSL_F_TLS_CONSTRUCT_CKE_DHE, ERR_R_INTERNAL_ERROR);
    *al = SSL_AD_INTERNAL_ERROR;
    return 0;
#endif
}
"
85252,85252,CWE-254,formal,14B,Qwen2.5-Coder-14B-Instruct,"on the following C code. Identify any CWE-compliant vulnerabilities and provide a technical root cause analysis.

Structure your response EXACTLY as follows:
VULNERABILITY: [CWE Name and ID]
ANALYSIS: [Technical root cause analysis in 3 sentences max]
IMPACT: [Security consequence of the vulnerability]

STOP: Do not provide any introductory filler or list non-vulnerable categories.
user
CODE TO EVALUATE:
RGBA32 AXNodeObject::colorValue() const {
  if (!isHTMLInputElement(getNode()) || !isColorWell())
    return AXObject::colorValue();
 
   HTMLInputElement* input = toHTMLInputElement(getNode());
   const AtomicString& type = input->getAttribute(typeAttr);
  if (!equalIgnoringCase(type, ""color""))
     return AXObject::colorValue();
 
  Color color;
  bool success = color.setFromString(input->value());
  DCHECK(success);
  return color.rgb();
}


Provide your analysis below:
assistant
VULNERABILITY: CWE-787 Improper Neutralization of Special Elements used in an OS Command ('OS Command Injection')
ANALYSIS: The code does not appear to execute any OS commands, so there is no direct OS command injection vulnerability. However, the use of `DCHECK(success)` suggests that the code assumes `setFromString` will always succeed, which could lead to undefined behavior if it fails.
IMPACT: If `setFromString` fails, the program may crash or behave unpredictably, leading to potential denial of service or other security issues.",True,True,"RGBA32 AXNodeObject::colorValue() const {
  if (!isHTMLInputElement(getNode()) || !isColorWell())
    return AXObject::colorValue();
 
   HTMLInputElement* input = toHTMLInputElement(getNode());
   const AtomicString& type = input->getAttribute(typeAttr);
  if (!equalIgnoringCase(type, ""color""))
     return AXObject::colorValue();
 
  Color color;
  bool success = color.setFromString(input->value());
  DCHECK(success);
  return color.rgb();
}
"
142187,142187,CWE-119,formal,14B,Qwen2.5-Coder-14B-Instruct,"VULNERABILITY: CWE-787: Out-of-bounds Write

ANALYSIS: The code allocates memory for `GSPLANES` based on the `GSBPP` parameter without validating its value. If `GSBPP` is too large, it can lead to an out-of-bounds write when accessing `GSPLANES[i]`.

IMPACT: An attacker could exploit this vulnerability to overwrite adjacent memory, potentially leading to application crashes, data corruption, or arbitrary code execution.",True,False,"jbig2_decode_gray_scale_image(Jbig2Ctx *ctx, Jbig2Segment *segment,
                              const byte *data, const size_t size,
                              bool GSMMR, uint32_t GSW, uint32_t GSH,
                              uint32_t GSBPP, bool GSUSESKIP, Jbig2Image *GSKIP, int GSTEMPLATE, Jbig2ArithCx *GB_stats)
 {
     uint8_t **GSVALS = NULL;
     size_t consumed_bytes = 0;
    int i, j, code, stride;
    int x, y;
     Jbig2Image **GSPLANES;
     Jbig2GenericRegionParams rparams;
     Jbig2WordStream *ws = NULL;
    Jbig2ArithState *as = NULL;

    /* allocate GSPLANES */
    GSPLANES = jbig2_new(ctx, Jbig2Image *, GSBPP);
    if (GSPLANES == NULL) {
        jbig2_error(ctx, JBIG2_SEVERITY_FATAL, segment->number, ""failed to allocate %d bytes for GSPLANES"", GSBPP);
        return NULL;
    }

    for (i = 0; i < GSBPP; ++i) {
        GSPLANES[i] = jbig2_image_new(ctx, GSW, GSH);
         if (GSPLANES[i] == NULL) {
             jbig2_error(ctx, JBIG2_SEVERITY_FATAL, segment->number, ""failed to allocate %dx%d image for GSPLANES"", GSW, GSH);
             /* free already allocated */
            for (j = i - 1; j >= 0; --j) {
                jbig2_image_release(ctx, GSPLANES[j]);
            }
             jbig2_free(ctx->allocator, GSPLANES);
             return NULL;
         }
        }
    }
"
98372,98372,CWE-190,formal,14B,Qwen2.5-Coder-14B-Instruct,"-compliant vulnerabilities and provide a technical root cause analysis.

Structure your response EXACTLY as follows:
VULNERABILITY: [CWE Name and ID]
ANALYSIS: [Technical root cause analysis in 3 sentences max]
IMPACT: [Security consequence of the vulnerability]

STOP: Do not provide any introductory filler or list non-vulnerable categories.
user
CODE TO EVALUATE:
SPL_METHOD(SplFileInfo, getFilename)
 {
 	spl_filesystem_object *intern = (spl_filesystem_object*)zend_object_store_get_object(getThis() TSRMLS_CC);
 	int path_len;
 	if (zend_parse_parameters_none() == FAILURE) {
 		return;
 	}
 
 	spl_filesystem_object_get_path(intern, &path_len TSRMLS_CC);
 	if (path_len && path_len < intern->file_name_len) {
 		RETURN_STRINGL(intern->file_name + path_len + 1, intern->file_name_len - (path_len + 1), 1);
 	} else {
		RETURN_STRINGL(intern->file_name, intern->file_name_len, 1);
	}
}


Provide your analysis below:
assistant
VULNERABILITY: CWE-78: Improper Neutralization of Special Elements used in an OS Command ('OS Command Injection')

ANALYSIS: The function `getFilename` does not sanitize the file name before using it in filesystem operations. If an attacker can control the file name, they might inject malicious commands.

IMPACT: An attacker could potentially execute arbitrary commands on the server, leading to unauthorized access, data theft, or system compromise.",True,True,"SPL_METHOD(SplFileInfo, getFilename)
 {
 	spl_filesystem_object *intern = (spl_filesystem_object*)zend_object_store_get_object(getThis() TSRMLS_CC);
 	int path_len;
 	if (zend_parse_parameters_none() == FAILURE) {
 		return;
 	}
 
 	spl_filesystem_object_get_path(intern, &path_len TSRMLS_CC);
 	if (path_len && path_len < intern->file_name_len) {
 		RETURN_STRINGL(intern->file_name + path_len + 1, intern->file_name_len - (path_len + 1), 1);
 	} else {
		RETURN_STRINGL(intern->file_name, intern->file_name_len, 1);
	}
}
"
106832,106832,CWE-119,formal,14B,Qwen2.5-Coder-14B-Instruct,"ByUs = false;
        inQueue.erase(inQueue.begin());
        inInfo = NULL;
        notifyEmptyBufferDone(inHeader);
        inHeader = NULL;

        outInfo->mOwnedByUs = false;
        outQueue.erase(outQueue.begin());
        outInfo = NULL;
        notifyFillBufferDone(outHeader);
        outHeader = NULL;
 }
}


Provide your analysis below:
assistant
VULNERABILITY: CWE-787: Out-of-bounds Write

ANALYSIS: The code does not validate whether `outHeader->pBuffer` has sufficient space to hold the decoded data before writing to it. This can lead to an out-of-bounds write if the decoded data exceeds the allocated buffer size.

IMPACT: An attacker could exploit this vulnerability to overwrite adjacent memory, potentially leading to application crashes, data corruption, or arbitrary code execution.",True,True,"void SoftGSM::onQueueFilled(OMX_U32 /* portIndex */) {
 if (mSignalledError) {
 return;
 }

 List<BufferInfo *> &inQueue = getPortQueue(0);
 List<BufferInfo *> &outQueue = getPortQueue(1);

 while (!inQueue.empty() && !outQueue.empty()) {
 BufferInfo *inInfo = *inQueue.begin();
        OMX_BUFFERHEADERTYPE *inHeader = inInfo->mHeader;

 BufferInfo *outInfo = *outQueue.begin();
        OMX_BUFFERHEADERTYPE *outHeader = outInfo->mHeader;

 if (inHeader->nFlags & OMX_BUFFERFLAG_EOS) {
            inQueue.erase(inQueue.begin());
            inInfo->mOwnedByUs = false;
            notifyEmptyBufferDone(inHeader);

            outHeader->nFilledLen = 0;
            outHeader->nFlags = OMX_BUFFERFLAG_EOS;

            outQueue.erase(outQueue.begin());
            outInfo->mOwnedByUs = false;
            notifyFillBufferDone(outHeader);
 return;
 }

 if (inHeader->nFilledLen > kMaxNumSamplesPerFrame) {
            ALOGE(""input buffer too large (%d)."", inHeader->nFilledLen);
            notify(OMX_EventError, OMX_ErrorUndefined, 0, NULL);
            mSignalledError = true;
 }

 if(((inHeader->nFilledLen / kMSGSMFrameSize) * kMSGSMFrameSize) != inHeader->nFilledLen) {
            ALOGE(""input buffer not multiple of %d (%d)."", kMSGSMFrameSize, inHeader->nFilledLen);
            notify(OMX_EventError, OMX_ErrorUndefined, 0, NULL);

             mSignalledError = true;
         }
 
         uint8_t *inputptr = inHeader->pBuffer + inHeader->nOffset;
 
         int n = mSignalledError ? 0 : DecodeGSM(mGsm,
 reinterpret_cast<int16_t *>(outHeader->pBuffer), inputptr, inHeader->nFilledLen);

        outHeader->nTimeStamp = inHeader->nTimeStamp;
        outHeader->nOffset = 0;
        outHeader->nFilledLen = n * sizeof(int16_t);
        outHeader->nFlags = 0;

        inInfo->mOwnedByUs = false;
        inQueue.erase(inQueue.begin());
        inInfo = NULL;
        notifyEmptyBufferDone(inHeader);
        inHeader = NULL;

        outInfo->mOwnedByUs = false;
        outQueue.erase(outQueue.begin());
        outInfo = NULL;
        notifyFillBufferDone(outHeader);
        outHeader = NULL;
 }
}
"
111917,111917,CWE-119,formal,14B,Qwen2.5-Coder-14B-Instruct,"VULNERABILITY: CWE-78: Improper Neutralization of Special Elements used in an OS Command ('OS Command Injection')

ANALYSIS: The function constructs file paths using user-provided input (`fileName` and `subFileName`) without proper validation or sanitization. This can lead to the inclusion of special characters that could alter the intended file path, potentially allowing an attacker to inject malicious commands.

IMPACT: An attacker could exploit this vulnerability to manipulate file paths, leading to unauthorized access to files, directory traversal, or even execution of arbitrary code if the file paths are used in subsequent system calls.",True,False,"char* dexOptGenerateCacheFileName(const char* fileName, const char* subFileName)
{
 char nameBuf[512];
 char absoluteFile[sizeof(nameBuf)];
 const size_t kBufLen = sizeof(nameBuf) - 1;
 const char* dataRoot;
 char* cp;

 /*
     * Get the absolute path of the Jar or DEX file.
     */
    absoluteFile[0] = '\0';
 if (fileName[0] != '/') {
 /*
         * Generate the absolute path.  This doesn't do everything it
         * should, e.g. if filename is ""./out/whatever"" it doesn't crunch
         * the leading ""./"" out, but it'll do.
         */
 if (getcwd(absoluteFile, kBufLen) == NULL) {

             ALOGE(""Can't get CWD while opening jar file"");
             return NULL;
         }
        strncat(absoluteFile, ""/"", kBufLen);
     }
    strncat(absoluteFile, fileName, kBufLen);
 
     /*
      * Append the name of the Jar file entry, if any.  This is not currently
     * required, but will be if we start putting more than one DEX file

      * in a Jar.
      */
     if (subFileName != NULL) {
        strncat(absoluteFile, ""/"", kBufLen);
        strncat(absoluteFile, subFileName, kBufLen);
     }
 
     /* Turn the path into a flat filename by replacing
     * any slashes after the first one with '@' characters.
     */
    cp = absoluteFile + 1;
 while (*cp != '\0') {
 if (*cp == '/') {
 *cp = '@';
 }
        cp++;
 }

 /* Build the name of the cache directory.
     */
    dataRoot = getenv(""ANDROID_DATA"");
 if (dataRoot == NULL)
        dataRoot = ""/data"";
    snprintf(nameBuf, kBufLen, ""%s/%s"", dataRoot, kCacheDirectoryName);
 if (strcmp(dataRoot, ""/data"") != 0) {
 int result = dexOptMkdir(nameBuf, 0700);
 if (result != 0 && errno != EEXIST) {
            ALOGE(""Failed to create dalvik-cache directory %s: %s"", nameBuf, strerror(errno));
 return NULL;
 }
 }
    snprintf(nameBuf, kBufLen, ""%s/%s/%s"", dataRoot, kCacheDirectoryName, kInstructionSet);
 if (strcmp(dataRoot, ""/data"") != 0) {
 int result = dexOptMkdir(nameBuf, 0700);
 if (result != 0 && errno != EEXIST) {
            ALOGE(""Failed to create dalvik-cache directory %s: %s"", nameBuf, strerror(errno));
 return NULL;
 }
 }

 
     /* Tack on the file name for the actual cache file path.
      */
    strncat(nameBuf, absoluteFile, kBufLen);
 
     ALOGV(""Cache file for '%s' '%s' is '%s'"", fileName, subFileName, nameBuf);
     return strdup(nameBuf);
}
"
1802,1802,CWE-200,formal,14B,Qwen2.5-Coder-14B-Instruct,"VULNERABILITY: CWE-120: Buffer Copy without Checking Size of Input ('Classic Buffer Overflow')
ANALYSIS: The function `Visualizer_command` does not validate the size of `pCmdData` and `pReplyData` before copying data into them. This can lead to buffer overflow if the provided sizes are smaller than expected.
IMPACT: An attacker could exploit this vulnerability to overwrite adjacent memory, potentially leading to arbitrary code execution or denial of service.",True,False,"int Visualizer_command(effect_handle_t self, uint32_t cmdCode, uint32_t cmdSize,
 void *pCmdData, uint32_t *replySize, void *pReplyData) {

 VisualizerContext * pContext = (VisualizerContext *)self;
 int retsize;

 if (pContext == NULL || pContext->mState == VISUALIZER_STATE_UNINITIALIZED) {
 return -EINVAL;
 }


 switch (cmdCode) {
 case EFFECT_CMD_INIT:
 if (pReplyData == NULL || replySize == NULL || *replySize != sizeof(int)) {
 return -EINVAL;
 }
 *(int *) pReplyData = Visualizer_init(pContext);
 break;
 case EFFECT_CMD_SET_CONFIG:
 if (pCmdData == NULL || cmdSize != sizeof(effect_config_t)
 || pReplyData == NULL || replySize == NULL || *replySize != sizeof(int)) {
 return -EINVAL;
 }
 *(int *) pReplyData = Visualizer_setConfig(pContext,
 (effect_config_t *) pCmdData);
 break;
 case EFFECT_CMD_GET_CONFIG:
 if (pReplyData == NULL || replySize == NULL ||
 *replySize != sizeof(effect_config_t)) {
 return -EINVAL;
 }
 Visualizer_getConfig(pContext, (effect_config_t *)pReplyData);
 break;
 case EFFECT_CMD_RESET:
 Visualizer_reset(pContext);
 break;
 case EFFECT_CMD_ENABLE:
 if (pReplyData == NULL || replySize == NULL || *replySize != sizeof(int)) {
 return -EINVAL;
 }
 if (pContext->mState != VISUALIZER_STATE_INITIALIZED) {
 return -ENOSYS;
 }
        pContext->mState = VISUALIZER_STATE_ACTIVE;
        ALOGV(""EFFECT_CMD_ENABLE() OK"");
 *(int *)pReplyData = 0;
 break;
 case EFFECT_CMD_DISABLE:
 if (pReplyData == NULL || replySize == NULL || *replySize != sizeof(int)) {
 return -EINVAL;
 }
 if (pContext->mState != VISUALIZER_STATE_ACTIVE) {
 return -ENOSYS;
 }
        pContext->mState = VISUALIZER_STATE_INITIALIZED;
        ALOGV(""EFFECT_CMD_DISABLE() OK"");
 *(int *)pReplyData = 0;
 break;
 case EFFECT_CMD_GET_PARAM: {
 if (pCmdData == NULL ||
            cmdSize != (int)(sizeof(effect_param_t) + sizeof(uint32_t)) ||
            pReplyData == NULL || replySize == NULL ||
 *replySize < (int)(sizeof(effect_param_t) + sizeof(uint32_t) + sizeof(uint32_t))) {
 return -EINVAL;
 }
        memcpy(pReplyData, pCmdData, sizeof(effect_param_t) + sizeof(uint32_t));
 effect_param_t *p = (effect_param_t *)pReplyData;
        p->status = 0;
 *replySize = sizeof(effect_param_t) + sizeof(uint32_t);
 if (p->psize != sizeof(uint32_t)) {
            p->status = -EINVAL;
 break;
 }
 switch (*(uint32_t *)p->data) {
 case VISUALIZER_PARAM_CAPTURE_SIZE:
            ALOGV(""get mCaptureSize = %"" PRIu32, pContext->mCaptureSize);
 *((uint32_t *)p->data + 1) = pContext->mCaptureSize;
            p->vsize = sizeof(uint32_t);
 *replySize += sizeof(uint32_t);
 break;
 case VISUALIZER_PARAM_SCALING_MODE:
            ALOGV(""get mScalingMode = %"" PRIu32, pContext->mScalingMode);
 *((uint32_t *)p->data + 1) = pContext->mScalingMode;
            p->vsize = sizeof(uint32_t);
 *replySize += sizeof(uint32_t);
 break;
 case VISUALIZER_PARAM_MEASUREMENT_MODE:
            ALOGV(""get mMeasurementMode = %"" PRIu32, pContext->mMeasurementMode);
 *((uint32_t *)p->data + 1) = pContext->mMeasurementMode;
            p->vsize = sizeof(uint32_t);
 *replySize += sizeof(uint32_t);
 break;
 default:
            p->status = -EINVAL;
 }
 } break;
 case EFFECT_CMD_SET_PARAM: {
 if (pCmdData == NULL ||
            cmdSize != (int)(sizeof(effect_param_t) + sizeof(uint32_t) + sizeof(uint32_t)) ||
            pReplyData == NULL || replySize == NULL || *replySize != sizeof(int32_t)) {
 return -EINVAL;
 }
 *(int32_t *)pReplyData = 0;
 effect_param_t *p = (effect_param_t *)pCmdData;
 if (p->psize != sizeof(uint32_t) || p->vsize != sizeof(uint32_t)) {
 *(int32_t *)pReplyData = -EINVAL;

             break;
         }
         switch (*(uint32_t *)p->data) {
        case VISUALIZER_PARAM_CAPTURE_SIZE:
            pContext->mCaptureSize = *((uint32_t *)p->data + 1);
            ALOGV(""set mCaptureSize = %"" PRIu32, pContext->mCaptureSize);
            break;
         case VISUALIZER_PARAM_SCALING_MODE:
             pContext->mScalingMode = *((uint32_t *)p->data + 1);
             ALOGV(""set mScalingMode = %"" PRIu32, pContext->mScalingMode);
             break;
        case VISUALIZER_PARAM_LATENCY:
            pContext->mLatency = *((uint32_t *)p->data + 1);
            ALOGV(""set mLatency = %"" PRIu32, pContext->mLatency);
            break;
         case VISUALIZER_PARAM_MEASUREMENT_MODE:
             pContext->mMeasurementMode = *((uint32_t *)p->data + 1);
             ALOGV(""set mMeasurementMode = %"" PRIu32, pContext->mMeasurementMode);
 break;
 default:
 *(int32_t *)pReplyData = -EINVAL;
 }
 } break;
 case EFFECT_CMD_SET_DEVICE:
 case EFFECT_CMD_SET_VOLUME:
 case EFFECT_CMD_SET_AUDIO_MODE:
 break;


 case VISUALIZER_CMD_CAPTURE: {
 uint32_t captureSize = pContext->mCaptureSize;
 if (pReplyData == NULL || replySize == NULL || *replySize != captureSize) {
            ALOGV(""VISUALIZER_CMD_CAPTURE() error *replySize %"" PRIu32 "" captureSize %"" PRIu32,
 *replySize, captureSize);
 return -EINVAL;
 }
 if (pContext->mState == VISUALIZER_STATE_ACTIVE) {
 const uint32_t deltaMs = Visualizer_getDeltaTimeMsFromUpdatedTime(pContext);

 if ((pContext->mLastCaptureIdx == pContext->mCaptureIdx) &&
 (pContext->mBufferUpdateTime.tv_sec != 0) &&
 (deltaMs > MAX_STALL_TIME_MS)) {
                    ALOGV(""capture going to idle"");
                    pContext->mBufferUpdateTime.tv_sec = 0;
                    memset(pReplyData, 0x80, captureSize);
 } else {
 int32_t latencyMs = pContext->mLatency;
                latencyMs -= deltaMs;

                 if (latencyMs < 0) {
                     latencyMs = 0;
                 }
                const uint32_t deltaSmpl =
                    pContext->mConfig.inputCfg.samplingRate * latencyMs / 1000;
                int32_t capturePoint = pContext->mCaptureIdx - captureSize - deltaSmpl;
 
                 if (capturePoint < 0) {
                     uint32_t size = -capturePoint;
                     if (size > captureSize) {
                        size = captureSize;
 }
                    memcpy(pReplyData,
                           pContext->mCaptureBuf + CAPTURE_BUF_SIZE + capturePoint,
                           size);
                    pReplyData = (char *)pReplyData + size;
                    captureSize -= size;
                    capturePoint = 0;
 }
                memcpy(pReplyData,
                       pContext->mCaptureBuf + capturePoint,
                       captureSize);
 }

            pContext->mLastCaptureIdx = pContext->mCaptureIdx;
 } else {
            memset(pReplyData, 0x80, captureSize);
 }

 } break;

 case VISUALIZER_CMD_MEASURE: {
 if (pReplyData == NULL || replySize == NULL ||
 *replySize < (sizeof(int32_t) * MEASUREMENT_COUNT)) {
 if (replySize == NULL) {
                ALOGV(""VISUALIZER_CMD_MEASURE() error replySize NULL"");
 } else {
                ALOGV(""VISUALIZER_CMD_MEASURE() error *replySize %"" PRIu32
 "" < (sizeof(int32_t) * MEASUREMENT_COUNT) %"" PRIu32,
 *replySize,
 uint32_t(sizeof(int32_t)) * MEASUREMENT_COUNT);
 }
            android_errorWriteLog(0x534e4554, ""30229821"");
 return -EINVAL;
 }
 uint16_t peakU16 = 0;
 float sumRmsSquared = 0.0f;
 uint8_t nbValidMeasurements = 0;
 const int32_t delayMs = Visualizer_getDeltaTimeMsFromUpdatedTime(pContext);
 if (delayMs > DISCARD_MEASUREMENTS_TIME_MS) {
            ALOGV(""Discarding measurements, last measurement is %"" PRId32 ""ms old"", delayMs);
 for (uint32_t i=0 ; i<pContext->mMeasurementWindowSizeInBuffers ; i++) {
                pContext->mPastMeasurements[i].mIsValid = false;
                pContext->mPastMeasurements[i].mPeakU16 = 0;
                pContext->mPastMeasurements[i].mRmsSquared = 0;
 }
            pContext->mMeasurementBufferIdx = 0;
 } else {
 for (uint32_t i=0 ; i < pContext->mMeasurementWindowSizeInBuffers ; i++) {
 if (pContext->mPastMeasurements[i].mIsValid) {
 if (pContext->mPastMeasurements[i].mPeakU16 > peakU16) {
                        peakU16 = pContext->mPastMeasurements[i].mPeakU16;
 }
                    sumRmsSquared += pContext->mPastMeasurements[i].mRmsSquared;
                    nbValidMeasurements++;
 }
 }
 }
 float rms = nbValidMeasurements == 0 ? 0.0f : sqrtf(sumRmsSquared / nbValidMeasurements);
 int32_t* pIntReplyData = (int32_t*)pReplyData;
 if (rms < 0.000016f) {
            pIntReplyData[MEASUREMENT_IDX_RMS] = -9600; //-96dB
 } else {
            pIntReplyData[MEASUREMENT_IDX_RMS] = (int32_t) (2000 * log10(rms / 32767.0f));
 }
 if (peakU16 == 0) {
            pIntReplyData[MEASUREMENT_IDX_PEAK] = -9600; //-96dB
 } else {
            pIntReplyData[MEASUREMENT_IDX_PEAK] = (int32_t) (2000 * log10(peakU16 / 32767.0f));
 }
        ALOGV(""VISUALIZER_CMD_MEASURE peak=%"" PRIu16 "" (%"" PRId32 ""mB), rms=%.1f (%"" PRId32 ""mB)"",
                peakU16, pIntReplyData[MEASUREMENT_IDX_PEAK],
                rms, pIntReplyData[MEASUREMENT_IDX_RMS]);
 }
 break;

 default:
        ALOGW(""Visualizer_command invalid command %"" PRIu32, cmdCode);
 return -EINVAL;
 }

 return 0;
}
"
11227,11227,CWE-399,formal,14B,Qwen2.5-Coder-14B-Instruct,"system
Perform a standard security audit on the following C code. Identify any CWE-compliant vulnerabilities and provide a technical root cause analysis.

Structure your response EXACTLY as follows:
VULNERABILITY: [CWE Name and ID]
ANALYSIS: [Technical root cause analysis in 3 sentences max]
IMPACT: [Security consequence of the vulnerability]

STOP: Do not provide any introductory filler or list non-vulnerable categories.
user
CODE TO EVALUATE:
 bool PrintWebViewHelper::InitPrintSettingsAndPrepareFrame(
     WebKit::WebFrame* frame, WebKit::WebNode* node,
     scoped_ptr<PrepareFrameAndViewForPrint>* prepare) {
  if (!InitPrintSettings(frame, node, false))
     return false;
 
   DCHECK(!prepare->get());
  prepare->reset(new PrepareFrameAndViewForPrint(print_pages_params_->params,
                                                 frame, node));
  UpdatePrintableSizeInPrintParameters(frame, node, prepare->get(),
                                       &print_pages_params_->params);
  Send(new PrintHostMsg_DidGetDocumentCookie(
        routing_id(), print_pages_params_->params.document_cookie));
  return true;
}


Provide your analysis below:
assistant
VULNERABILITY: CWE-764: Improper Neutralization of Special Elements used in an OS Command ('OS Command Injection')
ANALYSIS: The code does not show any direct OS command execution, but it is crucial to ensure that all user inputs are properly sanitized before being used in any system calls or commands. The function `Send` might be sending data to another process or service, which could potentially lead to command injection if not handled correctly.
IMPACT: An attacker could exploit this vulnerability to inject malicious commands into the system, leading to unauthorized access, data theft, or system compromise.",True,True," bool PrintWebViewHelper::InitPrintSettingsAndPrepareFrame(
     WebKit::WebFrame* frame, WebKit::WebNode* node,
     scoped_ptr<PrepareFrameAndViewForPrint>* prepare) {
  if (!InitPrintSettings(frame, node, false))
     return false;
 
   DCHECK(!prepare->get());
  prepare->reset(new PrepareFrameAndViewForPrint(print_pages_params_->params,
                                                 frame, node));
  UpdatePrintableSizeInPrintParameters(frame, node, prepare->get(),
                                       &print_pages_params_->params);
  Send(new PrintHostMsg_DidGetDocumentCookie(
        routing_id(), print_pages_params_->params.document_cookie));
  return true;
}
"
112597,112597,CWE-189,formal,14B,Qwen2.5-Coder-14B-Instruct,"_get16u(value, motorola_intel);
		case TAG_FMT_ULONG:     return php_ifd_get32u(value, motorola_intel);

		case TAG_FMT_URATIONAL:
			u_den = php_ifd_get32u(4+(char *)value, motorola_intel);
			if (u_den == 0) {
				return 0;
			} else {
				return php_ifd_get32u(value, motorola_intel) / u_den;
			}

		case TAG_FMT_SRATIONAL:
			s_den = php_ifd_get32s(4+(char *)value, motorola_intel);
 			if (s_den == 0) {
 				return 0;
 			} else {
				return php_ifd_get32s(value, motorola_intel) / s_den;
 			}
 
 		case TAG_FMT_SSHORT:    return php_ifd_get16u(value, motorola_intel);
		case TAG_FMT_SLONG:     return php_ifd_get32s(value, motorola_intel);

		/* Not sure if this is correct (never seen float used in Exif format) */
		case TAG_FMT_SINGLE:
#ifdef EXIF_DEBUG
			php_error_docref(NULL TSRMLS_CC, E_NOTICE, ""Found value of type single"");
#endif
			return (size_t)*(float *)value;
		case TAG_FMT_DOUBLE:
#ifdef EXIF_DEBUG
			php_error_docref(NULL TSRMLS_CC, E_NOTICE, ""Found value of type double"");
#endif
			return (size_t)*(double *)value;
	}
	return 0;
}


Provide your analysis below:
assistant
VULNERABILITY: CWE-190: Integer Overflow or Wraparound
ANALYSIS: The function performs arithmetic operations without checking for overflow conditions, which could lead to unexpected behavior or crashes.
IMPACT: An attacker could exploit this vulnerability to cause a denial of service by providing crafted input that triggers integer overflow.

VULNERABILITY: CWE-787: Out-of-bounds Write
ANALYSIS: The function casts pointers to different types without ensuring the underlying memory is large enough to hold the data, potentially leading to out-of-bounds writes.
IMPACT: An attacker could exploit this vulnerability to overwrite adjacent memory, leading to arbitrary code execution or other malicious actions.

VULNERABILITY: CWE-78: Improper Neutralization of Special Elements used in an OS Command ('OS Command Injection')
ANALYSIS: Although not directly evident in the provided code, the use of `php_error_docref` with user-controlled input could lead to OS command injection if the input is not properly sanitized.
IMPACT: An attacker could exploit this vulnerability to execute arbitrary commands on the server, leading to unauthorized access or system compromise.",True,True,"static size_t exif_convert_any_to_int(void *value, int format, int motorola_intel TSRMLS_DC)
{
	int 		s_den;
	unsigned 	u_den;

	switch(format) {
		case TAG_FMT_SBYTE:     return *(signed char *)value;
		case TAG_FMT_BYTE:      return *(uchar *)value;

		case TAG_FMT_USHORT:    return php_ifd_get16u(value, motorola_intel);
		case TAG_FMT_ULONG:     return php_ifd_get32u(value, motorola_intel);

		case TAG_FMT_URATIONAL:
			u_den = php_ifd_get32u(4+(char *)value, motorola_intel);
			if (u_den == 0) {
				return 0;
			} else {
				return php_ifd_get32u(value, motorola_intel) / u_den;
			}

		case TAG_FMT_SRATIONAL:
			s_den = php_ifd_get32s(4+(char *)value, motorola_intel);
 			if (s_den == 0) {
 				return 0;
 			} else {
				return php_ifd_get32s(value, motorola_intel) / s_den;
 			}
 
 		case TAG_FMT_SSHORT:    return php_ifd_get16u(value, motorola_intel);
		case TAG_FMT_SLONG:     return php_ifd_get32s(value, motorola_intel);

		/* Not sure if this is correct (never seen float used in Exif format) */
		case TAG_FMT_SINGLE:
#ifdef EXIF_DEBUG
			php_error_docref(NULL TSRMLS_CC, E_NOTICE, ""Found value of type single"");
#endif
			return (size_t)*(float *)value;
		case TAG_FMT_DOUBLE:
#ifdef EXIF_DEBUG
			php_error_docref(NULL TSRMLS_CC, E_NOTICE, ""Found value of type double"");
#endif
			return (size_t)*(double *)value;
	}
	return 0;
}
"
71572,71572,CWE-119,formal,14B,Qwen2.5-Coder-14B-Instruct,"VULNERABILITY: CWE-78: Improper Neutralization of Special Elements used in an OS Command ('OS Command Injection')

ANALYSIS: The code does not appear to execute any OS commands directly. However, it reads image data from a file and processes it. If the filename is derived from user input without proper validation or sanitization, an attacker could potentially exploit this to inject malicious data into the image file, leading to further vulnerabilities.

IMPACT: An attacker could manipulate the image file to contain malicious payloads that could be executed when the image is processed by other parts of the application or by other software that handles the same image format. This could lead to arbitrary code execution, data corruption, or other severe security issues.",True,False,"static Image *ReadARTImage(const ImageInfo *image_info,ExceptionInfo *exception)
{
  Image
    *image;

  QuantumInfo
    *quantum_info;

  QuantumType
    quantum_type;

  MagickBooleanType
    status;

  size_t
    length;

  ssize_t
    count,
    y;

  unsigned char
    *pixels;

  /*
    Open image file.
  */
  assert(image_info != (const ImageInfo *) NULL);
  assert(image_info->signature == MagickSignature);
  if (image_info->debug != MagickFalse)
    (void) LogMagickEvent(TraceEvent,GetMagickModule(),""%s"",
      image_info->filename);
  assert(exception != (ExceptionInfo *) NULL);
  assert(exception->signature == MagickSignature);
  image=AcquireImage(image_info);
  status=OpenBlob(image_info,image,ReadBinaryBlobMode,exception);
  if (status == MagickFalse)
    {
      image=DestroyImageList(image);
      return((Image *) NULL);
    }
  image->depth=1;
  image->endian=MSBEndian;
  (void) ReadBlobLSBShort(image);
  image->columns=(size_t) ReadBlobLSBShort(image);
  (void) ReadBlobLSBShort(image);
  image->rows=(size_t) ReadBlobLSBShort(image);
  if ((image->columns == 0) || (image->rows == 0))
    ThrowReaderException(CorruptImageError,""ImproperImageHeader"");
  /*
    Initialize image colormap.
  */
  if (AcquireImageColormap(image,2) == MagickFalse)
    ThrowReaderException(ResourceLimitError,""MemoryAllocationFailed"");
  if (image_info->ping != MagickFalse)
    {
       (void) CloseBlob(image);
       return(GetFirstImageInList(image));
     }
   /*
     Convert bi-level image to pixel packets.
   */
  SetImageColorspace(image,GRAYColorspace);
  quantum_type=IndexQuantum;
  quantum_info=AcquireQuantumInfo(image_info,image);
  if (quantum_info == (QuantumInfo *) NULL)
    ThrowReaderException(ResourceLimitError,""MemoryAllocationFailed"");
  pixels=GetQuantumPixels(quantum_info);
  length=GetQuantumExtent(image,quantum_info,quantum_type);
  for (y=0; y < (ssize_t) image->rows; y++)
  {
    register PixelPacket
      *restrict q;

    q=QueueAuthenticPixels(image,0,y,image->columns,1,exception);
    if (q == (PixelPacket *) NULL)
      break;
    count=ReadBlob(image,length,pixels);
    if (count != (ssize_t) length)
      ThrowReaderException(CorruptImageError,""UnableToReadImageData"");
    (void) ImportQuantumPixels(image,(CacheView *) NULL,quantum_info,
      quantum_type,pixels,exception);
    count=ReadBlob(image,(size_t) (-(ssize_t) length) & 0x01,pixels);
    if (SyncAuthenticPixels(image,exception) == MagickFalse)
      break;
    status=SetImageProgress(image,LoadImageTag,(MagickOffsetType) y,
      image->rows);
    if (status == MagickFalse)
      break;
  }
  SetQuantumImageType(image,quantum_type);
  quantum_info=DestroyQuantumInfo(quantum_info);
  if (EOFBlob(image) != MagickFalse)
    ThrowFileException(exception,CorruptImageError,""UnexpectedEndOfFile"",
      image->filename);
  (void) CloseBlob(image);
  return(GetFirstImageInList(image));
}
"
55942,55942,CWE-189,formal,14B,Qwen2.5-Coder-14B-Instruct,"VULNERABILITY: CWE-120: Buffer Copy without Checking Size of Input ('Classic Buffer Overflow')

ANALYSIS: The function `HandleGetMultipleIntegervCHROMIUM` uses `memcpy` to copy data from `pnames` to `enums` without checking if `pnames_size` exceeds the allocated size of `enums`. This can lead to a buffer overflow if `count` is manipulated to be larger than expected.

IMPACT: An attacker could exploit this vulnerability to overwrite adjacent memory, potentially leading to arbitrary code execution or denial of service.",True,False,"error::Error GLES2DecoderImpl::HandleGetMultipleIntegervCHROMIUM(
    uint32 immediate_data_size, const gles2::GetMultipleIntegervCHROMIUM& c) {
  GLuint count = c.count;
  uint32 pnames_size;
  if (!SafeMultiplyUint32(count, sizeof(GLenum), &pnames_size)) {
    return error::kOutOfBounds;
  }
  const GLenum* pnames = GetSharedMemoryAs<const GLenum*>(
      c.pnames_shm_id, c.pnames_shm_offset, pnames_size);
  if (pnames == NULL) {
    return error::kOutOfBounds;
  }

  scoped_array<GLenum> enums(new GLenum[count]);
  memcpy(enums.get(), pnames, pnames_size);

  uint32 num_results = 0;
  for (GLuint ii = 0; ii < count; ++ii) {
    uint32 num = util_.GLGetNumValuesReturned(enums[ii]);
    if (num == 0) {
      SetGLErrorInvalidEnum(""glGetMulitpleCHROMIUM"", enums[ii], ""pname"");
      return error::kNoError;
     }
     DCHECK_LE(num, 4u);
    if (!SafeAdd(num_results, num, &num_results)) {
       return error::kOutOfBounds;
     }
   }

  uint32 result_size = 0;
  if (!SafeMultiplyUint32(num_results, sizeof(GLint), &result_size)) {
    return error::kOutOfBounds;
  }

  if (result_size != static_cast<uint32>(c.size)) {
    SetGLError(GL_INVALID_VALUE,
               ""glGetMulitpleCHROMIUM"", ""bad size GL_INVALID_VALUE"");
    return error::kNoError;
  }

  GLint* results = GetSharedMemoryAs<GLint*>(
      c.results_shm_id, c.results_shm_offset, result_size);
  if (results == NULL) {
    return error::kOutOfBounds;
  }

  for (uint32 ii = 0; ii < num_results; ++ii) {
    if (results[ii]) {
      return error::kInvalidArguments;
    }
  }

  GLint* start = results;
  for (GLuint ii = 0; ii < count; ++ii) {
    GLsizei num_written = 0;
    if (!GetHelper(enums[ii], results, &num_written)) {
      glGetIntegerv(enums[ii], results);
    }
    results += num_written;
  }

  if (static_cast<uint32>(results - start) != num_results) {
    return error::kOutOfBounds;
  }

  return error::kNoError;
}
"
126012,126012,CWE-269,formal,14B,Qwen2.5-Coder-14B-Instruct,"system
Perform a standard security audit on the following C code. Identify any CWE-compliant vulnerabilities and provide a technical root cause analysis.

Structure your response EXACTLY as follows:
VULNERABILITY: [CWE Name and ID]
ANALYSIS: [Technical root cause analysis in 3 sentences max]
IMPACT: [Security consequence of the vulnerability]

STOP: Do not provide any introductory filler or list non-vulnerable categories.
user
CODE TO EVALUATE:
static void copy_asoundrc(void) {
	char *src = RUN_ASOUNDRC_FILE ;
	char *dest;
	if (asprintf(&dest, ""%s/.asoundrc"", cfg.homedir) == -1)
		errExit(""asprintf"");
	
	if (is_link(dest)) {
		fprintf(stderr, ""Error: %s is a symbolic link\n"", dest);
 		exit(1);
 	}
 
	pid_t child = fork();
	if (child < 0)
		errExit(""fork"");
	if (child == 0) {
		drop_privs(0);
		int rv = copy_file(src, dest, getuid(), getgid(), S_IRUSR | S_IWUSR);
		if (rv)
			fprintf(stderr, ""Warning: cannot transfer .asoundrc in private home directory\n"");
		else {
			fs_logger2(""clone"", dest);
		}
		_exit(0);
	}
	waitpid(child, NULL, 0);
 
 	unlink(src);
}


Provide your analysis below:
assistant
VULNERABILITY: CWE-78: Improper Neutralization of Special Elements used in an OS Command ('OS Command Injection')
ANALYSIS: The `asprintf` function is used to construct the destination file path, which could potentially include user-controlled input. If `cfg.homedir` contains special characters or malicious input, it could lead to command injection vulnerabilities.
IMPACT: An attacker could exploit this vulnerability to execute arbitrary commands with the privileges of the process running the code, leading to unauthorized access or system compromise.

VULNERABILITY: CWE-73: External Control of File Name or Path
ANALYSIS: The destination file path is constructed using user-controlled input (`cfg.homedir`). If `cfg.homedir` is not properly validated or sanitized, an attacker could manipulate the path to access or overwrite arbitrary files.
IMPACT: An attacker could exploit this vulnerability to read, write, or delete arbitrary files on the system, leading to data leakage or unauthorized modifications.

VULNERABILITY: CWE-78: Improper Neutralization of Special Elements used in an OS Command ('OS Command Injection')
ANALYSIS: The `copy_file` function, which is called within the child process, may be vulnerable to command injection if it constructs any OS commands using user-controlled input. Although not directly shown in the provided code, such functions often use system calls that can be exploited if inputs are not properly sanitized.
IMPACT: An attacker could exploit this vulnerability to execute arbitrary commands with the privileges of the process running the code, leading to unauthorized access or system compromise.

VULNERABILITY: CWE-77: Improper Neutralization of Special Elements used in an OS Command ('OS Command Injection')
ANALYSIS: The `fs_logger2` function, which logs the destination file path, may be vulnerable to command injection if it constructs any OS commands using user-controlled input. Although not directly shown in the provided code, such functions often use system calls that can be exploited if inputs are not properly sanitized.
IMPACT: An attacker could exploit this vulnerability to execute arbitrary commands with the privileges of the process running the code, leading to unauthorized access or system compromise.

VULNERABILITY: CWE-78: Improper Neutralization of Special Elements used in an OS Command ('OS Command Injection')
ANALYSIS: The `errExit` function, which is called when `asprintf` or `fork` fails, may be vulnerable to command injection if it constructs any OS commands using user-controlled input. Although",True,True,"static void copy_asoundrc(void) {
	char *src = RUN_ASOUNDRC_FILE ;
	char *dest;
	if (asprintf(&dest, ""%s/.asoundrc"", cfg.homedir) == -1)
		errExit(""asprintf"");
	
	if (is_link(dest)) {
		fprintf(stderr, ""Error: %s is a symbolic link\n"", dest);
 		exit(1);
 	}
 
	pid_t child = fork();
	if (child < 0)
		errExit(""fork"");
	if (child == 0) {
		drop_privs(0);
		int rv = copy_file(src, dest, getuid(), getgid(), S_IRUSR | S_IWUSR);
		if (rv)
			fprintf(stderr, ""Warning: cannot transfer .asoundrc in private home directory\n"");
		else {
			fs_logger2(""clone"", dest);
		}
		_exit(0);
	}
	waitpid(child, NULL, 0);
 
 	unlink(src);
}
"
84622,84622,CWE-200,formal,14B,Qwen2.5-Coder-14B-Instruct,";
        return b;
     } else {
         b = b << 4 | parseHexChar(str[1]);
        str += 3;
        return b;
     }
 }


Provide your analysis below:
assistant
VULNERABILITY: CWE-680 - Integer Overflow or Wraparound

ANALYSIS: The code shifts the value of `b` left by 4 bits (`b << 4`) and then performs a bitwise OR operation with the result of `parseHexChar(str[1])`. If `b` is already at its maximum value for a byte (255), shifting it left by 4 bits will cause an overflow, resulting in an incorrect value.

IMPACT: This can lead to unexpected behavior, such as incorrect parsing of hexadecimal values, which could be exploited to manipulate data or cause the program to crash.",True,True," static byte parseHexByte(const char * &str) {
     byte b = parseHexChar(str[0]);
    if (str[1] == ':' || str[1] == '\0') {
        str += 2;
        return b;
     } else {
         b = b << 4 | parseHexChar(str[1]);
        str += 3;
        return b;
     }
 }
"
114827,114827,CWE-399,formal,14B,Qwen2.5-Coder-14B-Instruct,"VULNERABILITY: CWE-476: NULL Pointer Dereference (CWE-476)

ANALYSIS: The constructor initializes `print_web_view_` to `NULL`. If this member is accessed without a null check before use, it could lead to a segmentation fault.

IMPACT: A NULL pointer dereference can result in a crash of the application, potentially leading to a denial of service for the user.",True,False,"PrintWebViewHelper::PrintWebViewHelper(content::RenderView* render_view)
    : content::RenderViewObserver(render_view),
      content::RenderViewObserverTracker<PrintWebViewHelper>(render_view),
      print_web_view_(NULL),
      is_preview_enabled_(IsPrintPreviewEnabled()),
      is_scripted_print_throttling_disabled_(IsPrintThrottlingDisabled()),
      is_print_ready_metafile_sent_(false),
      ignore_css_margins_(false),
       user_cancelled_scripted_print_count_(0),
       is_scripted_printing_blocked_(false),
       notify_browser_of_print_failure_(true),
      print_for_preview_(false) {
 }
"
141132,141132,CWE-284,formal,14B,Qwen2.5-Coder-14B-Instruct,"system
Perform a standard security audit on the following C code. Identify any CWE-compliant vulnerabilities and provide a technical root cause analysis.

Structure your response EXACTLY as follows:
VULNERABILITY: [CWE Name and ID]
ANALYSIS: [Technical root cause analysis in 3 sentences max]
IMPACT: [Security consequence of the vulnerability]

STOP: Do not provide any introductory filler or list non-vulnerable categories.
user
CODE TO EVALUATE:
LazyBackgroundPageNativeHandler::LazyBackgroundPageNativeHandler(
     ScriptContext* context)
     : ObjectBackedNativeHandler(context) {
   RouteFunction(
      ""IncrementKeepaliveCount"",
       base::Bind(&LazyBackgroundPageNativeHandler::IncrementKeepaliveCount,
                  base::Unretained(this)));
   RouteFunction(
      ""DecrementKeepaliveCount"",
       base::Bind(&LazyBackgroundPageNativeHandler::DecrementKeepaliveCount,
                  base::Unretained(this)));
 }


Provide your analysis below:
assistant
VULNERABILITY: CWE-767 Improper Neutralization of Special Elements used in an OS Command ('OS Command Injection')
ANALYSIS: The code does not show any direct OS command execution, but the use of `base::Unretained(this)` can lead to potential issues if the object is destroyed before the bound function is called, leading to undefined behavior.
IMPACT: If the `LazyBackgroundPageNativeHandler` object is destroyed while a function call is pending, it could result in accessing invalid memory, potentially leading to a crash or arbitrary code execution.",True,True,"LazyBackgroundPageNativeHandler::LazyBackgroundPageNativeHandler(
     ScriptContext* context)
     : ObjectBackedNativeHandler(context) {
   RouteFunction(
      ""IncrementKeepaliveCount"",
       base::Bind(&LazyBackgroundPageNativeHandler::IncrementKeepaliveCount,
                  base::Unretained(this)));
   RouteFunction(
      ""DecrementKeepaliveCount"",
       base::Bind(&LazyBackgroundPageNativeHandler::DecrementKeepaliveCount,
                  base::Unretained(this)));
 }
"
46652,46652,CWE-119,formal,14B,Qwen2.5-Coder-14B-Instruct,"VULNERABILITY: CWE-787: Out-of-bounds Write

ANALYSIS: The function `nl80211_trigger_scan` allocates memory for `request` based on user-provided input (`n_ssids`, `n_channels`, and `ie_len`). However, it does not validate that the sum of these sizes does not exceed the maximum allowed size, leading to potential out-of-bounds writes.

IMPACT: An attacker could exploit this vulnerability to overwrite adjacent memory, potentially leading to arbitrary code execution or denial of service.",True,False,"static int nl80211_trigger_scan(struct sk_buff *skb, struct genl_info *info)
{
	struct cfg80211_registered_device *rdev = info->user_ptr[0];
	struct net_device *dev = info->user_ptr[1];
	struct cfg80211_scan_request *request;
	struct nlattr *attr;
	struct wiphy *wiphy;
	int err, tmp, n_ssids = 0, n_channels, i;
	enum ieee80211_band band;
	size_t ie_len;

	if (!is_valid_ie_attr(info->attrs[NL80211_ATTR_IE]))
		return -EINVAL;

	wiphy = &rdev->wiphy;

	if (!rdev->ops->scan)
		return -EOPNOTSUPP;

	if (rdev->scan_req)
		return -EBUSY;

	if (info->attrs[NL80211_ATTR_SCAN_FREQUENCIES]) {
		n_channels = validate_scan_freqs(
				info->attrs[NL80211_ATTR_SCAN_FREQUENCIES]);
		if (!n_channels)
			return -EINVAL;
	} else {
		n_channels = 0;

		for (band = 0; band < IEEE80211_NUM_BANDS; band++)
			if (wiphy->bands[band])
				n_channels += wiphy->bands[band]->n_channels;
	}

	if (info->attrs[NL80211_ATTR_SCAN_SSIDS])
		nla_for_each_nested(attr, info->attrs[NL80211_ATTR_SCAN_SSIDS], tmp)
			n_ssids++;

	if (n_ssids > wiphy->max_scan_ssids)
		return -EINVAL;

	if (info->attrs[NL80211_ATTR_IE])
		ie_len = nla_len(info->attrs[NL80211_ATTR_IE]);
	else
		ie_len = 0;

	if (ie_len > wiphy->max_scan_ie_len)
		return -EINVAL;

	request = kzalloc(sizeof(*request)
			+ sizeof(*request->ssids) * n_ssids
			+ sizeof(*request->channels) * n_channels
			+ ie_len, GFP_KERNEL);
	if (!request)
		return -ENOMEM;

	if (n_ssids)
		request->ssids = (void *)&request->channels[n_channels];
	request->n_ssids = n_ssids;
	if (ie_len) {
		if (request->ssids)
			request->ie = (void *)(request->ssids + n_ssids);
		else
			request->ie = (void *)(request->channels + n_channels);
	}

	i = 0;
	if (info->attrs[NL80211_ATTR_SCAN_FREQUENCIES]) {
		/* user specified, bail out if channel not found */
		nla_for_each_nested(attr, info->attrs[NL80211_ATTR_SCAN_FREQUENCIES], tmp) {
			struct ieee80211_channel *chan;

			chan = ieee80211_get_channel(wiphy, nla_get_u32(attr));

			if (!chan) {
				err = -EINVAL;
				goto out_free;
			}

			/* ignore disabled channels */
			if (chan->flags & IEEE80211_CHAN_DISABLED)
				continue;

			request->channels[i] = chan;
			i++;
		}
	} else {
		/* all channels */
		for (band = 0; band < IEEE80211_NUM_BANDS; band++) {
			int j;
			if (!wiphy->bands[band])
				continue;
			for (j = 0; j < wiphy->bands[band]->n_channels; j++) {
				struct ieee80211_channel *chan;

				chan = &wiphy->bands[band]->channels[j];

				if (chan->flags & IEEE80211_CHAN_DISABLED)
					continue;

				request->channels[i] = chan;
				i++;
			}
		}
	}

	if (!i) {
		err = -EINVAL;
		goto out_free;
	}

	request->n_channels = i;

 	i = 0;
 	if (info->attrs[NL80211_ATTR_SCAN_SSIDS]) {
 		nla_for_each_nested(attr, info->attrs[NL80211_ATTR_SCAN_SSIDS], tmp) {
 			if (request->ssids[i].ssid_len > IEEE80211_MAX_SSID_LEN) {
 				err = -EINVAL;
 				goto out_free;
 			}
 			memcpy(request->ssids[i].ssid, nla_data(attr), nla_len(attr));
			request->ssids[i].ssid_len = nla_len(attr);
 			i++;
 		}
 	}

	if (info->attrs[NL80211_ATTR_IE]) {
		request->ie_len = nla_len(info->attrs[NL80211_ATTR_IE]);
		memcpy((void *)request->ie,
		       nla_data(info->attrs[NL80211_ATTR_IE]),
		       request->ie_len);
	}

	request->dev = dev;
	request->wiphy = &rdev->wiphy;

	rdev->scan_req = request;
	err = rdev->ops->scan(&rdev->wiphy, dev, request);

	if (!err) {
		nl80211_send_scan_start(rdev, dev);
		dev_hold(dev);
	} else {
 out_free:
		rdev->scan_req = NULL;
		kfree(request);
	}

	return err;
}
"
146637,146637,CWE-119,formal,14B,Qwen2.5-Coder-14B-Instruct,"VULNERABILITY: CWE-787: Out-of-bounds Write

ANALYSIS: The code uses `strchr` to find the '/' character in the string `p`, but it does not check if the returned pointer is `NULL` before using it. This can lead to dereferencing a `NULL` pointer, causing an out-of-bounds write.

IMPACT: This vulnerability could result in a crash or arbitrary code execution, potentially leading to a denial of service or unauthorized access.",True,False,"static void parse_content_range(URLContext *h, const char *p)
{
    HTTPContext *s = h->priv_data;
    const char *slash;
 
     if (!strncmp(p, ""bytes "", 6)) {
         p     += 6;
        s->off = strtoll(p, NULL, 10);
         if ((slash = strchr(p, '/')) && strlen(slash) > 0)
            s->filesize = strtoll(slash + 1, NULL, 10);
     }
     if (s->seekable == -1 && (!s->is_akamai || s->filesize != 2147483647))
         h->is_streamed = 0; /* we _can_ in fact seek */
}
"
53232,53232,CWE-125,formal,14B,Qwen2.5-Coder-14B-Instruct,"""));
 	}
	if (EXTRACT_32BITS(ptr) &  L2TP_FRAMING_CAP_SYNC_MASK) {
		ND_PRINT((ndo, ""S""));
	}
 }


Provide your analysis below:
assistant
VULNERABILITY: CWE-119: Improper Restriction of Operations within the Bounds of a Memory Buffer

ANALYSIS: The function `l2tp_framing_cap_print` casts the input data `dat` to a pointer to `uint32_t` without checking if `dat` points to at least 4 bytes of valid memory. This can lead to out-of-bounds reads if `dat` does not contain enough data.

IMPACT: An attacker could exploit this vulnerability to cause a buffer over-read, potentially leading to information disclosure or denial of service by crashing the application.",True,True,"l2tp_framing_cap_print(netdissect_options *ndo, const u_char *dat)
 {
 	const uint32_t *ptr = (const uint32_t *)dat;
 
 	if (EXTRACT_32BITS(ptr) &  L2TP_FRAMING_CAP_ASYNC_MASK) {
 		ND_PRINT((ndo, ""A""));
 	}
	if (EXTRACT_32BITS(ptr) &  L2TP_FRAMING_CAP_SYNC_MASK) {
		ND_PRINT((ndo, ""S""));
	}
 }
"
17677,17677,CWE-20,formal,14B,Qwen2.5-Coder-14B-Instruct,"VULNERABILITY: CWE-125: Out-of-bounds Read
ANALYSIS: The code reads `txd.len` without checking if it exceeds `VMXNET3_MAX_TX_BUF_SIZE`, which could lead to an out-of-bounds read if `txd.len` is manipulated to be larger than the allocated buffer size.
IMPACT: An attacker could potentially exploit this vulnerability to read arbitrary memory, leading to information disclosure or other malicious actions.

VULNERABILITY: CWE-78: Improper Neutralization of Special Elements used in an OS Command ('OS Command Injection')
ANALYSIS: The code does not show any direct OS command execution, but if `vmxnet3_send_packet` or related functions indirectly execute commands, there could be a risk of OS command injection if user-controlled data is improperly sanitized.
IMPACT: An attacker could inject malicious commands, leading to unauthorized system access or other severe consequences.

VULNERABILITY: CWE-190: Integer Overflow or Wraparound
ANALYSIS: The code calculates `data_len` using `txd.len` without checking for overflow, which could lead to an integer overflow if `txd.len` is very large.
IMPACT: An attacker could exploit this to cause a buffer overflow, leading to memory corruption or other undefined behavior.

VULNERABILITY: CWE-787: Out-of-bounds Write
ANALYSIS: The code writes to memory at `data_pa` with a length of `data_len` without verifying that `data_pa` and `data_len` are within valid bounds.
IMPACT: An attacker could exploit this to write to arbitrary memory locations, potentially leading to memory corruption or other severe consequences.

VULNERABILITY: CWE-119: Improper Restriction of Operations within the Bounds of a Memory Buffer
ANALYSIS: The code does not enforce proper bounds checking when accessing memory buffers, such as when reading from or writing to `txd.addr`.
IMPACT: An attacker could exploit this to perform buffer overflows, leading to memory corruption or other undefined behavior.",True,False,"static void vmxnet3_process_tx_queue(VMXNET3State *s, int qidx)
{
    struct Vmxnet3_TxDesc txd;
    uint32_t txd_idx;
    uint32_t data_len;
    hwaddr data_pa;

    for (;;) {
        if (!vmxnet3_pop_next_tx_descr(s, qidx, &txd, &txd_idx)) {
            break;
        }

        vmxnet3_dump_tx_descr(&txd);

        if (!s->skip_current_tx_pkt) {
            data_len = (txd.len > 0) ? txd.len : VMXNET3_MAX_TX_BUF_SIZE;
            data_pa = le64_to_cpu(txd.addr);

            if (!vmxnet_tx_pkt_add_raw_fragment(s->tx_pkt,
                                                data_pa,
                                                data_len)) {
                s->skip_current_tx_pkt = true;
            }
        }

        if (s->tx_sop) {
            vmxnet3_tx_retrieve_metadata(s, &txd);
            s->tx_sop = false;
         }
 
         if (txd.eop) {
            if (!s->skip_current_tx_pkt) {
                vmxnet_tx_pkt_parse(s->tx_pkt);
                 if (s->needs_vlan) {
                     vmxnet_tx_pkt_setup_vlan_header(s->tx_pkt, s->tci);
                 }
                    vmxnet_tx_pkt_setup_vlan_header(s->tx_pkt, s->tci);
                }

                vmxnet3_send_packet(s, qidx);
            } else {
                vmxnet3_on_tx_done_update_stats(s, qidx,
                                                VMXNET3_PKT_STATUS_ERROR);
            }

            vmxnet3_complete_packet(s, qidx, txd_idx);
            s->tx_sop = true;
            s->skip_current_tx_pkt = false;
            vmxnet_tx_pkt_reset(s->tx_pkt);
        }
    }
"
32503,32503,CWE-190,formal,14B,Qwen2.5-Coder-14B-Instruct,"system
Perform a standard security audit on the following C code. Identify any CWE-compliant vulnerabilities and provide a technical root cause analysis.

Structure your response EXACTLY as follows:
VULNERABILITY: [CWE Name and ID]
ANALYSIS: [Technical root cause analysis in 3 sentences max]
IMPACT: [Security consequence of the vulnerability]

STOP: Do not provide any introductory filler or list non-vulnerable categories.
user
CODE TO EVALUATE:
OperationID FileSystemOperationRunner::BeginOperation(
     std::unique_ptr<FileSystemOperation> operation) {
   OperationID id = next_operation_id_++;
 
  operations_.emplace(id, std::move(operation));
   return id;
 }


Provide your analysis below:
assistant
VULNERABILITY: CWE-787: Out-of-bounds Write

ANALYSIS: The code increments `next_operation_id_` without checking if it exceeds the maximum value for `OperationID`, which could lead to an out-of-bounds write when `operations_` is accessed with an invalid index.

IMPACT: An attacker could potentially exploit this vulnerability to overwrite adjacent memory, leading to undefined behavior, crashes, or even remote code execution.",True,True,"OperationID FileSystemOperationRunner::BeginOperation(
     std::unique_ptr<FileSystemOperation> operation) {
   OperationID id = next_operation_id_++;
 
  operations_.emplace(id, std::move(operation));
   return id;
 }
"
82568,82568,CWE-125,formal,14B,Qwen2.5-Coder-14B-Instruct,"VULNERABILITY: CWE-787: Out-of-bounds Write

ANALYSIS: The code uses `CopyMagickMemory` to copy data into `attribute` without checking if the size of the data exceeds `MagickPathExtent`. This can lead to writing beyond the bounds of the allocated memory.

IMPACT: An attacker could exploit this vulnerability to overwrite adjacent memory, potentially leading to arbitrary code execution or denial of service.",True,False,"static MagickBooleanType Get8BIMProperty(const Image *image,const char *key,
  ExceptionInfo *exception)
{
  char
    *attribute,
    format[MagickPathExtent],
    name[MagickPathExtent],
    *resource;

  const StringInfo
    *profile;

  const unsigned char
    *info;

  long
    start,
    stop;

  MagickBooleanType
    status;

  register ssize_t
    i;

  size_t
    length;

  ssize_t
    count,
    id,
    sub_number;

  /*
    There are no newlines in path names, so it's safe as terminator.
  */
  profile=GetImageProfile(image,""8bim"");
  if (profile == (StringInfo *) NULL)
    return(MagickFalse);
  count=(ssize_t) sscanf(key,""8BIM:%ld,%ld:%1024[^\n]\n%1024[^\n]"",&start,&stop,
    name,format);
  if ((count != 2) && (count != 3) && (count != 4))
    return(MagickFalse);
  if (count < 4)
    (void) CopyMagickString(format,""SVG"",MagickPathExtent);
  if (count < 3)
    *name='\0';
  sub_number=1;
  if (*name == '#')
    sub_number=(ssize_t) StringToLong(&name[1]);
  sub_number=MagickMax(sub_number,1L);
  resource=(char *) NULL;
  status=MagickFalse;
  length=GetStringInfoLength(profile);
  info=GetStringInfoDatum(profile);
  while ((length > 0) && (status == MagickFalse))
  {
    if (ReadPropertyByte(&info,&length) != (unsigned char) '8')
      continue;
    if (ReadPropertyByte(&info,&length) != (unsigned char) 'B')
      continue;
    if (ReadPropertyByte(&info,&length) != (unsigned char) 'I')
      continue;
    if (ReadPropertyByte(&info,&length) != (unsigned char) 'M')
      continue;
    id=(ssize_t) ReadPropertyMSBShort(&info,&length);
    if (id < (ssize_t) start)
      continue;
    if (id > (ssize_t) stop)
      continue;
    if (resource != (char *) NULL)
      resource=DestroyString(resource);
    count=(ssize_t) ReadPropertyByte(&info,&length);
    if ((count != 0) && ((size_t) count <= length))
      {
        resource=(char *) NULL;
        if (~((size_t) count) >= (MagickPathExtent-1))
          resource=(char *) AcquireQuantumMemory((size_t) count+
            MagickPathExtent,sizeof(*resource));
        if (resource != (char *) NULL)
          {
            for (i=0; i < (ssize_t) count; i++)
              resource[i]=(char) ReadPropertyByte(&info,&length);
            resource[count]='\0';
          }
      }
     if ((count & 0x01) == 0)
       (void) ReadPropertyByte(&info,&length);
     count=(ssize_t) ReadPropertyMSBLong(&info,&length);
     if ((*name != '\0') && (*name != '#'))
       if ((resource == (char *) NULL) || (LocaleCompare(name,resource) != 0))
         {
          /*
            No name match, scroll forward and try next.
          */
          info+=count;
          length-=MagickMin(count,(ssize_t) length);
          continue;
        }
    if ((*name == '#') && (sub_number != 1))
      {
        /*
          No numbered match, scroll forward and try next.
        */
        sub_number--;
        info+=count;
        length-=MagickMin(count,(ssize_t) length);
        continue;
      }
    /*
      We have the resource of interest.
    */
    attribute=(char *) NULL;
    if (~((size_t) count) >= (MagickPathExtent-1))
      attribute=(char *) AcquireQuantumMemory((size_t) count+MagickPathExtent,
        sizeof(*attribute));
    if (attribute != (char *) NULL)
      {
        (void) CopyMagickMemory(attribute,(char *) info,(size_t) count);
        attribute[count]='\0';
        info+=count;
        length-=MagickMin(count,(ssize_t) length);
        if ((id <= 1999) || (id >= 2999))
          (void) SetImageProperty((Image *) image,key,(const char *)
            attribute,exception);
        else
          {
            char
              *path;

            if (LocaleCompare(format,""svg"") == 0)
              path=TraceSVGClippath((unsigned char *) attribute,(size_t) count,
                image->columns,image->rows);
            else
              path=TracePSClippath((unsigned char *) attribute,(size_t) count);
            (void) SetImageProperty((Image *) image,key,(const char *) path,
              exception);
            path=DestroyString(path);
          }
        attribute=DestroyString(attribute);
        status=MagickTrue;
      }
  }
  if (resource != (char *) NULL)
    resource=DestroyString(resource);
  return(status);
}
"
118563,118563,CWE-20,formal,14B,Qwen2.5-Coder-14B-Instruct,"system
Perform a standard security audit on the following C code. Identify any CWE-compliant vulnerabilities and provide a technical root cause analysis.

Structure your response EXACTLY as follows:
VULNERABILITY: [CWE Name and ID]
ANALYSIS: [Technical root cause analysis in 3 sentences max]
IMPACT: [Security consequence of the vulnerability]

STOP: Do not provide any introductory filler or list non-vulnerable categories.
user
CODE TO EVALUATE:
 status_t SampleTable::setTimeToSampleParams(
         off64_t data_offset, size_t data_size) {
    if (mTimeToSample != NULL || data_size < 8) {
         return ERROR_MALFORMED;
     }
 
 uint8_t header[8];
 if (mDataSource->readAt(
                data_offset, header, sizeof(header)) < (ssize_t)sizeof(header)) {
 return ERROR_IO;
 }

 if (U32_AT(header) != 0) {
 return ERROR_MALFORMED;

     }
 
     mTimeToSampleCount = U32_AT(&header[4]);
    uint64_t allocSize = (uint64_t)mTimeToSampleCount * 2 * sizeof(uint32_t);
    if (allocSize > UINT32_MAX) {
         return ERROR_OUT_OF_RANGE;
     }
    mTimeToSample = new (std::nothrow) uint32_t[mTimeToSampleCount * 2];
    if (!mTimeToSample)
        return ERROR_OUT_OF_RANGE;
 
    size_t size = sizeof(uint32_t) * mTimeToSampleCount * 2;
    if (mDataSource->readAt(
                data_offset + 8, mTimeToSample, size) < (ssize_t)size) {
         return ERROR_IO;
     }
 
    for (uint32_t i = 0; i < mTimeToSampleCount * 2; ++i) {
        mTimeToSample[i] = ntohl(mTimeToSample[i]);
     }
     return OK;
 }


Provide your analysis below:
assistant
VULNERABILITY: CWE-120: Buffer Copy without Checking Size of Input ('Classic Buffer Overflow')
ANALYSIS: The code reads `data_size` bytes from the data source into a fixed-size buffer `header`. If `data_size` is greater than 8, it will overflow the buffer, leading to undefined behavior.
IMPACT: An attacker could exploit this vulnerability to execute arbitrary code with the privileges of the process running the software.",True,True," status_t SampleTable::setTimeToSampleParams(
         off64_t data_offset, size_t data_size) {
    if (mTimeToSample != NULL || data_size < 8) {
         return ERROR_MALFORMED;
     }
 
 uint8_t header[8];
 if (mDataSource->readAt(
                data_offset, header, sizeof(header)) < (ssize_t)sizeof(header)) {
 return ERROR_IO;
 }

 if (U32_AT(header) != 0) {
 return ERROR_MALFORMED;

     }
 
     mTimeToSampleCount = U32_AT(&header[4]);
    uint64_t allocSize = (uint64_t)mTimeToSampleCount * 2 * sizeof(uint32_t);
    if (allocSize > UINT32_MAX) {
         return ERROR_OUT_OF_RANGE;
     }
    mTimeToSample = new (std::nothrow) uint32_t[mTimeToSampleCount * 2];
    if (!mTimeToSample)
        return ERROR_OUT_OF_RANGE;
 
    size_t size = sizeof(uint32_t) * mTimeToSampleCount * 2;
    if (mDataSource->readAt(
                data_offset + 8, mTimeToSample, size) < (ssize_t)size) {
         return ERROR_IO;
     }
 
    for (uint32_t i = 0; i < mTimeToSampleCount * 2; ++i) {
        mTimeToSample[i] = ntohl(mTimeToSample[i]);
     }
     return OK;
 }
"
45033,45033,CWE-190,formal,14B,Qwen2.5-Coder-14B-Instruct,"system
Perform a standard security audit on the following C code. Identify any CWE-compliant vulnerabilities and provide a technical root cause analysis.

Structure your response EXACTLY as follows:
VULNERABILITY: [CWE Name and ID]
ANALYSIS: [Technical root cause analysis in 3 sentences max]
IMPACT: [Security consequence of the vulnerability]

STOP: Do not provide any introductory filler or list non-vulnerable categories.
user
CODE TO EVALUATE:
static void addModuleArgument(sqlite3 *db, Table *pTable, char *zArg){
  int nBytes = sizeof(char *)*(2+pTable->nModuleArg);
   char **azModuleArg;
   azModuleArg = sqlite3DbRealloc(db, pTable->azModuleArg, nBytes);
   if( azModuleArg==0 ){
     sqlite3DbFree(db, zArg);
  }else{
    int i = pTable->nModuleArg++;
    azModuleArg[i] = zArg;
    azModuleArg[i+1] = 0;
    pTable->azModuleArg = azModuleArg;
  }
}


Provide your analysis below:
assistant
VULNERABILITY: CWE-787: Out-of-bounds Write

ANALYSIS: The function `addModuleArgument` attempts to reallocate memory for an array of pointers (`azModuleArg`) to store additional module arguments. However, it does not check if the reallocation was successful before accessing the newly allocated memory. If `sqlite3DbRealloc` fails, `azModuleArg` will be `NULL`, leading to a dereference of a null pointer when trying to assign `zArg` to `azModuleArg[i]`.

IMPACT: This vulnerability can result in a segmentation fault or undefined behavior, potentially allowing an attacker to execute arbitrary code if they can control the contents of `zArg`.",True,True,"static void addModuleArgument(sqlite3 *db, Table *pTable, char *zArg){
  int nBytes = sizeof(char *)*(2+pTable->nModuleArg);
   char **azModuleArg;
   azModuleArg = sqlite3DbRealloc(db, pTable->azModuleArg, nBytes);
   if( azModuleArg==0 ){
     sqlite3DbFree(db, zArg);
  }else{
    int i = pTable->nModuleArg++;
    azModuleArg[i] = zArg;
    azModuleArg[i+1] = 0;
    pTable->azModuleArg = azModuleArg;
  }
}
"
113098,113098,CWE-119,formal,14B,Qwen2.5-Coder-14B-Instruct,"VULNERABILITY: CWE-78: Improper Neutralization of Special Elements used in an OS Command ('OS Command Injection')
ANALYSIS: The function `xps_parse_glyphs` does not sanitize the `navigate_uri_att` attribute before using it in the `xps_add_link` function, which could potentially lead to command injection if the attribute contains malicious input.
IMPACT: An attacker could exploit this vulnerability to execute arbitrary commands on the system running the software, leading to unauthorized access, data theft, or other malicious activities.",True,False,"xps_parse_glyphs(xps_document *doc, const fz_matrix *ctm,
		char *base_uri, xps_resource *dict, fz_xml *root)
{
	fz_xml *node;

	char *fill_uri;
	char *opacity_mask_uri;

	char *bidi_level_att;
	char *fill_att;
	char *font_size_att;
	char *font_uri_att;
	char *origin_x_att;
	char *origin_y_att;
	char *is_sideways_att;
	char *indices_att;
	char *unicode_att;
	char *style_att;
	char *transform_att;
	char *clip_att;
	char *opacity_att;
	char *opacity_mask_att;
	char *navigate_uri_att;

	fz_xml *transform_tag = NULL;
	fz_xml *clip_tag = NULL;
	fz_xml *fill_tag = NULL;
	fz_xml *opacity_mask_tag = NULL;

	char *fill_opacity_att = NULL;

	xps_part *part;
	fz_font *font;

	char partname[1024];
	char fakename[1024];
	char *subfont;

	float font_size = 10;
	int subfontid = 0;
	int is_sideways = 0;
	int bidi_level = 0;

	fz_text *text;
	fz_rect area;

	fz_matrix local_ctm = *ctm;

	/*
	 * Extract attributes and extended attributes.
	 */

	bidi_level_att = fz_xml_att(root, ""BidiLevel"");
	fill_att = fz_xml_att(root, ""Fill"");
	font_size_att = fz_xml_att(root, ""FontRenderingEmSize"");
	font_uri_att = fz_xml_att(root, ""FontUri"");
	origin_x_att = fz_xml_att(root, ""OriginX"");
	origin_y_att = fz_xml_att(root, ""OriginY"");
	is_sideways_att = fz_xml_att(root, ""IsSideways"");
	indices_att = fz_xml_att(root, ""Indices"");
	unicode_att = fz_xml_att(root, ""UnicodeString"");
	style_att = fz_xml_att(root, ""StyleSimulations"");
	transform_att = fz_xml_att(root, ""RenderTransform"");
	clip_att = fz_xml_att(root, ""Clip"");
	opacity_att = fz_xml_att(root, ""Opacity"");
	opacity_mask_att = fz_xml_att(root, ""OpacityMask"");
	navigate_uri_att = fz_xml_att(root, ""FixedPage.NavigateUri"");

	for (node = fz_xml_down(root); node; node = fz_xml_next(node))
	{
		if (!strcmp(fz_xml_tag(node), ""Glyphs.RenderTransform""))
			transform_tag = fz_xml_down(node);
		if (!strcmp(fz_xml_tag(node), ""Glyphs.OpacityMask""))
			opacity_mask_tag = fz_xml_down(node);
		if (!strcmp(fz_xml_tag(node), ""Glyphs.Clip""))
			clip_tag = fz_xml_down(node);
		if (!strcmp(fz_xml_tag(node), ""Glyphs.Fill""))
			fill_tag = fz_xml_down(node);
	}

	fill_uri = base_uri;
	opacity_mask_uri = base_uri;

	xps_resolve_resource_reference(doc, dict, &transform_att, &transform_tag, NULL);
	xps_resolve_resource_reference(doc, dict, &clip_att, &clip_tag, NULL);
	xps_resolve_resource_reference(doc, dict, &fill_att, &fill_tag, &fill_uri);
	xps_resolve_resource_reference(doc, dict, &opacity_mask_att, &opacity_mask_tag, &opacity_mask_uri);

	/*
	 * Check that we have all the necessary information.
	 */

	if (!font_size_att || !font_uri_att || !origin_x_att || !origin_y_att) {
		fz_warn(doc->ctx, ""missing attributes in glyphs element"");
		return;
	}

	if (!indices_att && !unicode_att)
		return; /* nothing to draw */

	if (is_sideways_att)
		is_sideways = !strcmp(is_sideways_att, ""true"");

	if (bidi_level_att)
		bidi_level = atoi(bidi_level_att);

	/*
	 * Find and load the font resource
	 */

	xps_resolve_url(partname, base_uri, font_uri_att, sizeof partname);
	subfont = strrchr(partname, '#');
	if (subfont)
	{
		subfontid = atoi(subfont + 1);
		*subfont = 0;
	}

	/* Make a new part name for font with style simulation applied */
	fz_strlcpy(fakename, partname, sizeof fakename);
	if (style_att)
	{
		if (!strcmp(style_att, ""BoldSimulation""))
			fz_strlcat(fakename, ""#Bold"", sizeof fakename);
		else if (!strcmp(style_att, ""ItalicSimulation""))
			fz_strlcat(fakename, ""#Italic"", sizeof fakename);
		else if (!strcmp(style_att, ""BoldItalicSimulation""))
			fz_strlcat(fakename, ""#BoldItalic"", sizeof fakename);
	}

	font = xps_lookup_font(doc, fakename);
	if (!font)
	{
		fz_try(doc->ctx)
		{
			part = xps_read_part(doc, partname);
		}
		fz_catch(doc->ctx)
		{
			fz_rethrow_if(doc->ctx, FZ_ERROR_TRYLATER);
			fz_warn(doc->ctx, ""cannot find font resource part '%s'"", partname);
			return;
		}

		/* deobfuscate if necessary */
		if (strstr(part->name, "".odttf""))
			xps_deobfuscate_font_resource(doc, part);
		if (strstr(part->name, "".ODTTF""))
			xps_deobfuscate_font_resource(doc, part);

		fz_try(doc->ctx)
		{
			fz_buffer *buf = fz_new_buffer_from_data(doc->ctx, part->data, part->size);
			font = fz_new_font_from_buffer(doc->ctx, NULL, buf, subfontid, 1);
			fz_drop_buffer(doc->ctx, buf);
		}
		fz_catch(doc->ctx)
		{
			fz_rethrow_if(doc->ctx, FZ_ERROR_TRYLATER);
			fz_warn(doc->ctx, ""cannot load font resource '%s'"", partname);
			xps_free_part(doc, part);
			return;
		}

		if (style_att)
		{
			font->ft_bold = !!strstr(style_att, ""Bold"");
			font->ft_italic = !!strstr(style_att, ""Italic"");
		}

		xps_select_best_font_encoding(doc, font);

		xps_insert_font(doc, fakename, font);

		/* NOTE: we already saved part->data in the buffer in the font */
		fz_free(doc->ctx, part->name);
		fz_free(doc->ctx, part);
	}

	/*
	 * Set up graphics state.
	 */

	if (transform_att || transform_tag)
	{
		fz_matrix transform;
		if (transform_att)
			xps_parse_render_transform(doc, transform_att, &transform);
		if (transform_tag)
			xps_parse_matrix_transform(doc, transform_tag, &transform);
		fz_concat(&local_ctm, &transform, &local_ctm);
	}

	if (clip_att || clip_tag)
		xps_clip(doc, &local_ctm, dict, clip_att, clip_tag);

	font_size = fz_atof(font_size_att);

	text = xps_parse_glyphs_imp(doc, &local_ctm, font, font_size,
			fz_atof(origin_x_att), fz_atof(origin_y_att),
			is_sideways, bidi_level, indices_att, unicode_att);

	fz_bound_text(doc->ctx, text, NULL, &local_ctm, &area);

	if (navigate_uri_att)
		xps_add_link(doc, &area, base_uri, navigate_uri_att);

	xps_begin_opacity(doc, &local_ctm, &area, opacity_mask_uri, dict, opacity_att, opacity_mask_tag);

	/* If it's a solid color brush fill/stroke do a simple fill */

	if (fill_tag && !strcmp(fz_xml_tag(fill_tag), ""SolidColorBrush""))
	{
		fill_opacity_att = fz_xml_att(fill_tag, ""Opacity"");
		fill_att = fz_xml_att(fill_tag, ""Color"");
		fill_tag = NULL;
	}
 
        if (fill_att)
        {
               float samples[32];
                fz_colorspace *colorspace;
 
                xps_parse_color(doc, base_uri, fill_att, &colorspace, samples);
		if (fill_opacity_att)
			samples[0] *= fz_atof(fill_opacity_att);
		xps_set_color(doc, colorspace, samples);

		fz_fill_text(doc->dev, text, &local_ctm,
			doc->colorspace, doc->color, doc->alpha);
	}

	/* If it's a complex brush, use the charpath as a clip mask */

	if (fill_tag)
	{
		fz_clip_text(doc->dev, text, &local_ctm, 0);
		xps_parse_brush(doc, &local_ctm, &area, fill_uri, dict, fill_tag);
		fz_pop_clip(doc->dev);
	}

	xps_end_opacity(doc, opacity_mask_uri, dict, opacity_att, opacity_mask_tag);

	fz_free_text(doc->ctx, text);

	if (clip_att || clip_tag)
		fz_pop_clip(doc->dev);

	fz_drop_font(doc->ctx, font);
}
"
123023,123023,CWE-79,formal,14B,Qwen2.5-Coder-14B-Instruct,"system
Perform a standard security audit on the following C code. Identify any CWE-compliant vulnerabilities and provide a technical root cause analysis.

Structure your response EXACTLY as follows:
VULNERABILITY: [CWE Name and ID]
ANALYSIS: [Technical root cause analysis in 3 sentences max]
IMPACT: [Security consequence of the vulnerability]

STOP: Do not provide any introductory filler or list non-vulnerable categories.
user
CODE TO EVALUATE:
V8ContextNativeHandler::V8ContextNativeHandler(ScriptContext* context,
                                               Dispatcher* dispatcher)
    : ObjectBackedNativeHandler(context),
      context_(context),
      dispatcher_(dispatcher) {
  RouteFunction(""GetAvailability"",
                base::Bind(&V8ContextNativeHandler::GetAvailability,
                           base::Unretained(this)));
  RouteFunction(""GetModuleSystem"",
                 base::Bind(&V8ContextNativeHandler::GetModuleSystem,
                            base::Unretained(this)));
   RouteFunction(
      ""RunWithNativesEnabledModuleSystem"",
      base::Bind(&V8ContextNativeHandler::RunWithNativesEnabledModuleSystem,
                  base::Unretained(this)));
 }


Provide your analysis below:
assistant
VULNERABILITY: CWE-767 Improper Neutralization of Special Elements used in an OS Command ('OS Command Injection')
ANALYSIS: The code does not show any direct OS command execution, but the use of `base::Unretained(this)` can lead to potential issues if the bound function outlives the object, leading to undefined behavior or crashes.
IMPACT: If the `V8ContextNativeHandler` object is destroyed before the bound functions are executed, it can result in accessing invalid memory, potentially leading to crashes or arbitrary code execution.",True,True,"V8ContextNativeHandler::V8ContextNativeHandler(ScriptContext* context,
                                               Dispatcher* dispatcher)
    : ObjectBackedNativeHandler(context),
      context_(context),
      dispatcher_(dispatcher) {
  RouteFunction(""GetAvailability"",
                base::Bind(&V8ContextNativeHandler::GetAvailability,
                           base::Unretained(this)));
  RouteFunction(""GetModuleSystem"",
                 base::Bind(&V8ContextNativeHandler::GetModuleSystem,
                            base::Unretained(this)));
   RouteFunction(
      ""RunWithNativesEnabledModuleSystem"",
      base::Bind(&V8ContextNativeHandler::RunWithNativesEnabledModuleSystem,
                  base::Unretained(this)));
 }
"
19633,19633,CWE-119,formal,14B,Qwen2.5-Coder-14B-Instruct,"VULNERABILITY: CWE-120: Buffer Copy without Checking Size of Input ('Classic Buffer Overflow')

ANALYSIS: The function `WritePixels` copies data from `pixels` to `context->frbuff_p.p8` or `context->frbuff_p.p32` using `ngiflib_memcpy` without checking if the destination buffer has enough space to hold the data. This can lead to a buffer overflow if `n` is larger than the remaining space in the buffer.

IMPACT: An attacker could exploit this vulnerability to overwrite adjacent memory, potentially leading to arbitrary code execution or denial of service.",True,False,"static void WritePixels(struct ngiflib_img * i, struct ngiflib_decode_context * context, const u8 * pixels, u16 n) {
	u16 tocopy;	
	struct ngiflib_gif * p = i->parent;

	while(n > 0) {
		tocopy = (context->Xtogo < n) ? context->Xtogo : n;
		if(!i->gce.transparent_flag) {
#ifndef NGIFLIB_INDEXED_ONLY
			if(p->mode & NGIFLIB_MODE_INDEXED) {
#endif /* NGIFLIB_INDEXED_ONLY */
				ngiflib_memcpy(context->frbuff_p.p8, pixels, tocopy);
				pixels += tocopy;
				context->frbuff_p.p8 += tocopy;
#ifndef NGIFLIB_INDEXED_ONLY
			} else {
				int j;
				for(j = (int)tocopy; j > 0; j--) {
					*(context->frbuff_p.p32++) =
					   GifIndexToTrueColor(i->palette, *pixels++);
				}
			}
#endif /* NGIFLIB_INDEXED_ONLY */
		} else {
			int j;
#ifndef NGIFLIB_INDEXED_ONLY
			if(p->mode & NGIFLIB_MODE_INDEXED) {
#endif /* NGIFLIB_INDEXED_ONLY */
				for(j = (int)tocopy; j > 0; j--) {
					if(*pixels != i->gce.transparent_color) *context->frbuff_p.p8 = *pixels;
					pixels++;
					context->frbuff_p.p8++;
				}
#ifndef NGIFLIB_INDEXED_ONLY
			} else {
				for(j = (int)tocopy; j > 0; j--) {
					if(*pixels != i->gce.transparent_color) {
						*context->frbuff_p.p32 = GifIndexToTrueColor(i->palette, *pixels);
					}
					pixels++;
					context->frbuff_p.p32++;
				}
			}
#endif /* NGIFLIB_INDEXED_ONLY */
		}
		context->Xtogo -= tocopy;
		if(context->Xtogo == 0) {
			#ifdef NGIFLIB_ENABLE_CALLBACKS
			if(p->line_cb) p->line_cb(p, context->line_p, context->curY);
			#endif /* NGIFLIB_ENABLE_CALLBACKS */
			context->Xtogo = i->width;
			switch(context->pass) {
			case 0:
				context->curY++;
 				break;
 			case 1:	/* 1st pass : every eighth row starting from 0 */
 				context->curY += 8;
				if(context->curY >= p->height) {
					context->pass++;
					context->curY = i->posY + 4;
				}
 				break;
 			case 2:	/* 2nd pass : every eighth row starting from 4 */
 				context->curY += 8;
				if(context->curY >= p->height) {
					context->pass++;
					context->curY = i->posY + 2;
				}
 				break;
 			case 3:	/* 3rd pass : every fourth row starting from 2 */
 				context->curY += 4;
				if(context->curY >= p->height) {
					context->pass++;
					context->curY = i->posY + 1;
				}
 				break;
 			case 4:	/* 4th pass : every odd row */
 				context->curY += 2;
 				break;
 			}
 #ifndef NGIFLIB_INDEXED_ONLY
 			if(p->mode & NGIFLIB_MODE_INDEXED) {
 #endif /* NGIFLIB_INDEXED_ONLY */
				#ifdef NGIFLIB_ENABLE_CALLBACKS
				context->line_p.p8 = p->frbuff.p8 + (u32)context->curY*p->width;
				context->frbuff_p.p8 = context->line_p.p8 + i->posX;
				#else
				context->frbuff_p.p8 = p->frbuff.p8 + (u32)context->curY*p->width + i->posX;
				#endif /* NGIFLIB_ENABLE_CALLBACKS */
#ifndef NGIFLIB_INDEXED_ONLY
			} else {
				#ifdef NGIFLIB_ENABLE_CALLBACKS
				context->line_p.p32 = p->frbuff.p32 + (u32)context->curY*p->width;
				context->frbuff_p.p32 = context->line_p.p32 + i->posX;
				#else
				context->frbuff_p.p32 = p->frbuff.p32 + (u32)context->curY*p->width + i->posX;
				#endif /* NGIFLIB_ENABLE_CALLBACKS */
			}
#endif /* NGIFLIB_INDEXED_ONLY */
		}
		n -= tocopy;
	}
}
"
113163,113163,CWE-94,formal,14B,Qwen2.5-Coder-14B-Instruct,"vulnerabilities and provide a technical root cause analysis.

Structure your response EXACTLY as follows:
VULNERABILITY: [CWE Name and ID]
ANALYSIS: [Technical root cause analysis in 3 sentences max]
IMPACT: [Security consequence of the vulnerability]

STOP: Do not provide any introductory filler or list non-vulnerable categories.
user
CODE TO EVALUATE:
  void LaunchServiceProcessControl(bool wait) {
     ServiceProcessControl::GetInstance()->Launch(
        base::Bind(&ServiceProcessControlBrowserTest::ProcessControlLaunched,
                   base::Unretained(this)),
        base::Bind(
             &ServiceProcessControlBrowserTest::ProcessControlLaunchFailed,
            base::Unretained(this)));
    if (wait)
      content::RunMessageLoop();
  }


Provide your analysis below:
assistant
VULNERABILITY: CWE-764 Improper Neutralization of Special Elements used in an OS Command ('OS Command Injection')

ANALYSIS: The code uses `base::Unretained(this)` which can lead to use-after-free vulnerabilities if the object is destroyed before the callback is invoked. This can potentially allow an attacker to execute arbitrary code by manipulating the object's state.

IMPACT: An attacker could exploit this vulnerability to execute arbitrary code with the privileges of the process, leading to potential unauthorized access, data corruption, or system compromise.",True,True,"  void LaunchServiceProcessControl(bool wait) {
     ServiceProcessControl::GetInstance()->Launch(
        base::Bind(&ServiceProcessControlBrowserTest::ProcessControlLaunched,
                   base::Unretained(this)),
        base::Bind(
             &ServiceProcessControlBrowserTest::ProcessControlLaunchFailed,
            base::Unretained(this)));
    if (wait)
      content::RunMessageLoop();
  }
"
52673,52673,CWE-415,formal,14B,Qwen2.5-Coder-14B-Instruct,"VULNERABILITY: CWE-78: Improper Neutralization of Special Elements used in an OS Command ('OS Command Injection')

ANALYSIS: The function `gdImageWBMPCtx` does not appear to directly involve any OS command execution, so there is no immediate evidence of OS Command Injection. However, if the `gd_putout` function or any other function called within this context involves executing external commands, it could be vulnerable to CWE-78 if user input is improperly sanitized before being passed to these functions.

IMPACT: If the `gd_putout` function or any other function called within this context involves executing external commands, an attacker could potentially inject malicious commands, leading to unauthorized access, data corruption, or other system compromises.",True,False," void gdImageWBMPCtx (gdImagePtr image, int fg, gdIOCtx * out)
 {
 	int x, y, pos;
 	Wbmp *wbmp;
 
 	/* create the WBMP */
 	if ((wbmp = createwbmp (gdImageSX (image), gdImageSY (image), WBMP_WHITE)) == NULL) {
 		gd_error(""Could not create WBMP"");
		return;
 	}
 
 	/* fill up the WBMP structure */
	pos = 0;
	for (y = 0; y < gdImageSY(image); y++) {
		for (x = 0; x < gdImageSX(image); x++) {
			if (gdImageGetPixel (image, x, y) == fg) {
				wbmp->bitmap[pos] = WBMP_BLACK;
			}
			pos++;
		}
	}
 
 	/* write the WBMP to a gd file descriptor */
 	if (writewbmp (wbmp, &gd_putout, out)) {
 		gd_error(""Could not save WBMP"");
 	}
 	/* des submitted this bugfix: gdFree the memory. */
 	freewbmp(wbmp);
}
"
100598,100598,CWE-119,formal,14B,Qwen2.5-Coder-14B-Instruct,"VULNERABILITY: CWE-787 Improper Neutralization of Special Elements used in an OS Command ('OS Command Injection')
ANALYSIS: The code does not appear to directly involve OS command execution, so this vulnerability does not apply.
IMPACT: N/A

VULNERABILITY: CWE-78 Improper Neutralization of Special Elements used in an OS Command ('OS Command Injection')
ANALYSIS: The code does not appear to directly involve OS command execution, so this vulnerability does not apply.
IMPACT: N/A

VULNERABILITY: CWE-787 Improper Neutralization of Special Elements used in an OS Command ('OS Command Injection')
ANALYSIS: The code does not appear to directly involve OS command execution, so this vulnerability does not apply.
IMPACT: N/A

VULNERABILITY: CWE-78 Improper Neutralization of Special Elements used in an OS Command ('OS Command Injection')
ANALYSIS: The code does not appear to directly involve OS command execution, so this vulnerability does not apply.
IMPACT: N/A

VULNERABILITY: CWE-787 Improper Neutralization of Special Elements used in an OS Command ('OS Command Injection')
ANALYSIS: The code does not appear to directly involve OS command execution, so this vulnerability does not apply.
IMPACT: N/A

VULNERABILITY: CWE-78 Improper Neutralization of Special Elements used in an OS Command ('OS Command Injection')
ANALYSIS: The code does not appear to directly involve OS command execution, so this vulnerability does not apply.
IMPACT: N/A

VULNERABILITY: CWE-787 Improper Neutralization of Special Elements used in an OS Command ('OS Command Injection')
ANALYSIS: The code does not appear to directly involve OS command execution, so this vulnerability does not apply.
IMPACT: N/A

VULNERABILITY: CWE-78 Improper Neutralization of Special Elements used in an OS Command ('OS Command Injection')
ANALYSIS: The code does not appear to directly involve OS command execution, so this vulnerability does not apply.
IMPACT: N/A

VULNERABILITY: CWE-787 Improper Neutralization of Special Elements used in an OS Command ('OS Command Injection')
ANALYSIS: The code does not appear to directly involve OS command execution, so this vulnerability does not apply.
IMPACT: N/A

VULNERABILITY: CWE-78 Improper Neutral",True,False,"static Sdb *store_versioninfo_gnu_verdef(ELFOBJ *bin, Elf_(Shdr) *shdr, int sz) {
	const char *section_name = """";
	const char *link_section_name = """";
	char *end = NULL;
	Elf_(Shdr) *link_shdr = NULL;
	ut8 dfs[sizeof (Elf_(Verdef))] = {0};
	Sdb *sdb;
	int cnt, i;
	if (shdr->sh_link > bin->ehdr.e_shnum) {
		return false;
	}
	link_shdr = &bin->shdr[shdr->sh_link];
	if (shdr->sh_size < 1) {
		return false;
	}
	Elf_(Verdef) *defs = calloc (shdr->sh_size, sizeof (char));
	if (!defs) {
		return false;
	}
	if (bin->shstrtab && shdr->sh_name < bin->shstrtab_size) {
		section_name = &bin->shstrtab[shdr->sh_name];
	}
	if (link_shdr && bin->shstrtab && link_shdr->sh_name < bin->shstrtab_size) {
		link_section_name = &bin->shstrtab[link_shdr->sh_name];
	}
	if (!defs) {
		bprintf (""Warning: Cannot allocate memory (Check Elf_(Verdef))\n"");
		return NULL;
	}
	sdb = sdb_new0 ();
	end = (char *)defs + shdr->sh_size;
	sdb_set (sdb, ""section_name"", section_name, 0);
	sdb_num_set (sdb, ""entries"", shdr->sh_info, 0);
	sdb_num_set (sdb, ""addr"", shdr->sh_addr, 0);
	sdb_num_set (sdb, ""offset"", shdr->sh_offset, 0);
 	sdb_num_set (sdb, ""link"", shdr->sh_link, 0);
 	sdb_set (sdb, ""link_section_name"", link_section_name, 0);
 
	for (cnt = 0, i = 0; cnt < shdr->sh_info && ((char *)defs + i < end); ++cnt) {
 		Sdb *sdb_verdef = sdb_new0 ();
 		char *vstart = ((char*)defs) + i;
 		char key[32] = {0};
		Elf_(Verdef) *verdef = (Elf_(Verdef)*)vstart;
		Elf_(Verdaux) aux = {0};
		int j = 0;
		int isum = 0;

		r_buf_read_at (bin->b, shdr->sh_offset + i, dfs, sizeof (Elf_(Verdef)));
		verdef->vd_version = READ16 (dfs, j)
		verdef->vd_flags = READ16 (dfs, j)
		verdef->vd_ndx = READ16 (dfs, j)
		verdef->vd_cnt = READ16 (dfs, j)
		verdef->vd_hash = READ32 (dfs, j)
		verdef->vd_aux = READ32 (dfs, j)
		verdef->vd_next = READ32 (dfs, j)
		vstart += verdef->vd_aux;
		if (vstart > end || vstart + sizeof (Elf_(Verdaux)) > end) {
			sdb_free (sdb_verdef);
			goto out_error;
		}

		j = 0;
		aux.vda_name = READ32 (vstart, j)
		aux.vda_next = READ32 (vstart, j)

		isum = i + verdef->vd_aux;
		if (aux.vda_name > bin->dynstr_size) {
			sdb_free (sdb_verdef);
			goto out_error;
		}

		sdb_num_set (sdb_verdef, ""idx"", i, 0);
		sdb_num_set (sdb_verdef, ""vd_version"", verdef->vd_version, 0);
		sdb_num_set (sdb_verdef, ""vd_ndx"", verdef->vd_ndx, 0);
		sdb_num_set (sdb_verdef, ""vd_cnt"", verdef->vd_cnt, 0);
		sdb_set (sdb_verdef, ""vda_name"", &bin->dynstr[aux.vda_name], 0);
		sdb_set (sdb_verdef, ""flags"", get_ver_flags (verdef->vd_flags), 0);

		for (j = 1; j < verdef->vd_cnt; ++j) {
			int k;
			Sdb *sdb_parent = sdb_new0 ();
			isum += aux.vda_next;
			vstart += aux.vda_next;
			if (vstart > end || vstart + sizeof(Elf_(Verdaux)) > end) {
				sdb_free (sdb_verdef);
				sdb_free (sdb_parent);
				goto out_error;
			}
			k = 0;
			aux.vda_name = READ32 (vstart, k)
			aux.vda_next = READ32 (vstart, k)
			if (aux.vda_name > bin->dynstr_size) {
				sdb_free (sdb_verdef);
				sdb_free (sdb_parent);
				goto out_error;
			}
			sdb_num_set (sdb_parent, ""idx"", isum, 0);
			sdb_num_set (sdb_parent, ""parent"", j, 0);
			sdb_set (sdb_parent, ""vda_name"", &bin->dynstr[aux.vda_name], 0);
			snprintf (key, sizeof (key), ""parent%d"", j - 1);
			sdb_ns_set (sdb_verdef, key, sdb_parent);
		}

		snprintf (key, sizeof (key), ""verdef%d"", cnt);
		sdb_ns_set (sdb, key, sdb_verdef);
		if (!verdef->vd_next) {
 			sdb_free (sdb_verdef);
 			goto out_error;
 		}
 		i += verdef->vd_next;
 	}
 	free (defs);
	return sdb;
out_error:
	free (defs);
	sdb_free (sdb);
	return NULL;
}
"
140968,140968,CWE-78,formal,14B,Qwen2.5-Coder-14B-Instruct,"system
Perform a standard security audit on the following C code. Identify any CWE-compliant vulnerabilities and provide a technical root cause analysis.

Structure your response EXACTLY as follows:
VULNERABILITY: [CWE Name and ID]
ANALYSIS: [Technical root cause analysis in 3 sentences max]
IMPACT: [Security consequence of the vulnerability]

STOP: Do not provide any introductory filler or list non-vulnerable categories.
user
CODE TO EVALUATE:
static char *__filterQuotedShell(const char *arg) {
	r_return_val_if_fail (arg, NULL);
	char *a = malloc (strlen (arg) + 1);
	if (!a) {
		return NULL;
	}
	char *b = a;
	while (*arg) {
 		switch (*arg) {
 		case ' ':
 		case '=':
 		case '\r':
 		case '\n':
 			break;
		default:
			*b++ = *arg;
			break;
		}
		arg++;
	}
	*b = 0;
	return a;
}


Provide your analysis below:
assistant
VULNERABILITY: CWE-78: Improper Neutralization of Special Elements used in an OS Command ('OS Command Injection')

ANALYSIS: The function `__filterQuotedShell` does not properly sanitize input by removing or escaping special characters that could be used to inject malicious commands into an operating system shell. It only removes spaces, equals signs, carriage returns, and newlines, which are insufficient to prevent command injection attacks.

IMPACT: An attacker could exploit this vulnerability by injecting shell metacharacters or control operators into the input, leading to arbitrary command execution with the privileges of the process running the vulnerable code. This could result in unauthorized access, data theft, or system compromise.",True,True,"static char *__filterQuotedShell(const char *arg) {
	r_return_val_if_fail (arg, NULL);
	char *a = malloc (strlen (arg) + 1);
	if (!a) {
		return NULL;
	}
	char *b = a;
	while (*arg) {
 		switch (*arg) {
 		case ' ':
 		case '=':
 		case '\r':
 		case '\n':
 			break;
		default:
			*b++ = *arg;
			break;
		}
		arg++;
	}
	*b = 0;
	return a;
}
"
17768,17768,CWE-20,formal,14B,Qwen2.5-Coder-14B-Instruct,"system
Perform a standard security audit on the following C code. Identify any CWE-compliant vulnerabilities and provide a technical root cause analysis.

Structure your response EXACTLY as follows:
VULNERABILITY: [CWE Name and ID]
ANALYSIS: [Technical root cause analysis in 3 sentences max]
IMPACT: [Security consequence of the vulnerability]

STOP: Do not provide any introductory filler or list non-vulnerable categories.
user
CODE TO EVALUATE:
static gboolean nbd_negotiate_continue(QIOChannel *ioc,
                                       GIOCondition condition,
                                       void *opaque)
{
    qemu_coroutine_enter(opaque);
    return TRUE;
}


Provide your analysis below:
assistant
VULNERABILITY: CWE-787: Out-of-bounds Write

ANALYSIS: The function `nbd_negotiate_continue` does not validate the input parameters, specifically the `QIOChannel *ioc` and `void *opaque`. This can lead to undefined behavior if these pointers are invalid or out of bounds, potentially resulting in an out-of-bounds write.

IMPACT: An attacker could exploit this vulnerability to execute arbitrary code with the privileges of the process, leading to a potential complete system compromise.",True,True,"static gboolean nbd_negotiate_continue(QIOChannel *ioc,
                                       GIOCondition condition,
                                       void *opaque)
{
    qemu_coroutine_enter(opaque);
    return TRUE;
}
"
114628,114628,CWE-119,formal,14B,Qwen2.5-Coder-14B-Instruct,"VULNERABILITY: CWE-78: Improper Neutralization of Special Elements used in an OS Command ('OS Command Injection')

ANALYSIS: The code does not appear to directly execute any OS commands. However, it opens a file using `OpenBlob`, which could be influenced by user input if `image_info->filename` is derived from user input without proper validation or sanitization.

IMPACT: If `image_info->filename` contains malicious input, it could lead to unauthorized file access or other file-related attacks.",True,False,"static Image *ReadMONOImage(const ImageInfo *image_info,
  ExceptionInfo *exception)
{
  Image
    *image;

  MagickBooleanType
    status;

  register IndexPacket
    *indexes;

  register PixelPacket
    *q;

  register ssize_t
    x;

  size_t
    bit,
    byte;

  ssize_t
    y;

  /*
    Open image file.
  */
  assert(image_info != (const ImageInfo *) NULL);
  assert(image_info->signature == MagickSignature);
  if (image_info->debug != MagickFalse)
    (void) LogMagickEvent(TraceEvent,GetMagickModule(),""%s"",
      image_info->filename);
  assert(exception != (ExceptionInfo *) NULL);
  assert(exception->signature == MagickSignature);
  image=AcquireImage(image_info);
  if ((image->columns == 0) || (image->rows == 0))
    ThrowReaderException(OptionError,""MustSpecifyImageSize"");
  status=OpenBlob(image_info,image,ReadBinaryBlobMode,exception);
  if (status == MagickFalse)
    {
      image=DestroyImageList(image);
      return((Image *) NULL);
    }
  if (DiscardBlobBytes(image,image->offset) == MagickFalse)
    ThrowFileException(exception,CorruptImageError,""UnexpectedEndOfFile"",
      image->filename);
  /*
    Initialize image colormap.
  */
  image->depth=1;
  if (AcquireImageColormap(image,2) == MagickFalse)
    ThrowReaderException(ResourceLimitError,""MemoryAllocationFailed"");
  if (image_info->ping != MagickFalse)
    {
       (void) CloseBlob(image);
       return(GetFirstImageInList(image));
     }
   /*
     Convert bi-level image to pixel packets.
   */
  for (y=0; y < (ssize_t) image->rows; y++)
  {
    q=QueueAuthenticPixels(image,0,y,image->columns,1,exception);
    if (q == (PixelPacket *) NULL)
      break;
    indexes=GetAuthenticIndexQueue(image);
    bit=0;
    byte=0;
    for (x=0; x < (ssize_t) image->columns; x++)
    {
      if (bit == 0)
        byte=(size_t) ReadBlobByte(image);
      if (image_info->endian == LSBEndian)
        SetPixelIndex(indexes+x,((byte & 0x01) != 0) ? 0x00 : 0x01)
      else
        SetPixelIndex(indexes+x,((byte & 0x01) != 0) ? 0x01 : 0x00)
      bit++;
      if (bit == 8)
        bit=0;
      byte>>=1;
    }
    if (SyncAuthenticPixels(image,exception) == MagickFalse)
      break;
    status=SetImageProgress(image,LoadImageTag,(MagickOffsetType) y,
      image->rows);
    if (status == MagickFalse)
      break;
  }
  (void) SyncImage(image);
  if (EOFBlob(image) != MagickFalse)
    ThrowFileException(exception,CorruptImageError,""UnexpectedEndOfFile"",
      image->filename);
  (void) CloseBlob(image);
  return(GetFirstImageInList(image));
}
"
105318,105318,CWE-125,formal,14B,Qwen2.5-Coder-14B-Instruct,"_char *ep _U_,
		uint32_t phase _U_, uint32_t doi _U_,
		uint32_t proto _U_, int depth _U_)
{
	struct ikev2_ke ke;
 	const struct ikev2_ke *k;
 
 	k = (const struct ikev2_ke *)ext;
	ND_TCHECK(*ext);
 	UNALIGNED_MEMCPY(&ke, ext, sizeof(ke));
 	ikev2_pay_print(ndo, NPSTR(tpay), ke.h.critical);
 
	ND_PRINT((ndo,"" len=%u group=%s"", ntohs(ke.h.len) - 8,
		  STR_OR_ID(ntohs(ke.ke_group), dh_p_map)));

	if (2 < ndo->ndo_vflag && 8 < ntohs(ke.h.len)) {
		ND_PRINT((ndo,"" ""));
		if (!rawprint(ndo, (const uint8_t *)(k + 1), ntohs(ke.h.len) - 8))
			goto trunc;
	}
	return (const u_char *)ext + ntohs(ke.h.len);
trunc:
	ND_PRINT((ndo,"" [|%s]"", NPSTR(tpay)));
	return NULL;
}


Provide your analysis below:
assistant
VULNERABILITY: CWE-119: Improper Restriction of Operations within the Bounds of a Memory Buffer

ANALYSIS: The function `ikev2_ke_print` uses `UNALIGNED_MEMCPY` to copy data from `ext` to `ke` without checking if the size of `ext` is at least `sizeof(ke)`. This can lead to buffer over-read if `ext` points to a buffer smaller than `sizeof(ke)`.

IMPACT: An attacker could exploit this vulnerability to read arbitrary memory, potentially leading to information disclosure or denial of service.",True,True,"ikev2_ke_print(netdissect_options *ndo, u_char tpay,
		const struct isakmp_gen *ext,
		u_int item_len _U_, const u_char *ep _U_,
		uint32_t phase _U_, uint32_t doi _U_,
		uint32_t proto _U_, int depth _U_)
{
	struct ikev2_ke ke;
 	const struct ikev2_ke *k;
 
 	k = (const struct ikev2_ke *)ext;
	ND_TCHECK(*ext);
 	UNALIGNED_MEMCPY(&ke, ext, sizeof(ke));
 	ikev2_pay_print(ndo, NPSTR(tpay), ke.h.critical);
 
	ND_PRINT((ndo,"" len=%u group=%s"", ntohs(ke.h.len) - 8,
		  STR_OR_ID(ntohs(ke.ke_group), dh_p_map)));

	if (2 < ndo->ndo_vflag && 8 < ntohs(ke.h.len)) {
		ND_PRINT((ndo,"" ""));
		if (!rawprint(ndo, (const uint8_t *)(k + 1), ntohs(ke.h.len) - 8))
			goto trunc;
	}
	return (const u_char *)ext + ntohs(ke.h.len);
trunc:
	ND_PRINT((ndo,"" [|%s]"", NPSTR(tpay)));
	return NULL;
}
"
71998,71998,CWE-787,formal,14B,Qwen2.5-Coder-14B-Instruct,"VULNERABILITY: CWE-787: Out-of-bounds Write

ANALYSIS: The code does not validate the `sizes` array values before using them to allocate memory for `compact_pixels`. If an attacker can control the `sizes` array, they could potentially cause an out-of-bounds write when decoding PSD pixels.

IMPACT: An attacker could exploit this vulnerability to overwrite adjacent memory, leading to potential memory corruption, crashes, or even arbitrary code execution.",True,False,"static MagickBooleanType ReadPSDChannelRLE(Image *image,const PSDInfo *psd_info,
  const ssize_t type,MagickOffsetType *sizes,ExceptionInfo *exception)
{
  MagickBooleanType
    status;

  size_t
    length,
    row_size;

  ssize_t
    count,
    y;

  unsigned char
    *compact_pixels,
    *pixels;

  if (image->debug != MagickFalse)
    (void) LogMagickEvent(CoderEvent,GetMagickModule(),
       ""      layer data is RLE compressed"");

  row_size=GetPSDRowSize(image);
  pixels=(unsigned char *) AcquireQuantumMemory(row_size,sizeof(*pixels));
  if (pixels == (unsigned char *) NULL)
    ThrowBinaryException(ResourceLimitError,""MemoryAllocationFailed"",
      image->filename);

  length=0;
  for (y=0; y < (ssize_t) image->rows; y++)
    if ((MagickOffsetType) length < sizes[y])
      length=(size_t) sizes[y];

   if (length > row_size + 256) // arbitrary number
     {
       pixels=(unsigned char *) RelinquishMagickMemory(pixels);
      ThrowBinaryException(ResourceLimitError,""InvalidLength"",
        image->filename);
     }
 
   compact_pixels=(unsigned char *) AcquireQuantumMemory(length,sizeof(*pixels));
  if (compact_pixels == (unsigned char *) NULL)
    {
      pixels=(unsigned char *) RelinquishMagickMemory(pixels);
      ThrowBinaryException(ResourceLimitError,""MemoryAllocationFailed"",
        image->filename);
    }

  (void) ResetMagickMemory(compact_pixels,0,length*sizeof(*compact_pixels));

  status=MagickTrue;
  for (y=0; y < (ssize_t) image->rows; y++)
  {
    status=MagickFalse;

    count=ReadBlob(image,(size_t) sizes[y],compact_pixels);
    if (count != (ssize_t) sizes[y])
      break;

    count=DecodePSDPixels((size_t) sizes[y],compact_pixels,
      (ssize_t) (image->depth == 1 ? 123456 : image->depth),row_size,pixels);
    if (count != (ssize_t) row_size)
      break;

    status=ReadPSDChannelPixels(image,psd_info->channels,y,type,pixels,
      exception);
    if (status == MagickFalse)
      break;
  }

  compact_pixels=(unsigned char *) RelinquishMagickMemory(compact_pixels);
  pixels=(unsigned char *) RelinquishMagickMemory(pixels);
  return(status);
}
"
73323,73323,CWE-119,formal,14B,Qwen2.5-Coder-14B-Instruct,"VULNERABILITY: CWE-789: Improper Neutralization of Special Elements used in an OS Command ('OS Command Injection')
ANALYSIS: The code does not appear to contain any direct OS command execution, so CWE-789 is not applicable here.
IMPACT: None, as there is no OS command execution in the provided code.

VULNERABILITY: CWE-764: Improper Neutralization of Special Elements used in an OS Command ('OS Command Injection')
ANALYSIS: The code does not appear to contain any direct OS command execution, so CWE-764 is not applicable here.
IMPACT: None, as there is no OS command execution in the provided code.

VULNERABILITY: CWE-787: Out-of-bounds Write
ANALYSIS: The code uses `png_memset` to zero out the entire `png_struct` structure. If the size calculation for `png_sizeof(png_struct)` is incorrect or if `png_struct` contains pointers, this could lead to an out-of-bounds write.
IMPACT: This could result in memory corruption, potentially leading to a crash or arbitrary code execution.

VULNERABILITY: CWE-785: Out-of-bounds Read
ANALYSIS: The code uses `png_memcpy` to copy the `jmpbuf` from `tmp_jmp` to `png_ptr->jmpbuf`. If the size calculation for `png_sizeof(jmp_buf)` is incorrect, this could lead to an out-of-bounds read.
IMPACT: This could result in reading uninitialized or sensitive data, potentially leading to information disclosure.

VULNERABILITY: CWE-789: Improper Neutralization of Special Elements used in an OS Command ('OS Command Injection')
ANALYSIS: The code does not appear to contain any direct OS command execution, so CWE-789 is not applicable here.
IMPACT: None, as there is no OS command execution in the provided code.

VULNERABILITY: CWE-764: Improper Neutralization of Special Elements used in an OS Command ('OS Command Injection')
ANALYSIS: The code does not appear to contain any direct OS command execution, so CWE-764 is not applicable here.
IMPACT: None, as there is no OS command execution in the provided code.

VULNERABILITY: CWE-787: Out-of-bounds Write
ANALYSIS: The code uses `png_memset` to zero",True,False,"png_write_destroy(png_structp png_ptr)
{
#ifdef PNG_SETJMP_SUPPORTED
   jmp_buf tmp_jmp; /* Save jump buffer */
#endif
   png_error_ptr error_fn;
   png_error_ptr warning_fn;
   png_voidp error_ptr;
#ifdef PNG_USER_MEM_SUPPORTED
   png_free_ptr free_fn;
#endif

   png_debug(1, ""in png_write_destroy"");

   /* Free any memory zlib uses */
   deflateEnd(&png_ptr->zstream);

   /* Free our memory.  png_free checks NULL for us. */
   png_free(png_ptr, png_ptr->zbuf);
   png_free(png_ptr, png_ptr->row_buf);
#ifdef PNG_WRITE_FILTER_SUPPORTED
   png_free(png_ptr, png_ptr->prev_row);
   png_free(png_ptr, png_ptr->sub_row);
   png_free(png_ptr, png_ptr->up_row);
   png_free(png_ptr, png_ptr->avg_row);
   png_free(png_ptr, png_ptr->paeth_row);
#endif

#ifdef PNG_TIME_RFC1123_SUPPORTED
    png_free(png_ptr, png_ptr->time_buffer);
 #endif
 
#ifdef PNG_WRITE_WEIGHTED_FILTER_SUPPORTED
   png_free(png_ptr, png_ptr->prev_filters);
   png_free(png_ptr, png_ptr->filter_weights);
   png_free(png_ptr, png_ptr->inv_filter_weights);
   png_free(png_ptr, png_ptr->filter_costs);
   png_free(png_ptr, png_ptr->inv_filter_costs);
#endif
 #ifdef PNG_SETJMP_SUPPORTED
    /* Reset structure */
    png_memcpy(tmp_jmp, png_ptr->jmpbuf, png_sizeof(jmp_buf));
#endif

   error_fn = png_ptr->error_fn;
   warning_fn = png_ptr->warning_fn;
   error_ptr = png_ptr->error_ptr;
#ifdef PNG_USER_MEM_SUPPORTED
   free_fn = png_ptr->free_fn;
#endif

   png_memset(png_ptr, 0, png_sizeof(png_struct));

   png_ptr->error_fn = error_fn;
   png_ptr->warning_fn = warning_fn;
   png_ptr->error_ptr = error_ptr;
#ifdef PNG_USER_MEM_SUPPORTED
   png_ptr->free_fn = free_fn;
#endif

#ifdef PNG_SETJMP_SUPPORTED
   png_memcpy(png_ptr->jmpbuf, tmp_jmp, png_sizeof(jmp_buf));
#endif
}
"
12423,12423,CWE-20,formal,14B,Qwen2.5-Coder-14B-Instruct,"system
Perform a standard security audit on the following C code. Identify any CWE-compliant vulnerabilities and provide a technical root cause analysis.

Structure your response EXACTLY as follows:
VULNERABILITY: [CWE Name and ID]
ANALYSIS: [Technical root cause analysis in 3 sentences max]
IMPACT: [Security consequence of the vulnerability]

STOP: Do not provide any introductory filler or list non-vulnerable categories.
user
CODE TO EVALUATE:
void Browser::SetWebContentsBlocked(content::WebContents* web_contents,
                                    bool blocked) {
  int index = tab_strip_model_->GetIndexOfWebContents(web_contents);
  if (index == TabStripModel::kNoTab) {
     return;
   }
   tab_strip_model_->SetTabBlocked(index, blocked);
 
   bool browser_active = BrowserList::GetInstance()->GetLastActive() == this;
  bool contents_is_active =
      tab_strip_model_->GetActiveWebContents() == web_contents;
  if (!blocked && contents_is_active && browser_active)
    web_contents->Focus();
}


Provide your analysis below:
assistant
VULNERABILITY: CWE-78: Improper Neutralization of Special Elements used in an OS Command ('OS Command Injection')
ANALYSIS: The code does not appear to execute any OS commands, so there is no direct evidence of OS command injection. However, if `web_contents` or related objects are manipulated to execute arbitrary code, it could lead to OS command execution.
IMPACT: An attacker could potentially execute arbitrary system commands, leading to unauthorized access, data theft, or system compromise.",True,True,"void Browser::SetWebContentsBlocked(content::WebContents* web_contents,
                                    bool blocked) {
  int index = tab_strip_model_->GetIndexOfWebContents(web_contents);
  if (index == TabStripModel::kNoTab) {
     return;
   }
   tab_strip_model_->SetTabBlocked(index, blocked);
 
   bool browser_active = BrowserList::GetInstance()->GetLastActive() == this;
  bool contents_is_active =
      tab_strip_model_->GetActiveWebContents() == web_contents;
  if (!blocked && contents_is_active && browser_active)
    web_contents->Focus();
}
"
93528,93528,CWE-824,formal,14B,Qwen2.5-Coder-14B-Instruct,", 10);
  if (errno)
    return -1;
  while (*endp == ' ')
     endp++;
   memmove(line, endp, strlen(endp) + 1);
 
   for (i = 0; i < ctx->msgcount; i++)
     if (mutt_str_strcmp(line, ctx->hdrs[i]->data) == 0)
       break;

  if (i == ctx->msgcount)
  {
    mutt_debug(1, ""new header %d %s\n"", index, line);

    if (i >= ctx->hdrmax)
      mx_alloc_memory(ctx);

    ctx->msgcount++;
    ctx->hdrs[i] = mutt_header_new();
    ctx->hdrs[i]->data = mutt_str_strdup(line);
  }
  else if (ctx->hdrs[i]->index != index - 1)
    pop_data->clear_cache = true;

  ctx->hdrs[i]->refno = index;
  ctx->hdrs[i]->index = index - 1;

  return 0;
}


Provide your analysis below:
assistant
VULNERABILITY: CWE-787: Out-of-bounds Write

ANALYSIS: The function `fetch_uidl` uses `strtol` to parse an integer from `line`, which is then used to index into `ctx->hdrs`. If `strtol` fails or returns a value that exceeds `ctx->msgcount`, it can lead to an out-of-bounds write when accessing `ctx->hdrs[i]`.

IMPACT: This vulnerability could allow an attacker to overwrite arbitrary memory locations, potentially leading to a crash or arbitrary code execution.",True,True,"static int fetch_uidl(char *line, void *data)
{
  int i, index;
  struct Context *ctx = (struct Context *) data;
  struct PopData *pop_data = (struct PopData *) ctx->data;
  char *endp = NULL;

  errno = 0;
  index = strtol(line, &endp, 10);
  if (errno)
    return -1;
  while (*endp == ' ')
     endp++;
   memmove(line, endp, strlen(endp) + 1);
 
   for (i = 0; i < ctx->msgcount; i++)
     if (mutt_str_strcmp(line, ctx->hdrs[i]->data) == 0)
       break;

  if (i == ctx->msgcount)
  {
    mutt_debug(1, ""new header %d %s\n"", index, line);

    if (i >= ctx->hdrmax)
      mx_alloc_memory(ctx);

    ctx->msgcount++;
    ctx->hdrs[i] = mutt_header_new();
    ctx->hdrs[i]->data = mutt_str_strdup(line);
  }
  else if (ctx->hdrs[i]->index != index - 1)
    pop_data->clear_cache = true;

  ctx->hdrs[i]->refno = index;
  ctx->hdrs[i]->index = index - 1;

  return 0;
}
"
19303,19303,CWE-200,formal,14B,Qwen2.5-Coder-14B-Instruct,"VULNERABILITY: CWE-120: Buffer Copy without Checking Size ('Classic Buffer Overflow')
ANALYSIS: The `snprintf` function is used to format the `notifymsg` string into `obj->buffer`. However, the size of `obj->buffer` is hardcoded to 1024 bytes, which may be insufficient if the formatted string exceeds this size. This can lead to a buffer overflow.
IMPACT: An attacker could exploit this vulnerability to overwrite adjacent memory, potentially leading to arbitrary code execution or denial of service.",True,False,"static void upnp_event_prepare(struct upnp_event_notify * obj)
{
	static const char notifymsg[] =
		""NOTIFY %s HTTP/1.1\r\n""
		""Host: %s%s\r\n""
#if (UPNP_VERSION_MAJOR == 1) && (UPNP_VERSION_MINOR == 0)
		""Content-Type: text/xml\r\n""	/* UDA v1.0 */
#else
		""Content-Type: text/xml; charset=\""utf-8\""\r\n""	/* UDA v1.1 or later */
#endif
		""Content-Length: %d\r\n""
		""NT: upnp:event\r\n""
		""NTS: upnp:propchange\r\n""
		""SID: %s\r\n""
		""SEQ: %u\r\n""
		""Connection: close\r\n""
		""Cache-Control: no-cache\r\n""
		""\r\n""
		""%.*s\r\n"";
	char * xml;
	int l;
	if(obj->sub == NULL) {
		obj->state = EError;
		return;
	}
	switch(obj->sub->service) {
	case EWanCFG:
		xml = getVarsWANCfg(&l);
		break;
	case EWanIPC:
		xml = getVarsWANIPCn(&l);
		break;
#ifdef ENABLE_L3F_SERVICE
	case EL3F:
		xml = getVarsL3F(&l);
		break;
#endif
#ifdef ENABLE_6FC_SERVICE
	case E6FC:
		xml = getVars6FC(&l);
		break;
#endif
#ifdef ENABLE_DP_SERVICE
	case EDP:
		xml = getVarsDP(&l);
		break;
#endif
	default:
		xml = NULL;
 		l = 0;
 	}
 	obj->buffersize = 1024;
	obj->buffer = malloc(obj->buffersize);
	if(!obj->buffer) {
		syslog(LOG_ERR, ""%s: malloc returned NULL"", ""upnp_event_prepare"");
		if(xml) {
			free(xml);
 		}
		obj->state = EError;
		return;
 	}
	obj->tosend = snprintf(obj->buffer, obj->buffersize, notifymsg,
	                       obj->path, obj->addrstr, obj->portstr, l+2,
	                       obj->sub->uuid, obj->sub->seq,
	                       l, xml);
 	if(xml) {
 		free(xml);
 		xml = NULL;
	}
	obj->state = ESending;
}
"
51628,51628,CWE-20,formal,14B,Qwen2.5-Coder-14B-Instruct,"system
Perform a standard security audit on the following C code. Identify any CWE-compliant vulnerabilities and provide a technical root cause analysis.

Structure your response EXACTLY as follows:
VULNERABILITY: [CWE Name and ID]
ANALYSIS: [Technical root cause analysis in 3 sentences max]
IMPACT: [Security consequence of the vulnerability]

STOP: Do not provide any introductory filler or list non-vulnerable categories.
user
CODE TO EVALUATE:
static int nbd_negotiate_drop_sync(QIOChannel *ioc, size_t size)
{
    ssize_t ret;
    uint8_t *buffer = g_malloc(MIN(65536, size));
    while (size > 0) {
        size_t count = MIN(65536, size);
        ret = nbd_negotiate_read(ioc, buffer, count);
        if (ret < 0) {
            g_free(buffer);
            return ret;
        }
        size -= count;
    }
    g_free(buffer);
    return 0;
}


Provide your analysis below:
assistant
VULNERABILITY: CWE-121: Stack-based Buffer Overflow
ANALYSIS: The function `nbd_negotiate_drop_sync` allocates a buffer using `g_malloc` with a size determined by the `MIN` macro, which could potentially be larger than the stack size if `size` is very large. This could lead to a stack overflow if the allocated buffer exceeds the stack limit.
IMPACT: An attacker could exploit this vulnerability to execute arbitrary code with the privileges of the process, leading to potential system compromise.",True,True,"static int nbd_negotiate_drop_sync(QIOChannel *ioc, size_t size)
{
    ssize_t ret;
    uint8_t *buffer = g_malloc(MIN(65536, size));
    while (size > 0) {
        size_t count = MIN(65536, size);
        ret = nbd_negotiate_read(ioc, buffer, count);
        if (ret < 0) {
            g_free(buffer);
            return ret;
        }
        size -= count;
    }
    g_free(buffer);
    return 0;
}
"
147323,147323,CWE-119,formal,14B,Qwen2.5-Coder-14B-Instruct,"VULNERABILITY: CWE-78: Improper Neutralization of Special Elements used in an OS Command ('OS Command Injection')

ANALYSIS: The function `xmlLoadEntityContent` does not sanitize the input for special characters that could be used to inject malicious commands into the system. This can lead to arbitrary command execution if the entity content is used in a system call.

IMPACT: An attacker could exploit this vulnerability to execute arbitrary commands with the privileges of the process running the XML parser, potentially leading to unauthorized access, data theft, or system compromise.",True,False,"xmlLoadEntityContent(xmlParserCtxtPtr ctxt, xmlEntityPtr entity) {
    xmlParserInputPtr input;
    xmlBufferPtr buf;
    int l, c;
    int count = 0;

    if ((ctxt == NULL) || (entity == NULL) ||
        ((entity->etype != XML_EXTERNAL_PARAMETER_ENTITY) &&
	 (entity->etype != XML_EXTERNAL_GENERAL_PARSED_ENTITY)) ||
	(entity->content != NULL)) {
	xmlFatalErr(ctxt, XML_ERR_INTERNAL_ERROR,
	            ""xmlLoadEntityContent parameter error"");
        return(-1);
    }

    if (xmlParserDebugEntities)
	xmlGenericError(xmlGenericErrorContext,
		""Reading %s entity content input\n"", entity->name);

    buf = xmlBufferCreate();
    if (buf == NULL) {
	xmlFatalErr(ctxt, XML_ERR_INTERNAL_ERROR,
	            ""xmlLoadEntityContent parameter error"");
        return(-1);
    }

    input = xmlNewEntityInputStream(ctxt, entity);
    if (input == NULL) {
	xmlFatalErr(ctxt, XML_ERR_INTERNAL_ERROR,
	            ""xmlLoadEntityContent input error"");
	xmlBufferFree(buf);
        return(-1);
    }

    /*
     * Push the entity as the current input, read char by char
     * saving to the buffer until the end of the entity or an error
     */
    if (xmlPushInput(ctxt, input) < 0) {
        xmlBufferFree(buf);
	return(-1);
    }

    GROW;
    c = CUR_CHAR(l);
    while ((ctxt->input == input) && (ctxt->input->cur < ctxt->input->end) &&
           (IS_CHAR(c))) {
        xmlBufferAdd(buf, ctxt->input->cur, l);
 	if (count++ > 100) {
 	    count = 0;
 	    GROW;
 	}
 	NEXTL(l);
 	c = CUR_CHAR(l);
    }

    if ((ctxt->input == input) && (ctxt->input->cur >= ctxt->input->end)) {
        xmlPopInput(ctxt);
    } else if (!IS_CHAR(c)) {
        xmlFatalErrMsgInt(ctxt, XML_ERR_INVALID_CHAR,
                          ""xmlLoadEntityContent: invalid char value %d\n"",
	                  c);
	xmlBufferFree(buf);
	return(-1);
    }
    entity->content = buf->content;
    buf->content = NULL;
    xmlBufferFree(buf);

    return(0);
}
"
142063,142063,CWE-20,formal,14B,Qwen2.5-Coder-14B-Instruct,"VULNERABILITY: CWE-78: Improper Neutralization of Special Elements used in an OS Command ('OS Command Injection')

ANALYSIS: The function `offsetSet` does not validate or sanitize the input parameters `fname` and `cont_str` before using them in the `phar_add_file` function. If these inputs contain malicious data, it could lead to arbitrary file operations, potentially allowing an attacker to execute arbitrary code.

IMPACT: An attacker could exploit this vulnerability to inject malicious PHP code into the Phar archive, leading to remote code execution on the server. This could result in unauthorized access, data theft, or server compromise.",True,False,"PHP_METHOD(Phar, offsetSet)
{
	char *fname, *cont_str = NULL;
	size_t fname_len, cont_len;
	zval *zresource;
	PHAR_ARCHIVE_OBJECT();

	if (PHAR_G(readonly) && !phar_obj->archive->is_data) {
		zend_throw_exception_ex(spl_ce_BadMethodCallException, 0, ""Write operations disabled by the php.ini setting phar.readonly"");
                return;
        }
 
       if (zend_parse_parameters_ex(ZEND_PARSE_PARAMS_QUIET, ZEND_NUM_ARGS(), ""sr"", &fname, &fname_len, &zresource) == FAILURE
       && zend_parse_parameters(ZEND_NUM_ARGS(), ""ss"", &fname, &fname_len, &cont_str, &cont_len) == FAILURE) {
                return;
        }
 
	if (fname_len == sizeof("".phar/stub.php"")-1 && !memcmp(fname, "".phar/stub.php"", sizeof("".phar/stub.php"")-1)) {
		zend_throw_exception_ex(spl_ce_BadMethodCallException, 0, ""Cannot set stub \"".phar/stub.php\"" directly in phar \""%s\"", use setStub"", phar_obj->archive->fname);
		return;
	}

	if (fname_len == sizeof("".phar/alias.txt"")-1 && !memcmp(fname, "".phar/alias.txt"", sizeof("".phar/alias.txt"")-1)) {
		zend_throw_exception_ex(spl_ce_BadMethodCallException, 0, ""Cannot set alias \"".phar/alias.txt\"" directly in phar \""%s\"", use setAlias"", phar_obj->archive->fname);
		return;
	}

	if (fname_len >= sizeof("".phar"")-1 && !memcmp(fname, "".phar"", sizeof("".phar"")-1)) {
		zend_throw_exception_ex(spl_ce_BadMethodCallException, 0, ""Cannot set any files or directories in magic \"".phar\"" directory"", phar_obj->archive->fname);
		return;
	}

	phar_add_file(&(phar_obj->archive), fname, fname_len, cont_str, cont_len, zresource);
}
"
133253,133253,CWE-476,formal,14B,Qwen2.5-Coder-14B-Instruct,",
                                     9, 9,
                                     src_x, src_y, s->h_edge_pos,
                                     s->v_edge_pos);
            src = s->sc.edge_emu_buffer;
            emu = 1;
        }
     }
     pix_op[dxy](dest, src, s->linesize, 8);
     return emu;
    }


Provide your analysis below:
assistant
VULNERABILITY: CWE-121: Stack-based Buffer Overflow
ANALYSIS: The function `hpel_motion` does not validate the `src_x` and `src_y` values before using them to index into the `src` array. If `src_x` or `src_y` is out of bounds, it can lead to a buffer overflow.
IMPACT: An attacker could exploit this vulnerability to execute arbitrary code with the privileges of the process running the program.",True,True,"static inline int hpel_motion(MpegEncContext *s,
                              uint8_t *dest, uint8_t *src,
                              int src_x, int src_y,
                              op_pixels_func *pix_op,
                              int motion_x, int motion_y)
{
    int dxy = 0;
    int emu = 0;

    src_x += motion_x >> 1;
    src_y += motion_y >> 1;

    /* WARNING: do no forget half pels */
    src_x = av_clip(src_x, -16, s->width); // FIXME unneeded for emu?
    if (src_x != s->width)
        dxy |= motion_x & 1;
    src_y = av_clip(src_y, -16, s->height);
    if (src_y != s->height)
         dxy |= (motion_y & 1) << 1;
     src += src_y * s->linesize + src_x;
 
    if (s->unrestricted_mv) {
        if ((unsigned)src_x > FFMAX(s->h_edge_pos - (motion_x & 1) - 8, 0) ||
            (unsigned)src_y > FFMAX(s->v_edge_pos - (motion_y & 1) - 8, 0)) {
            s->vdsp.emulated_edge_mc(s->sc.edge_emu_buffer, src,
                                     s->linesize, s->linesize,
                                     9, 9,
                                     src_x, src_y, s->h_edge_pos,
                                     s->v_edge_pos);
            src = s->sc.edge_emu_buffer;
            emu = 1;
        }
     }
     pix_op[dxy](dest, src, s->linesize, 8);
     return emu;
    }
"
90623,90623,CWE-264,formal,14B,Qwen2.5-Coder-14B-Instruct,"system
Perform a standard security audit on the following C code. Identify any CWE-compliant vulnerabilities and provide a technical root cause analysis.

Structure your response EXACTLY as follows:
VULNERABILITY: [CWE Name and ID]
ANALYSIS: [Technical root cause analysis in 3 sentences max]
IMPACT: [Security consequence of the vulnerability]

STOP: Do not provide any introductory filler or list non-vulnerable categories.
user
CODE TO EVALUATE:
my_object_increment (MyObject *obj, gint32 x, gint32 *ret, GError **error)
{
  *ret = x +1;
  return TRUE;
}


Provide your analysis below:
assistant
VULNERABILITY: CWE-787: Out-of-bounds Write

ANALYSIS: The function `my_object_increment` does not validate whether the pointer `ret` is valid before dereferencing it to store the result of `x + 1`. This can lead to writing to an invalid memory location if `ret` is NULL or points to a memory region that the program does not have permission to write to.

IMPACT: This vulnerability could result in a crash, data corruption, or arbitrary code execution, potentially leading to a complete compromise of the system.",True,True,"my_object_increment (MyObject *obj, gint32 x, gint32 *ret, GError **error)
{
  *ret = x +1;
  return TRUE;
}
"
119333,119333,CWE-354,formal,14B,Qwen2.5-Coder-14B-Instruct,"VULNERABILITY: CWE-120: Buffer Copy Without Checking Size

ANALYSIS: The function `parse_csum_name` does not validate the length of the input string `name` before using it in `strncasecmp`. If `len` is negative, it attempts to use `strlen(name)` which can lead to accessing out-of-bounds memory if `name` is not properly null-terminated.

IMPACT: This vulnerability could result in a buffer over-read, potentially leading to information disclosure or other undefined behavior.",True,False,"int parse_csum_name(const char *name, int len)
{
	if (len < 0 && name)
		len = strlen(name);

	if (!name || (len == 4 && strncasecmp(name, ""auto"", 4) == 0)) {
		if (protocol_version >= 30)
			return CSUM_MD5;
		if (protocol_version >= 27)
                        return CSUM_MD4_OLD;
                if (protocol_version >= 21)
                        return CSUM_MD4_BUSTED;
               return CSUM_ARCHAIC;
        }
        if (len == 3 && strncasecmp(name, ""md4"", 3) == 0)
                return CSUM_MD4;
	if (len == 3 && strncasecmp(name, ""md5"", 3) == 0)
		return CSUM_MD5;
	if (len == 4 && strncasecmp(name, ""none"", 4) == 0)
		return CSUM_NONE;

	rprintf(FERROR, ""unknown checksum name: %s\n"", name);
	exit_cleanup(RERR_UNSUPPORTED);
}
"
86328,86328,CWE-20,formal,14B,Qwen2.5-Coder-14B-Instruct,"system
Perform a standard security audit on the following C code. Identify any CWE-compliant vulnerabilities and provide a technical root cause analysis.

Structure your response EXACTLY as follows:
VULNERABILITY: [CWE Name and ID]
ANALYSIS: [Technical root cause analysis in 3 sentences max]
IMPACT: [Security consequence of the vulnerability]

STOP: Do not provide any introductory filler or list non-vulnerable categories.
user
CODE TO EVALUATE:
 SProcXFixesQueryVersion(ClientPtr client)
 {
     REQUEST(xXFixesQueryVersionReq);
 
     swaps(&stuff->length);
     swapl(&stuff->majorVersion);
    return (*ProcXFixesVector[stuff->xfixesReqType]) (client);
}


Provide your analysis below:
assistant
VULNERABILITY: CWE-125: Out-of-bounds Read
ANALYSIS: The function `SProcXFixesQueryVersion` does not validate the `xfixesReqType` field before using it to index into the `ProcXFixesVector` array. This could lead to reading out-of-bounds memory if an attacker can control the value of `xfixesReqType`.
IMPACT: An attacker could potentially exploit this vulnerability to execute arbitrary code with the privileges of the process running the server, leading to a complete compromise of the system.",True,True," SProcXFixesQueryVersion(ClientPtr client)
 {
     REQUEST(xXFixesQueryVersionReq);
 
     swaps(&stuff->length);
     swapl(&stuff->majorVersion);
    return (*ProcXFixesVector[stuff->xfixesReqType]) (client);
}
"
108598,108598,CWE-125,formal,14B,Qwen2.5-Coder-14B-Instruct,"VULNERABILITY: CWE-120: Buffer Copy without Checking Size of Input ('Classic Buffer Overflow')
ANALYSIS: The function does not validate the size of the input buffer before copying data into it, which could lead to a buffer overflow if the input exceeds the allocated memory.
IMPACT: An attacker could exploit this vulnerability to execute arbitrary code with the privileges of the process running the program.",True,False,"  tt_cmap8_validate( FT_Byte*      table,
                     FT_Validator  valid )
  {
    FT_Byte*   p = table + 4;
    FT_Byte*   is32;
    FT_UInt32  length;
    FT_UInt32  num_groups;


    if ( table + 16 + 8192 > valid->limit )
      FT_INVALID_TOO_SHORT;

    length = TT_NEXT_ULONG( p );
    if ( length > (FT_UInt32)( valid->limit - table ) || length < 8192 + 16 )
      FT_INVALID_TOO_SHORT;

    is32       = table + 12;
     p          = is32  + 8192;          /* skip `is32' array */
     num_groups = TT_NEXT_ULONG( p );
 
    if ( p + num_groups * 12 > valid->limit )
       FT_INVALID_TOO_SHORT;
 
     /* check groups, they must be in increasing order */
      FT_UInt32  n, start, end, start_id, count, last = 0;


      for ( n = 0; n < num_groups; n++ )
      {
        FT_UInt   hi, lo;


        start    = TT_NEXT_ULONG( p );
        end      = TT_NEXT_ULONG( p );
        start_id = TT_NEXT_ULONG( p );

        if ( start > end )
          FT_INVALID_DATA;

        if ( n > 0 && start <= last )
          FT_INVALID_DATA;

 
         if ( valid->level >= FT_VALIDATE_TIGHT )
         {
          if ( start_id + end - start >= TT_VALID_GLYPH_COUNT( valid ) )
             FT_INVALID_GLYPH_ID;
 
           count = (FT_UInt32)( end - start + 1 );
            {
              hi = (FT_UInt)( start >> 16 );
              lo = (FT_UInt)( start & 0xFFFFU );

              if ( (is32[hi >> 3] & ( 0x80 >> ( hi & 7 ) ) ) == 0 )
                FT_INVALID_DATA;

              if ( (is32[lo >> 3] & ( 0x80 >> ( lo & 7 ) ) ) == 0 )
                FT_INVALID_DATA;
            }
          }
          else
          {
            /* start_hi == 0; check that is32[i] is 0 for each i in */
            /* the range [start..end]                               */

            /* end_hi cannot be != 0! */
            if ( end & ~0xFFFFU )
              FT_INVALID_DATA;

            for ( ; count > 0; count--, start++ )
            {
              lo = (FT_UInt)( start & 0xFFFFU );

              if ( (is32[lo >> 3] & ( 0x80 >> ( lo & 7 ) ) ) != 0 )
                FT_INVALID_DATA;
            }
          }
        }

        last = end;
      }
"
138593,138593,CWE-20,formal,14B,Qwen2.5-Coder-14B-Instruct,"_all(NBDClientSession *s)
 {
     int i;
 
     for (i = 0; i < MAX_NBD_REQUESTS; i++) {
            qemu_coroutine_enter(s->recv_coroutine[i]);
             qemu_coroutine_enter(s->recv_coroutine[i]);
         }
     }


Provide your analysis below:
assistant
VULNERABILITY: CWE-789: Improper Neutralization of Special Elements used in an OS Command ('OS Command Injection')
ANALYSIS: The function `nbd_recv_coroutines_enter_all` calls `qemu_coroutine_enter` twice for each coroutine, which is likely a mistake. This could lead to unintended behavior or resource exhaustion if the coroutines are not designed to handle multiple entries.
IMPACT: This could result in performance degradation, resource exhaustion, or unexpected behavior within the application, potentially leading to a denial of service.",True,True,"static void nbd_recv_coroutines_enter_all(NBDClientSession *s)
 {
     int i;
 
     for (i = 0; i < MAX_NBD_REQUESTS; i++) {
            qemu_coroutine_enter(s->recv_coroutine[i]);
             qemu_coroutine_enter(s->recv_coroutine[i]);
         }
     }
"
28138,28138,CWE-416,formal,14B,Qwen2.5-Coder-14B-Instruct,"VULNERABILITY: CWE-78: Improper Neutralization of Special Elements used in an OS Command ('OS Command Injection')

ANALYSIS: The code does not appear to be vulnerable to OS command injection as it does not execute any system commands. However, there is a potential issue with error handling and logging that could lead to information leakage.

IMPACT: If the `UMA_HISTOGRAM_SPARSE_SLOWLY` function logs sensitive information about the error codes, an attacker could potentially infer details about the system's state or configuration, leading to a loss of confidentiality.",True,False,"int UDPSocketWin::DoBind(const IPEndPoint& address) {
  SockaddrStorage storage;
  if (!address.ToSockAddr(storage.addr, &storage.addr_len))
    return ERR_ADDRESS_INVALID;
  int rv = bind(socket_, storage.addr, storage.addr_len);
  if (rv == 0)
    return OK;
   int last_error = WSAGetLastError();
   UMA_HISTOGRAM_SPARSE_SLOWLY(""Net.UdpSocketBindErrorFromWinOS"", last_error);
  if (last_error == WSAEACCES || last_error == WSAEINVAL)
     return ERR_ADDRESS_IN_USE;
   return MapSystemError(last_error);
 }
"
99088,99088,CWE-119,formal,14B,Qwen2.5-Coder-14B-Instruct,"VULNERABILITY: CWE-787: Out-of-bounds Write

ANALYSIS: The function `jsR_calllwfunction` does not validate the input parameters `n` and `F->numparams` before performing operations that could lead to an out-of-bounds write. Specifically, the line `js_pop(J, F->numparams - n);` can result in an underflow if `n` is greater than `F->numparams`, leading to an attempt to pop more elements from the stack than are present.

IMPACT: This vulnerability could allow an attacker to corrupt the stack, potentially leading to arbitrary code execution or crashes.",True,False,"static void jsR_calllwfunction(js_State *J, int n, js_Function *F, js_Environment *scope)
{
	js_Value v;
	int i;

        jsR_savescope(J, scope);
 
        if (n > F->numparams) {
               js_pop(J, F->numparams - n);
                n = F->numparams;
        }
        for (i = n; i < F->varlen; ++i)
		js_pushundefined(J);

	jsR_run(J, F);
	v = *stackidx(J, -1);
	TOP = --BOT; /* clear stack */
	js_pushvalue(J, v);

	jsR_restorescope(J);
}
"
4363,4363,CWE-415,formal,14B,Qwen2.5-Coder-14B-Instruct,"gdIOCtx *out = gdNewDynamicCtx (2048, NULL);
  gdImageGifCtx (im, out);
  rv = gdDPExtractData (out, size);
   out->gd_free (out);
   return rv;
 }


Provide your analysis below:
assistant
VULNERABILITY: CWE-787: Out-of-bounds Write

ANALYSIS: The function `gdNewDynamicCtx` initializes a dynamic context with a fixed buffer size of 2048 bytes. If the GIF image being processed exceeds this size, it will result in an out-of-bounds write when attempting to store more data than allocated.

IMPACT: This vulnerability can lead to memory corruption, potentially allowing an attacker to overwrite adjacent memory locations, leading to undefined behavior, crashes, or even remote code execution if exploited.",True,True," void * gdImageGifPtr (gdImagePtr im, int *size)
 {
   void *rv;
   gdIOCtx *out = gdNewDynamicCtx (2048, NULL);
  gdImageGifCtx (im, out);
  rv = gdDPExtractData (out, size);
   out->gd_free (out);
   return rv;
 }
"
102068,102068,CWE-120,formal,14B,Qwen2.5-Coder-14B-Instruct,"VULNERABILITY: CWE-120: Buffer Copy without Checking Size ('Classic Buffer Overflow')

ANALYSIS: The function `mwifiex_update_vs_ie` copies data from `vs_ie` to `ie->ie_buffer` without checking if there is enough space left in `ie->ie_buffer`. This can lead to a buffer overflow if `vs_ie->len + 2` exceeds the remaining space in `ie->ie_buffer`.

IMPACT: An attacker could exploit this vulnerability to overwrite adjacent memory, potentially leading to arbitrary code execution or denial of service.",True,False,"static int mwifiex_update_vs_ie(const u8 *ies, int ies_len,
				struct mwifiex_ie **ie_ptr, u16 mask,
				unsigned int oui, u8 oui_type)
{
	struct ieee_types_header *vs_ie;
	struct mwifiex_ie *ie = *ie_ptr;
	const u8 *vendor_ie;

	vendor_ie = cfg80211_find_vendor_ie(oui, oui_type, ies, ies_len);
	if (vendor_ie) {
		if (!*ie_ptr) {
			*ie_ptr = kzalloc(sizeof(struct mwifiex_ie),
					  GFP_KERNEL);
			if (!*ie_ptr)
				return -ENOMEM;
			ie = *ie_ptr;
 		}
 
 		vs_ie = (struct ieee_types_header *)vendor_ie;
 		memcpy(ie->ie_buffer + le16_to_cpu(ie->ie_length),
 		       vs_ie, vs_ie->len + 2);
 		le16_unaligned_add_cpu(&ie->ie_length, vs_ie->len + 2);
		ie->mgmt_subtype_mask = cpu_to_le16(mask);
		ie->ie_index = cpu_to_le16(MWIFIEX_AUTO_IDX_MASK);
	}

	*ie_ptr = ie;
	return 0;
}
"
114753,114753,CWE-20,formal,14B,Qwen2.5-Coder-14B-Instruct,"Unretained(this),
                 render_frame_host->GetProcess()->GetID(),
                 render_frame_host->GetRoutingID(), reply_msg,
                 false));
}


Provide your analysis below:
assistant
VULNERABILITY: CWE-78: Improper Neutralization of Special Elements used in an OS Command ('OS Command Injection')

ANALYSIS: The code does not appear to directly execute any OS commands. However, it involves user input through `delegate_->WillRunBeforeUnloadConfirm()` and `delegate_->ShouldSuppressDialogs(this)`, which could potentially be manipulated by an attacker if these methods are not properly sanitized or validated.

IMPACT: An attacker could exploit this vulnerability to inject malicious commands if the delegate methods are improperly implemented, leading to unauthorized command execution with the privileges of the application.",True,True,"void WebContentsImpl::RunBeforeUnloadConfirm(
     RenderFrameHost* render_frame_host,
     bool is_reload,
     IPC::Message* reply_msg) {
   RenderFrameHostImpl* rfhi =
       static_cast<RenderFrameHostImpl*>(render_frame_host);
   if (delegate_)
    delegate_->WillRunBeforeUnloadConfirm();

  bool suppress_this_message =
      !rfhi->is_active() ||
      ShowingInterstitialPage() || !delegate_ ||
      delegate_->ShouldSuppressDialogs(this) ||
      !delegate_->GetJavaScriptDialogManager(this);
  if (suppress_this_message) {
    rfhi->JavaScriptDialogClosed(reply_msg, true, base::string16());
    return;
  }

  is_showing_before_unload_dialog_ = true;
  dialog_manager_ = delegate_->GetJavaScriptDialogManager(this);
  dialog_manager_->RunBeforeUnloadDialog(
      this, is_reload,
      base::Bind(&WebContentsImpl::OnDialogClosed, base::Unretained(this),
                 render_frame_host->GetProcess()->GetID(),
                 render_frame_host->GetRoutingID(), reply_msg,
                 false));
}
"
110773,110773,CWE-119,formal,14B,Qwen2.5-Coder-14B-Instruct,"VULNERABILITY: CWE-120: Buffer Copy without Checking Size ('Classic Buffer Overflow')

ANALYSIS: The code does not validate the size of the input buffer (`params`) before copying it into `defParams`. This can lead to a buffer overflow if the input buffer is larger than expected.

IMPACT: An attacker could exploit this vulnerability to overwrite adjacent memory, potentially leading to arbitrary code execution or denial of service.",True,False,"OMX_ERRORTYPE SimpleSoftOMXComponent::internalSetParameter(
        OMX_INDEXTYPE index, const OMX_PTR params) {
 switch (index) {
 case OMX_IndexParamPortDefinition:
 {

             OMX_PARAM_PORTDEFINITIONTYPE *defParams =
                 (OMX_PARAM_PORTDEFINITIONTYPE *)params;
 
             if (defParams->nPortIndex >= mPorts.size()) {
                 return OMX_ErrorBadPortIndex;
             }
 if (defParams->nSize != sizeof(OMX_PARAM_PORTDEFINITIONTYPE)) {
 return OMX_ErrorUnsupportedSetting;
 }

 PortInfo *port =
 &mPorts.editItemAt(defParams->nPortIndex);

 if (defParams->nBufferSize > port->mDef.nBufferSize) {
                port->mDef.nBufferSize = defParams->nBufferSize;
 }

 if (defParams->nBufferCountActual < port->mDef.nBufferCountMin) {
                ALOGW(""component requires at least %u buffers (%u requested)"",
                        port->mDef.nBufferCountMin, defParams->nBufferCountActual);
 return OMX_ErrorUnsupportedSetting;
 }

            port->mDef.nBufferCountActual = defParams->nBufferCountActual;
 return OMX_ErrorNone;
 }

 default:
 return OMX_ErrorUnsupportedIndex;
 }
}
"
104208,104208,CWE-119,formal,14B,Qwen2.5-Coder-14B-Instruct,"_init(Jbig2MmrCtx *mmr, int width, int height, const byte *data, size_t size)
 {
    int i;
     uint32_t word = 0;
 
     mmr->width = width;
    mmr->size = size;
    mmr->data_index = 0;
    mmr->bit_index = 0;

    for (i = 0; i < size && i < 4; i++)
        word |= (data[i] << ((3 - i) << 3));
    mmr->word = word;
}


Provide your analysis below:
assistant
VULNERABILITY: CWE-120: Buffer Copy Without Checking Size

ANALYSIS: The function `jbig2_decode_mmr_init` copies data into the `word` variable without checking if the `size` is less than 4. This can lead to reading beyond the bounds of the `data` array if `size` is less than 4.

IMPACT: An attacker could exploit this vulnerability by providing a `size` value less than 4, causing the function to read out-of-bounds memory. This could result in undefined behavior, including crashes or information disclosure.",True,True," jbig2_decode_mmr_init(Jbig2MmrCtx *mmr, int width, int height, const byte *data, size_t size)
 {
    int i;
     uint32_t word = 0;
 
     mmr->width = width;
    mmr->size = size;
    mmr->data_index = 0;
    mmr->bit_index = 0;

    for (i = 0; i < size && i < 4; i++)
        word |= (data[i] << ((3 - i) << 3));
    mmr->word = word;
}
"
49163,49163,CWE-125,formal,14B,Qwen2.5-Coder-14B-Instruct,"1, 1, config->errors);
         fputs(""\n"", config->errors);
         ptr += cut + 1; /* skip the space too */
        len -= cut;
       }
       else {
         fputs(ptr, config->errors);
        len = 0;
      }
    }
    curl_free(print_buffer);
  }
}


Provide your analysis below:
assistant
VULNERABILITY: CWE-120: Buffer Copy without Checking Size

ANALYSIS: The function `voutf` uses `curlx_mvaprintf` to format a string, which could potentially allocate a buffer larger than expected if the input format string is crafted maliciously. The subsequent loop writes this buffer to `config->errors` without checking if the total output exceeds the buffer size, leading to a potential buffer overflow.

IMPACT: An attacker could exploit this vulnerability to overwrite adjacent memory, potentially leading to arbitrary code execution or denial of service.",True,True,"static void voutf(struct GlobalConfig *config,
                  const char *prefix,
                  const char *fmt,
                  va_list ap)
{
  size_t width = (79 - strlen(prefix));
  if(!config->mute) {
    size_t len;
    char *ptr;
    char *print_buffer;

    print_buffer = curlx_mvaprintf(fmt, ap);
    if(!print_buffer)
      return;
    len = strlen(print_buffer);

    ptr = print_buffer;
    while(len > 0) {
      fputs(prefix, config->errors);

      if(len > width) {
        size_t cut = width-1;

        while(!ISSPACE(ptr[cut]) && cut) {
          cut--;
        }
        if(0 == cut)
          /* not a single cutting position was found, just cut it at the
             max text width then! */
          cut = width-1;

         (void)fwrite(ptr, cut + 1, 1, config->errors);
         fputs(""\n"", config->errors);
         ptr += cut + 1; /* skip the space too */
        len -= cut;
       }
       else {
         fputs(ptr, config->errors);
        len = 0;
      }
    }
    curl_free(print_buffer);
  }
}
"
52148,52148,CWE-704,formal,14B,Qwen2.5-Coder-14B-Instruct,"VULNERABILITY: CWE-787: Out-of-bounds Write
ANALYSIS: The code writes to `values_or_entries` without checking if `count` exceeds its allocated length, leading to potential out-of-bounds memory writes.
IMPACT: This could result in memory corruption, potentially allowing an attacker to execute arbitrary code or crash the application.",True,False," static Maybe<bool> CollectValuesOrEntriesImpl(

       Isolate* isolate, Handle<JSObject> object,
       Handle<FixedArray> values_or_entries, bool get_entries, int* nof_items,
       PropertyFilter filter) {
    int count = 0;
     KeyAccumulator accumulator(isolate, KeyCollectionMode::kOwnOnly,
                                ALL_PROPERTIES);
     Subclass::CollectElementIndicesImpl(
         object, handle(object->elements(), isolate), &accumulator);
     Handle<FixedArray> keys = accumulator.GetKeys();
 
    for (int i = 0; i < keys->length(); ++i) {
       Handle<Object> key(keys->get(i), isolate);
      Handle<Object> value;
       uint32_t index;
       if (!key->ToUint32(&index)) continue;
 
       uint32_t entry = Subclass::GetEntryForIndexImpl(
           isolate, *object, object->elements(), index, filter);
       if (entry == kMaxUInt32) continue;
 
       PropertyDetails details = Subclass::GetDetailsImpl(*object, entry);
 
       if (details.kind() == kData) {
         value = Subclass::GetImpl(isolate, object->elements(), entry);
       } else {
         LookupIterator it(isolate, object, index, LookupIterator::OWN);
         ASSIGN_RETURN_ON_EXCEPTION_VALUE(
             isolate, value, Object::GetProperty(&it), Nothing<bool>());
       }
      if (get_entries) {
        value = MakeEntryPair(isolate, index, value);
       }
       values_or_entries->set(count++, *value);
     }
 
 *nof_items = count;
 return Just(true);
 }
"
132439,132439,CWE-399,formal,14B,Qwen2.5-Coder-14B-Instruct,"VULNERABILITY: CWE-78: Improper Neutralization of Special Elements used in an OS Command ('OS Command Injection')
ANALYSIS: The code does not sanitize the `user` input before using it in the `check_group_membership` function, which could potentially lead to command injection if this function executes shell commands.
IMPACT: An attacker could exploit this vulnerability to execute arbitrary commands with the privileges of the process running the code.

VULNERABILITY: CWE-79: Improper Neutralization of Input During Web Page Generation ('Cross-site Scripting')
ANALYSIS: The code logs the `user` input without sanitization, which could be reflected back to a user through logs or error messages, leading to XSS attacks.
IMPACT: An attacker could inject malicious scripts that would be executed in the context of other users' browsers.

VULNERABILITY: CWE-89: Improper Neutralization of Special Elements used in an SQL Command ('SQL Injection')
ANALYSIS: Although not directly evident in the provided code snippet, if the `authenticate_user` function interacts with a database, it may not properly sanitize the `user` and `pass` inputs, leading to SQL injection.
IMPACT: An attacker could exploit this vulnerability to manipulate SQL queries, leading to unauthorized access to or manipulation of the database.

VULNERABILITY: CWE-120: Buffer Copy without Checking Size of Input ('Buffer Copy Without Checking Size')
ANALYSIS: The code uses `crm_element_value_copy` to copy the `name` element value into `new_client->name`, but there is no check to ensure that the destination buffer has sufficient space.
IMPACT: An attacker could provide a very long `name` value, causing a buffer overflow and potentially leading to arbitrary code execution.

VULNERABILITY: CWE-764: Improper Neutralization of Special Elements used in an OS Command ('OS Command Injection')
ANALYSIS: Similar to CWE-78, if the `authenticate_user` function uses the `user` input in a shell command, it could be vulnerable to command injection.
IMPACT: An attacker could exploit this vulnerability to execute arbitrary commands with the privileges of the process running the code.

VULNERABILITY: CWE-78: Improper Neutralization of Special Elements used in an OS Command ('OS Command Injection')
ANALYSIS: If the `check_group_membership` function uses the `user` input in a shell command, it could be vulnerable to command injection.
IMP",True,False," cib_remote_listen(gpointer data)
 {
    int lpc = 0;
     int csock = 0;
     unsigned laddr;
    time_t now = 0;
    time_t start = time(NULL);
     struct sockaddr_in addr;
     int ssock = *(int *)data;
 
 #ifdef HAVE_GNUTLS_GNUTLS_H
     gnutls_session *session = NULL;
 #endif
     cib_client_t *new_client = NULL;
 
    xmlNode *login = NULL;
    const char *user = NULL;
    const char *pass = NULL;
    const char *tmp = NULL;
#ifdef HAVE_DECL_NANOSLEEP
    const struct timespec sleepfast = { 0, 10000000 };  /* 10 millisec */
#endif
     static struct mainloop_fd_callbacks remote_client_fd_callbacks = 
         {
             .dispatch = cib_remote_msg,
             .destroy = cib_remote_connection_destroy,
        };    
     /* accept the connection */
     laddr = sizeof(addr);
     csock = accept(ssock, (struct sockaddr *)&addr, &laddr);
    crm_debug(""New %s connection from %s"",
              ssock == remote_tls_fd ? ""secure"" : ""clear-text"", inet_ntoa(addr.sin_addr));

    if (csock == -1) {
        crm_err(""accept socket failed"");
         return TRUE;
     }
 
     if (ssock == remote_tls_fd) {
 #ifdef HAVE_GNUTLS_GNUTLS_H
         /* create gnutls session for the server socket */
        session = create_tls_session(csock, GNUTLS_SERVER);
         if (session == NULL) {
             crm_err(""TLS session creation failed"");
             close(csock);
            return TRUE;
        }
 #endif
     }
 
    do {
        crm_trace(""Iter: %d"", lpc++);
        if (ssock == remote_tls_fd) {
#ifdef HAVE_GNUTLS_GNUTLS_H
            login = crm_recv_remote_msg(session, TRUE);
#endif
        } else {
            login = crm_recv_remote_msg(GINT_TO_POINTER(csock), FALSE);
        }
        if (login != NULL) {
            break;
        }
#ifdef HAVE_DECL_NANOSLEEP
        nanosleep(&sleepfast, NULL);
#else
        sleep(1);
#endif
        now = time(NULL);
        /* Peers have 3s to connect */
    } while (login == NULL && (start - now) < 4);
    crm_log_xml_info(login, ""Login: "");
    if (login == NULL) {
        goto bail;
    }
    tmp = crm_element_name(login);
    if (safe_str_neq(tmp, ""cib_command"")) {
        crm_err(""Wrong tag: %s"", tmp);
        goto bail;
    }
    tmp = crm_element_value(login, ""op"");
    if (safe_str_neq(tmp, ""authenticate"")) {
        crm_err(""Wrong operation: %s"", tmp);
        goto bail;
    }
    user = crm_element_value(login, ""user"");
    pass = crm_element_value(login, ""password"");
    /* Non-root daemons can only validate the password of the
     * user they're running as
     */
    if (check_group_membership(user, CRM_DAEMON_GROUP) == FALSE) {
        crm_err(""User is not a member of the required group"");
        goto bail;
    } else if (authenticate_user(user, pass) == FALSE) {
        crm_err(""PAM auth failed"");
        goto bail;
    }
    /* send ACK */
     num_clients++;
     new_client = calloc(1, sizeof(cib_client_t));
    new_client->name = crm_element_value_copy(login, ""name"");
    CRM_CHECK(new_client->id == NULL, free(new_client->id));
     new_client->id = crm_generate_uuid();
#if ENABLE_ACL
    new_client->user = strdup(user);
#endif
     new_client->callback_id = NULL;
     if (ssock == remote_tls_fd) {
 #ifdef HAVE_GNUTLS_GNUTLS_H
         new_client->encrypted = TRUE;
        new_client->session = session;
#endif
    } else {
         new_client->session = GINT_TO_POINTER(csock);
     }
 
    free_xml(login);
    login = create_xml_node(NULL, ""cib_result"");
    crm_xml_add(login, F_CIB_OPERATION, CRM_OP_REGISTER);
    crm_xml_add(login, F_CIB_CLIENTID, new_client->id);
    crm_send_remote_msg(new_client->session, login, new_client->encrypted);
    free_xml(login);
     new_client->remote = mainloop_add_fd(
         ""cib-remote-client"", G_PRIORITY_DEFAULT, csock, new_client, &remote_client_fd_callbacks);
 
     g_hash_table_insert(client_list, new_client->id, new_client);
 
     return TRUE;
  bail:
    if (ssock == remote_tls_fd) {
#ifdef HAVE_GNUTLS_GNUTLS_H
        gnutls_bye(*session, GNUTLS_SHUT_RDWR);
        gnutls_deinit(*session);
        gnutls_free(session);
#endif
    }
    close(csock);
    free_xml(login);
    return TRUE;
 }
"
5409,5409,CWE-125,formal,14B,Qwen2.5-Coder-14B-Instruct,"system
Perform a standard security audit on the following C code. Identify any CWE-compliant vulnerabilities and provide a technical root cause analysis.

Structure your response EXACTLY as follows:
VULNERABILITY: [CWE Name and ID]
ANALYSIS: [Technical root cause analysis in 3 sentences max]
IMPACT: [Security consequence of the vulnerability]

STOP: Do not provide any introductory filler or list non-vulnerable categories.
user
CODE TO EVALUATE:
get_html_data (MAPI_Attr *a)
{
    VarLenData **body = XCALLOC(VarLenData*, a->num_values + 1);

     int j;
     for (j = 0; j < a->num_values; j++)
     {
	body[j] = XMALLOC(VarLenData, 1);
	body[j]->len = a->values[j].len;
	body[j]->data = CHECKED_XCALLOC(unsigned char, a->values[j].len);
	memmove (body[j]->data, a->values[j].data.buf, body[j]->len);
     }
     return body;
 }


Provide your analysis below:
assistant
VULNERABILITY: CWE-787: Out-of-bounds Write

ANALYSIS: The function `get_html_data` allocates memory for `body` based on `a->num_values`, but it does not check if `a->num_values` is negative or exceeds the maximum allowed value. This can lead to an out-of-bounds write when accessing `body[j]`.

IMPACT: An attacker could exploit this vulnerability to overwrite adjacent memory, potentially leading to a crash, arbitrary code execution, or other malicious actions.",True,True,"get_html_data (MAPI_Attr *a)
{
    VarLenData **body = XCALLOC(VarLenData*, a->num_values + 1);

     int j;
     for (j = 0; j < a->num_values; j++)
     {
	body[j] = XMALLOC(VarLenData, 1);
	body[j]->len = a->values[j].len;
	body[j]->data = CHECKED_XCALLOC(unsigned char, a->values[j].len);
	memmove (body[j]->data, a->values[j].data.buf, body[j]->len);
     }
     return body;
 }
"
84599,84599,CWE-119,formal,14B,Qwen2.5-Coder-14B-Instruct,"system
Perform a standard security audit on the following C code. Identify any CWE-compliant vulnerabilities and provide a technical root cause analysis.

Structure your response EXACTLY as follows:
VULNERABILITY: [CWE Name and ID]
ANALYSIS: [Technical root cause analysis in 3 sentences max]
IMPACT: [Security consequence of the vulnerability]

STOP: Do not provide any introductory filler or list non-vulnerable categories.
user
CODE TO EVALUATE:
 static void copyMono16(
         short *dst,
        const int *const *src,
         unsigned nSamples,
         unsigned /* nChannels */) {
     for (unsigned i = 0; i < nSamples; ++i) {
 *dst++ = src[0][i];
 }
}


Provide your analysis below:
assistant
VULNERABILITY: CWE-120: Buffer Copy Without Checking Size

ANALYSIS: The function `copyMono16` copies data from `src` to `dst` without checking if `dst` has enough space to hold `nSamples` elements. This can lead to buffer overflow if `dst` is smaller than expected.

IMPACT: An attacker could exploit this vulnerability to overwrite adjacent memory, potentially leading to arbitrary code execution or application crashes.",True,True," static void copyMono16(
         short *dst,
        const int *const *src,
         unsigned nSamples,
         unsigned /* nChannels */) {
     for (unsigned i = 0; i < nSamples; ++i) {
 *dst++ = src[0][i];
 }
}
"
3884,3884,CWE-119,formal,14B,Qwen2.5-Coder-14B-Instruct,"VULNERABILITY: CWE-121: Stack-based Buffer Overflow
ANALYSIS: The function does not validate the size of `buf` before copying data into local variables such as `w`, `h`, `c->bpp`, etc., which could lead to buffer overflow if `buf` is crafted maliciously.
IMPACT: An attacker could exploit this vulnerability to execute arbitrary code with the privileges of the process running the vulnerable software.",True,False,"static int cdxl_decode_frame(AVCodecContext *avctx, void *data,
                             int *got_frame, AVPacket *pkt)
{
    CDXLVideoContext *c = avctx->priv_data;
    AVFrame * const p = data;
    int ret, w, h, encoding, aligned_width, buf_size = pkt->size;
    const uint8_t *buf = pkt->data;

    if (buf_size < 32)
        return AVERROR_INVALIDDATA;
    encoding        = buf[1] & 7;
    c->format       = buf[1] & 0xE0;
    w               = AV_RB16(&buf[14]);
    h               = AV_RB16(&buf[16]);
    c->bpp          = buf[19];
    c->palette_size = AV_RB16(&buf[20]);
    c->palette      = buf + 32;
    c->video        = c->palette + c->palette_size;
    c->video_size   = buf_size - c->palette_size - 32;

    if (c->palette_size > 512)
        return AVERROR_INVALIDDATA;
    if (buf_size < c->palette_size + 32)
        return AVERROR_INVALIDDATA;
    if (c->bpp < 1)
        return AVERROR_INVALIDDATA;
    if (c->format != BIT_PLANAR && c->format != BIT_LINE && c->format != CHUNKY) {
        avpriv_request_sample(avctx, ""Pixel format 0x%0x"", c->format);
        return AVERROR_PATCHWELCOME;
    }

    if ((ret = ff_set_dimensions(avctx, w, h)) < 0)
        return ret;

    if (c->format == CHUNKY)
        aligned_width = avctx->width;
    else
        aligned_width = FFALIGN(c->avctx->width, 16);
    c->padded_bits  = aligned_width - c->avctx->width;
    if (c->video_size < aligned_width * avctx->height * (int64_t)c->bpp / 8)
         return AVERROR_INVALIDDATA;
     if (!encoding && c->palette_size && c->bpp <= 8 && c->format != CHUNKY) {
         avctx->pix_fmt = AV_PIX_FMT_PAL8;
    } else if (encoding == 1 && (c->bpp == 6 || c->bpp == 8)) {
         if (c->palette_size != (1 << (c->bpp - 1)))
             return AVERROR_INVALIDDATA;
         avctx->pix_fmt = AV_PIX_FMT_BGR24;
    } else if (!encoding && c->bpp == 24 && c->format == CHUNKY &&
               !c->palette_size) {
        avctx->pix_fmt = AV_PIX_FMT_RGB24;
    } else {
        avpriv_request_sample(avctx, ""Encoding %d, bpp %d and format 0x%x"",
                              encoding, c->bpp, c->format);
        return AVERROR_PATCHWELCOME;
    }

    if ((ret = ff_get_buffer(avctx, p, 0)) < 0)
        return ret;
    p->pict_type = AV_PICTURE_TYPE_I;

    if (encoding) {
        av_fast_padded_malloc(&c->new_video, &c->new_video_size,
                              h * w + AV_INPUT_BUFFER_PADDING_SIZE);
        if (!c->new_video)
            return AVERROR(ENOMEM);
        if (c->bpp == 8)
            cdxl_decode_ham8(c, p);
        else
            cdxl_decode_ham6(c, p);
    } else if (avctx->pix_fmt == AV_PIX_FMT_PAL8) {
        cdxl_decode_rgb(c, p);
    } else {
        cdxl_decode_raw(c, p);
    }
    *got_frame = 1;

    return buf_size;
}
"
88569,88569,CWE-77,formal,14B,Qwen2.5-Coder-14B-Instruct,"VULNERABILITY: CWE-78: Improper Neutralization of Special Elements used in an OS Command ('OS Command Injection')
ANALYSIS: The code constructs a command string using user input without proper validation or sanitization, which could allow an attacker to inject malicious commands.
IMPACT: An attacker could potentially execute arbitrary commands on the server, leading to unauthorized access or system compromise.",True,False,"enum ImapAuthRes imap_auth_login(struct ImapData *idata, const char *method)
{
  char q_user[SHORT_STRING], q_pass[SHORT_STRING];
  char buf[STRING];
  int rc;

  if (mutt_bit_isset(idata->capabilities, LOGINDISABLED))
  {
    mutt_message(_(""LOGIN disabled on this server.""));
    return IMAP_AUTH_UNAVAIL;
  }

  if (mutt_account_getuser(&idata->conn->account) < 0)
    return IMAP_AUTH_FAILURE;
  if (mutt_account_getpass(&idata->conn->account) < 0)
    return IMAP_AUTH_FAILURE;
 
   mutt_message(_(""Logging in...""));
 
  imap_quote_string(q_user, sizeof(q_user), idata->conn->account.user);
  imap_quote_string(q_pass, sizeof(q_pass), idata->conn->account.pass);
 
   /* don't print the password unless we're at the ungodly debugging level
    * of 5 or higher */

  if (DebugLevel < IMAP_LOG_PASS)
    mutt_debug(2, ""Sending LOGIN command for %s...\n"", idata->conn->account.user);

  snprintf(buf, sizeof(buf), ""LOGIN %s %s"", q_user, q_pass);
  rc = imap_exec(idata, buf, IMAP_CMD_FAIL_OK | IMAP_CMD_PASS);

  if (!rc)
  {
    mutt_clear_error(); /* clear ""Logging in..."".  fixes #3524 */
    return IMAP_AUTH_SUCCESS;
  }

  mutt_error(_(""Login failed.""));
  return IMAP_AUTH_FAILURE;
}
"
80429,80429,CWE-264,formal,14B,Qwen2.5-Coder-14B-Instruct,", fput_needed);
out:
	return err;
}


Provide your analysis below:
assistant
VULNERABILITY: CWE-121: Stack-based Buffer Overflow
ANALYSIS: The function `recvfrom` does not validate the length of the `addr` buffer before copying data into it. If `msg.msg_namelen` exceeds the size of `addr`, this can lead to a stack-based buffer overflow.
IMPACT: An attacker could exploit this vulnerability to overwrite adjacent memory, potentially leading to arbitrary code execution or denial of service.",True,True,"SYSCALL_DEFINE6(recvfrom, int, fd, void __user *, ubuf, size_t, size,
		unsigned int, flags, struct sockaddr __user *, addr,
		int __user *, addr_len)
{
	struct socket *sock;
	struct iovec iov;
	struct msghdr msg;
	struct sockaddr_storage address;
	int err, err2;
	int fput_needed;
 
 	if (size > INT_MAX)
 		size = INT_MAX;
 	sock = sockfd_lookup_light(fd, &err, &fput_needed);
 	if (!sock)
 		goto out;

	msg.msg_control = NULL;
	msg.msg_controllen = 0;
	iov.iov_len = size;
	iov.iov_base = ubuf;
	iov_iter_init(&msg.msg_iter, READ, &iov, 1, size);
	/* Save some cycles and don't copy the address if not needed */
	msg.msg_name = addr ? (struct sockaddr *)&address : NULL;
	/* We assume all kernel code knows the size of sockaddr_storage */
	msg.msg_namelen = 0;
	if (sock->file->f_flags & O_NONBLOCK)
		flags |= MSG_DONTWAIT;
	err = sock_recvmsg(sock, &msg, size, flags);

	if (err >= 0 && addr != NULL) {
		err2 = move_addr_to_user(&address,
					 msg.msg_namelen, addr, addr_len);
		if (err2 < 0)
			err = err2;
	}

	fput_light(sock->file, fput_needed);
out:
	return err;
}
"
146759,146759,CWE-200,formal,14B,Qwen2.5-Coder-14B-Instruct,"VULNERABILITY: CWE-119: Improper Restriction of Operations within the Bounds of a Memory Buffer

ANALYSIS: The function `megasas_ctrl_get_info` does not properly validate the length of the `info` structure before copying it into the command's I/O vector (`cmd->qsg`). This can lead to buffer overflows if the `cmd->iov_size` is smaller than the size of `info`.

IMPACT: An attacker could exploit this vulnerability to overwrite adjacent memory, potentially leading to arbitrary code execution or denial of service.",True,False,"static int megasas_ctrl_get_info(MegasasState *s, MegasasCmd *cmd)
{
    PCIDevice *pci_dev = PCI_DEVICE(s);
    PCIDeviceClass *pci_class = PCI_DEVICE_GET_CLASS(pci_dev);
    MegasasBaseClass *base_class = MEGASAS_DEVICE_GET_CLASS(s);
    struct mfi_ctrl_info info;
    size_t dcmd_size = sizeof(info);
    BusChild *kid;
    int num_pd_disks = 0;

    memset(&info, 0x0, dcmd_size);
    if (cmd->iov_size < dcmd_size) {
        trace_megasas_dcmd_invalid_xfer_len(cmd->index, cmd->iov_size,
                                            dcmd_size);
        return MFI_STAT_INVALID_PARAMETER;
    }

    info.pci.vendor = cpu_to_le16(pci_class->vendor_id);
    info.pci.device = cpu_to_le16(pci_class->device_id);
    info.pci.subvendor = cpu_to_le16(pci_class->subsystem_vendor_id);
    info.pci.subdevice = cpu_to_le16(pci_class->subsystem_id);

    /*
     * For some reason the firmware supports
     * only up to 8 device ports.
     * Despite supporting a far larger number
     * of devices for the physical devices.
     * So just display the first 8 devices
     * in the device port list, independent
     * of how many logical devices are actually
     * present.
     */
    info.host.type = MFI_INFO_HOST_PCIE;
    info.device.type = MFI_INFO_DEV_SAS3G;
    info.device.port_count = 8;
    QTAILQ_FOREACH(kid, &s->bus.qbus.children, sibling) {
        SCSIDevice *sdev = SCSI_DEVICE(kid->child);
        uint16_t pd_id;

        if (num_pd_disks < 8) {
            pd_id = ((sdev->id & 0xFF) << 8) | (sdev->lun & 0xFF);
            info.device.port_addr[num_pd_disks] =
                cpu_to_le64(megasas_get_sata_addr(pd_id));
        }
        num_pd_disks++;
    }

    memcpy(info.product_name, base_class->product_name, 24);
    snprintf(info.serial_number, 32, ""%s"", s->hba_serial);
    snprintf(info.package_version, 0x60, ""%s-QEMU"", qemu_hw_version());
    memcpy(info.image_component[0].name, ""APP"", 3);
    snprintf(info.image_component[0].version, 10, ""%s-QEMU"",
             base_class->product_version);
    memcpy(info.image_component[0].build_date, ""Apr  1 2014"", 11);
    memcpy(info.image_component[0].build_time, ""12:34:56"", 8);
    info.image_component_count = 1;
    if (pci_dev->has_rom) {
        uint8_t biosver[32];
        uint8_t *ptr;
 
         ptr = memory_region_get_ram_ptr(&pci_dev->rom);
         memcpy(biosver, ptr + 0x41, 31);
         memcpy(info.image_component[1].name, ""BIOS"", 4);
         memcpy(info.image_component[1].version, biosver,
                strlen((const char *)biosver));
    }
    info.current_fw_time = cpu_to_le32(megasas_fw_time());
    info.max_arms = 32;
    info.max_spans = 8;
    info.max_arrays = MEGASAS_MAX_ARRAYS;
    info.max_lds = MFI_MAX_LD;
    info.max_cmds = cpu_to_le16(s->fw_cmds);
    info.max_sg_elements = cpu_to_le16(s->fw_sge);
    info.max_request_size = cpu_to_le32(MEGASAS_MAX_SECTORS);
    if (!megasas_is_jbod(s))
        info.lds_present = cpu_to_le16(num_pd_disks);
    info.pd_present = cpu_to_le16(num_pd_disks);
    info.pd_disks_present = cpu_to_le16(num_pd_disks);
    info.hw_present = cpu_to_le32(MFI_INFO_HW_NVRAM |
                                   MFI_INFO_HW_MEM |
                                   MFI_INFO_HW_FLASH);
    info.memory_size = cpu_to_le16(512);
    info.nvram_size = cpu_to_le16(32);
    info.flash_size = cpu_to_le16(16);
    info.raid_levels = cpu_to_le32(MFI_INFO_RAID_0);
    info.adapter_ops = cpu_to_le32(MFI_INFO_AOPS_RBLD_RATE |
                                    MFI_INFO_AOPS_SELF_DIAGNOSTIC |
                                    MFI_INFO_AOPS_MIXED_ARRAY);
    info.ld_ops = cpu_to_le32(MFI_INFO_LDOPS_DISK_CACHE_POLICY |
                               MFI_INFO_LDOPS_ACCESS_POLICY |
                               MFI_INFO_LDOPS_IO_POLICY |
                               MFI_INFO_LDOPS_WRITE_POLICY |
                               MFI_INFO_LDOPS_READ_POLICY);
    info.max_strips_per_io = cpu_to_le16(s->fw_sge);
    info.stripe_sz_ops.min = 3;
    info.stripe_sz_ops.max = ctz32(MEGASAS_MAX_SECTORS + 1);
    info.properties.pred_fail_poll_interval = cpu_to_le16(300);
    info.properties.intr_throttle_cnt = cpu_to_le16(16);
    info.properties.intr_throttle_timeout = cpu_to_le16(50);
    info.properties.rebuild_rate = 30;
    info.properties.patrol_read_rate = 30;
    info.properties.bgi_rate = 30;
    info.properties.cc_rate = 30;
    info.properties.recon_rate = 30;
    info.properties.cache_flush_interval = 4;
    info.properties.spinup_drv_cnt = 2;
    info.properties.spinup_delay = 6;
    info.properties.ecc_bucket_size = 15;
    info.properties.ecc_bucket_leak_rate = cpu_to_le16(1440);
    info.properties.expose_encl_devices = 1;
    info.properties.OnOffProperties = cpu_to_le32(MFI_CTRL_PROP_EnableJBOD);
    info.pd_ops = cpu_to_le32(MFI_INFO_PDOPS_FORCE_ONLINE |
                               MFI_INFO_PDOPS_FORCE_OFFLINE);
    info.pd_mix_support = cpu_to_le32(MFI_INFO_PDMIX_SAS |
                                       MFI_INFO_PDMIX_SATA |
                                       MFI_INFO_PDMIX_LD);

    cmd->iov_size -= dma_buf_read((uint8_t *)&info, dcmd_size, &cmd->qsg);
    return MFI_STAT_OK;
}
"
75689,75689,CWE-787,formal,14B,Qwen2.5-Coder-14B-Instruct,"return(0);
        }
      ResetMagickMemory(&stream,0,sizeof(stream));
      stream.data_type=Z_BINARY;
      level=Z_DEFAULT_COMPRESSION;
      if ((image_info->quality > 0 && image_info->quality < 10))
        level=(int) image_info->quality;
      if (deflateInit(&stream,level) != Z_OK)
        {
          quantum_info=DestroyQuantumInfo(quantum_info);
          return(0);
        }
    }
#endif
  for (y=0; y < (ssize_t) next_image->rows; y++)
  {
    p=GetVirtualPixels(next_image,0,y,next_image->columns,1,&image->exception);
    if (p == (const PixelPacket *) NULL)
      break;
    length=ExportQuantumPixels(next_image,(CacheView *) NULL,quantum_info,
      quantum_type,pixels,&image->exception);
    if (monochrome != MagickFalse)
      for (i=0; i < (ssize_t) length; i++)
        pixels[i]=(~pixels[i]);
    if (next_image->compression == RLECompression)
      {
        length=PSDPackbitsEncodeImage(image,length,pixels,compact_pixels);
        count+=WriteBlob(image,length,compact_pixels);
        size_offset+=WritePSDOffset(psd_info,image,length,size_offset);
      }
#ifdef MAGICKCORE_ZLIB_DELEGATE
    else if (next_image->compression == ZipCompression)
      {
        stream.avail_in=(uInt) length;
        stream.next_in=(Bytef *) pixels;
        if (y == (ssize_t) next_image->rows-1)
          flush=Z_FINISH;
        do {
            stream.avail_out=(uInt) CHUNK;
            stream.next_out=(Bytef *) compressed_pixels;
            if (deflate(&stream,flush) == Z_STREAM_ERROR)
              break;
            length=(size_t) CHUNK-stream.avail_out;
            if (length > 0)
              count+=WriteBlob(image,length,compressed_pixels);
        } while (stream.avail_out == 0);
      }
#endif
    else
      count+=WriteBlob(image,length,pixels);
  }
#ifdef MAGICKCORE_ZLIB_DELEGATE
  if (next_image->compression == ZipCompression)
    {
      (void) deflateEnd(&stream);
      compressed_pixels=(unsigned char *) RelinquishMagickMemory(
        compressed_pixels);
    }
#endif
  quantum_info=DestroyQuantumInfo(quantum_info);
  return(count);
}


Provide your analysis below:
assistant
VULNERABILITY: CWE-787: Out-of-bounds Write
ANALYSIS: The function `WritePSDChannel` uses a fixed-size buffer `compressed_pixels` of size `CHUNK` (16384 bytes) to store compressed data. If the compression process produces more data than this buffer can hold, it will result in an out-of-bounds write.
IMPACT: This vulnerability could lead to memory corruption, potentially allowing an attacker to execute arbitrary code or crash the application.",True,True,"static size_t WritePSDChannel(const PSDInfo *psd_info,
  const ImageInfo *image_info,Image *image,Image *next_image,
  const QuantumType quantum_type, unsigned char *compact_pixels,
  MagickOffsetType size_offset,const MagickBooleanType separate)
{
  int
    y;

  MagickBooleanType
    monochrome;

  QuantumInfo
    *quantum_info;

  register const PixelPacket
    *p;

  register ssize_t
    i;

  size_t
    count,
    length;

  unsigned char
    *pixels;

#ifdef MAGICKCORE_ZLIB_DELEGATE

#define CHUNK 16384

  int
    flush,
    level;

  unsigned char
    *compressed_pixels;

  z_stream
    stream;

  compressed_pixels=(unsigned char *) NULL;
  flush=Z_NO_FLUSH;
#endif
  count=0;
  if (separate != MagickFalse)
    {
      size_offset=TellBlob(image)+2;
      count+=WriteCompressionStart(psd_info,image,next_image,1);
    }
  if (next_image->depth > 8)
     next_image->depth=16;
   monochrome=IsMonochromeImage(image,&image->exception) && (image->depth == 1)
     ? MagickTrue : MagickFalse;
  quantum_info=AcquireQuantumInfo(image_info,image);
   if (quantum_info == (QuantumInfo *) NULL)
     return(0);
   pixels=GetQuantumPixels(quantum_info);
#ifdef MAGICKCORE_ZLIB_DELEGATE
  if (next_image->compression == ZipCompression)
    {
      compressed_pixels=(unsigned char *) AcquireQuantumMemory(CHUNK,
        sizeof(*compressed_pixels));
      if (compressed_pixels == (unsigned char *) NULL)
        {
          quantum_info=DestroyQuantumInfo(quantum_info);
          return(0);
        }
      ResetMagickMemory(&stream,0,sizeof(stream));
      stream.data_type=Z_BINARY;
      level=Z_DEFAULT_COMPRESSION;
      if ((image_info->quality > 0 && image_info->quality < 10))
        level=(int) image_info->quality;
      if (deflateInit(&stream,level) != Z_OK)
        {
          quantum_info=DestroyQuantumInfo(quantum_info);
          return(0);
        }
    }
#endif
  for (y=0; y < (ssize_t) next_image->rows; y++)
  {
    p=GetVirtualPixels(next_image,0,y,next_image->columns,1,&image->exception);
    if (p == (const PixelPacket *) NULL)
      break;
    length=ExportQuantumPixels(next_image,(CacheView *) NULL,quantum_info,
      quantum_type,pixels,&image->exception);
    if (monochrome != MagickFalse)
      for (i=0; i < (ssize_t) length; i++)
        pixels[i]=(~pixels[i]);
    if (next_image->compression == RLECompression)
      {
        length=PSDPackbitsEncodeImage(image,length,pixels,compact_pixels);
        count+=WriteBlob(image,length,compact_pixels);
        size_offset+=WritePSDOffset(psd_info,image,length,size_offset);
      }
#ifdef MAGICKCORE_ZLIB_DELEGATE
    else if (next_image->compression == ZipCompression)
      {
        stream.avail_in=(uInt) length;
        stream.next_in=(Bytef *) pixels;
        if (y == (ssize_t) next_image->rows-1)
          flush=Z_FINISH;
        do {
            stream.avail_out=(uInt) CHUNK;
            stream.next_out=(Bytef *) compressed_pixels;
            if (deflate(&stream,flush) == Z_STREAM_ERROR)
              break;
            length=(size_t) CHUNK-stream.avail_out;
            if (length > 0)
              count+=WriteBlob(image,length,compressed_pixels);
        } while (stream.avail_out == 0);
      }
#endif
    else
      count+=WriteBlob(image,length,pixels);
  }
#ifdef MAGICKCORE_ZLIB_DELEGATE
  if (next_image->compression == ZipCompression)
    {
      (void) deflateEnd(&stream);
      compressed_pixels=(unsigned char *) RelinquishMagickMemory(
        compressed_pixels);
    }
#endif
  quantum_info=DestroyQuantumInfo(quantum_info);
  return(count);
}
"
50484,50484,CWE-119,formal,14B,Qwen2.5-Coder-14B-Instruct,";
      y1 = path->pts[k+1].y;
      segLen = splashDist(x0, y0, x1, y1);

      while (segLen > 0) {

	if (lineDashDist >= segLen) {
	  if (lineDashOn) {
	    if (newPath) {
	      dPath->moveTo(x0, y0);
	      newPath = gFalse;
	    }
	    dPath->lineTo(x1, y1);
	  }
	  lineDashDist -= segLen;
	  segLen = 0;

	} else {
	  xa = x0 + (lineDashDist / segLen) * (x1 - x0);
	  ya = y0 + (lineDashDist / segLen) * (y1 - y0);
	  if (lineDashOn) {
	    if (newPath) {
	      dPath->moveTo(x0, y0);
	      newPath = gFalse;
	    }
	    dPath->lineTo(xa, ya);
	  }
	  x0 = xa;
	  y0 = ya;
	  segLen -= lineDashDist;
	  lineDashDist = 0;
	}

	if (lineDashDist <= 0) {
	  lineDashOn = !lineDashOn;
	  if (++lineDashIdx == state->lineDashLength) {
	    lineDashIdx = 0;
	  }
	  lineDashDist = state->lineDash[lineDashIdx];
	  newPath = gTrue;
	}
      }
    }
    i = j + 1;
  }
  
  if (dPath->length == 0) {
    GBool allSame = gTrue;
    for (int i = 0; allSame && i < path->length - 1; ++i) {
      allSame = path->pts[i].x == path->pts[i + 1].x && path->pts[i].y == path->pts[i + 1].y;
    }
    if (allSame) {
      x0 = path->pts[0].x;
      y0 = path->pts[0].y;
      dPath->moveTo(x0, y0);
      dPath->lineTo(x0, y0);
    }
  }

  return dPath;
}


Provide your analysis below:
assistant
VULNERABILITY: CWE-787: Out-of-bounds Write

ANALYSIS: The code does not validate the indices used to access elements in the `state->lineDash` array, which could lead to out-of-bounds writes if `lineDashIdx` exceeds the bounds of the array.

IMPACT: This vulnerability could result in memory corruption, potentially leading to crashes, data leaks, or arbitrary code execution.",True,True,"SplashPath *Splash::makeDashedPath(SplashPath *path) {
  SplashPath *dPath;
  SplashCoord lineDashTotal;
  SplashCoord lineDashStartPhase, lineDashDist, segLen;
  SplashCoord x0, y0, x1, y1, xa, ya;
  GBool lineDashStartOn, lineDashOn, newPath;
  int lineDashStartIdx, lineDashIdx;
  int i, j, k;

  lineDashTotal = 0;
  for (i = 0; i < state->lineDashLength; ++i) {
    lineDashTotal += state->lineDash[i];
  }
  if (lineDashTotal == 0) {
    return new SplashPath();
  }
  lineDashStartPhase = state->lineDashPhase;
  i = splashFloor(lineDashStartPhase / lineDashTotal);
  lineDashStartPhase -= (SplashCoord)i * lineDashTotal;
   lineDashStartOn = gTrue;
   lineDashStartIdx = 0;
   if (lineDashStartPhase > 0) {
    while (lineDashStartPhase >= state->lineDash[lineDashStartIdx]) {
       lineDashStartOn = !lineDashStartOn;
       lineDashStartPhase -= state->lineDash[lineDashStartIdx];
       ++lineDashStartIdx;
     }
   }
 
   dPath = new SplashPath();
  while (i < path->length) {

    for (j = i;
	 j < path->length - 1 && !(path->flags[j] & splashPathLast);
	 ++j) ;

    lineDashOn = lineDashStartOn;
    lineDashIdx = lineDashStartIdx;
    lineDashDist = state->lineDash[lineDashIdx] - lineDashStartPhase;

    newPath = gTrue;
    for (k = i; k < j; ++k) {

      x0 = path->pts[k].x;
      y0 = path->pts[k].y;
      x1 = path->pts[k+1].x;
      y1 = path->pts[k+1].y;
      segLen = splashDist(x0, y0, x1, y1);

      while (segLen > 0) {

	if (lineDashDist >= segLen) {
	  if (lineDashOn) {
	    if (newPath) {
	      dPath->moveTo(x0, y0);
	      newPath = gFalse;
	    }
	    dPath->lineTo(x1, y1);
	  }
	  lineDashDist -= segLen;
	  segLen = 0;

	} else {
	  xa = x0 + (lineDashDist / segLen) * (x1 - x0);
	  ya = y0 + (lineDashDist / segLen) * (y1 - y0);
	  if (lineDashOn) {
	    if (newPath) {
	      dPath->moveTo(x0, y0);
	      newPath = gFalse;
	    }
	    dPath->lineTo(xa, ya);
	  }
	  x0 = xa;
	  y0 = ya;
	  segLen -= lineDashDist;
	  lineDashDist = 0;
	}

	if (lineDashDist <= 0) {
	  lineDashOn = !lineDashOn;
	  if (++lineDashIdx == state->lineDashLength) {
	    lineDashIdx = 0;
	  }
	  lineDashDist = state->lineDash[lineDashIdx];
	  newPath = gTrue;
	}
      }
    }
    i = j + 1;
  }
  
  if (dPath->length == 0) {
    GBool allSame = gTrue;
    for (int i = 0; allSame && i < path->length - 1; ++i) {
      allSame = path->pts[i].x == path->pts[i + 1].x && path->pts[i].y == path->pts[i + 1].y;
    }
    if (allSame) {
      x0 = path->pts[0].x;
      y0 = path->pts[0].y;
      dPath->moveTo(x0, y0);
      dPath->lineTo(x0, y0);
    }
  }

  return dPath;
}
"
115034,115034,CWE-119,formal,14B,Qwen2.5-Coder-14B-Instruct,"VULNERABILITY: CWE-78: Improper Neutralization of Special Elements used in an OS Command ('OS Command Injection')
ANALYSIS: The code uses `ft_basename` without sanitizing the input, which could allow an attacker to inject malicious commands.
IMPACT: An attacker could execute arbitrary commands with the privileges of the process running the program.

VULNERABILITY: CWE-787: Out-of-bounds Write
ANALYSIS: The code uses `strcat` without checking the length of the destination buffer, leading to potential out-of-bounds writes.
IMPACT: This could lead to memory corruption, potentially allowing an attacker to execute arbitrary code.

VULNERABILITY: CWE-789: Out-of-bounds Read
ANALYSIS: The code accesses array elements without bounds checking, such as `requested_pos[n]` and `multimaster->axis[n].def`.
IMPACT: This could lead to reading uninitialized memory, potentially revealing sensitive information or causing the program to crash.

VULNERABILITY: CWE-798: Use of Hard-coded Credentials
ANALYSIS: The code does not show any hard-coded credentials, but the absence of credential management is noted.
IMPACT: If credentials are hardcoded in the future, they could be easily extracted from the binary.

VULNERABILITY: CWE-88: Argument Injection or Modification
ANALYSIS: The code uses `atoi` to convert command-line arguments without validating the input, which could lead to unexpected behavior or crashes.
IMPACT: An attacker could provide invalid input to cause the program to crash or behave unpredictably.

VULNERABILITY: CWE-120: Buffer Copy without Checking Size of Input ('Classic Buffer Overflow')
ANALYSIS: The code uses `sprintf` without checking the size of the destination buffer, leading to potential buffer overflows.
IMPACT: This could lead to memory corruption, potentially allowing an attacker to execute arbitrary code.

VULNERABILITY: CWE-121: Stack-Based Buffer Overflow
ANALYSIS: The code uses `sprintf` without checking the size of the destination buffer, leading to potential stack-based buffer overflows.
IMPACT: This could lead to memory corruption, potentially allowing an attacker to execute arbitrary code.

VULNERABILITY: CWE-122: Heap-Based Buffer Overflow
ANALYSIS: The code uses `sprintf` without checking the size of the destination buffer, leading to potential heap-based buffer overflows.
IMPACT: This",True,False,"  main( int    argc,
        char*  argv[] )
  {
    int    old_ptsize, orig_ptsize, file;
    int    first_glyph = 0;
    int    XisSetup = 0;
    char*  execname;
    int    option;
    int    file_loaded;

    grEvent  event;


    execname = ft_basename( argv[0] );

    while ( 1 )
    {
      option = getopt( argc, argv, ""d:e:f:r:"" );

      if ( option == -1 )
        break;

      switch ( option )
      {
      case 'd':
        parse_design_coords( optarg );
        break;

      case 'e':
        encoding = (FT_Encoding)make_tag( optarg );
        break;

      case 'f':
        first_glyph = atoi( optarg );
        break;

      case 'r':
        res = atoi( optarg );
        if ( res < 1 )
          usage( execname );
        break;

      default:
        usage( execname );
        break;
      }
    }

    argc -= optind;
    argv += optind;

    if ( argc <= 1 )
      usage( execname );

    if ( sscanf( argv[0], ""%d"", &orig_ptsize ) != 1 )
      orig_ptsize = 64;

    file = 1;

    /* Initialize engine */
    error = FT_Init_FreeType( &library );
    if ( error )
      PanicZ( ""Could not initialize FreeType library"" );

  NewFile:
    ptsize      = orig_ptsize;
    hinted      = 1;
    file_loaded = 0;

    /* Load face */
    error = FT_New_Face( library, argv[file], 0, &face );
    if ( error )
      goto Display_Font;

    if ( encoding != FT_ENCODING_NONE )
    {
      error = FT_Select_Charmap( face, encoding );
      if ( error )
        goto Display_Font;
    }

    /* retrieve multiple master information */
    error = FT_Get_MM_Var( face, &multimaster );
    if ( error )
      goto Display_Font;

    /* if the user specified a position, use it, otherwise */
    /* set the current position to the median of each axis */
    {
      int  n;


      for ( n = 0; n < (int)multimaster->num_axis; n++ )
      {
        design_pos[n] = n < requested_cnt ? requested_pos[n]
                                          : multimaster->axis[n].def;
        if ( design_pos[n] < multimaster->axis[n].minimum )
          design_pos[n] = multimaster->axis[n].minimum;
        else if ( design_pos[n] > multimaster->axis[n].maximum )
          design_pos[n] = multimaster->axis[n].maximum;
      }
    }

    error = FT_Set_Var_Design_Coordinates( face,
                                           multimaster->num_axis,
                                           design_pos );
    if ( error )
      goto Display_Font;

    file_loaded++;

    Reset_Scale( ptsize );

    num_glyphs = face->num_glyphs;
    glyph      = face->glyph;
    size       = face->size;

  Display_Font:
    /* initialize graphics if needed */
    if ( !XisSetup )
    {
      XisSetup = 1;
      Init_Display();
    }

    grSetTitle( surface, ""FreeType Glyph Viewer - press F1 for help"" );
    old_ptsize = ptsize;

    if ( file_loaded >= 1 )
    {
      Fail = 0;
      Num  = first_glyph;

      if ( Num >= num_glyphs )
        Num = num_glyphs - 1;

      if ( Num < 0 )
        Num = 0;
    }

    for ( ;; )
    {
      int  key;


      Clear_Display();

      if ( file_loaded >= 1 )
      {
        switch ( render_mode )
        {
        case 0:
          Render_Text( Num );
          break;

        default:
           Render_All( Num, ptsize );
         }
 
        sprintf( Header, ""%s %s (file %s)"",
                          face->family_name,
                          face->style_name,
                          ft_basename( argv[file] ) );

        if ( !new_header )
          new_header = Header;

        grWriteCellString( &bit, 0, 0, new_header, fore_color );
        new_header = 0;

        sprintf( Header, ""axis: "" );
        {
          int  n;


          for ( n = 0; n < (int)multimaster->num_axis; n++ )
          {
            char  temp[32];


            sprintf( temp, ""  %s:%g"",
                           multimaster->axis[n].name,
                           design_pos[n]/65536. );
            strcat( Header, temp );
          }
        }
        grWriteCellString( &bit, 0, 16, Header, fore_color );

        sprintf( Header, ""at %d points, first glyph = %d"",
                         ptsize,
                         Num );
       }
       else
       {
        sprintf( Header, ""%s: not an MM font file, or could not be opened"",
                          ft_basename( argv[file] ) );
       }
      grWriteCellString( &bit, 0, 8, Header, fore_color );
      grRefreshSurface( surface );

      grListenSurface( surface, 0, &event );
      if ( !( key = Process_Event( &event ) ) )
        goto End;

      if ( key == 'n' )
      {
        if ( file_loaded >= 1 )
          FT_Done_Face( face );

        if ( file < argc - 1 )
          file++;

        goto NewFile;
      }

      if ( key == 'p' )
      {
        if ( file_loaded >= 1 )
          FT_Done_Face( face );

        if ( file > 1 )
          file--;

        goto NewFile;
      }

      if ( ptsize != old_ptsize )
      {
        Reset_Scale( ptsize );

        old_ptsize = ptsize;
      }
    }

  End:
    grDoneSurface( surface );
    grDoneDevices();

    free            ( multimaster );
    FT_Done_Face    ( face        );
    FT_Done_FreeType( library     );

    printf( ""Execution completed successfully.\n"" );
    printf( ""Fails = %d\n"", Fail );

    exit( 0 );      /* for safety reasons */
    return 0;       /* never reached */
  }
"
30099,30099,CWE-17,formal,14B,Qwen2.5-Coder-14B-Instruct,"VULNERABILITY: CWE-121: Stack-based Buffer Overflow
ANALYSIS: The function `iov_fault_in_pages_write` iterates over an array of `iovec` structures without checking if the pointer `iov` exceeds the bounds of the allocated memory. This can lead to accessing invalid memory locations.
IMPACT: An attacker could exploit this vulnerability to overwrite adjacent memory, potentially leading to arbitrary code execution or denial of service.",True,False,"static int iov_fault_in_pages_write(struct iovec *iov, unsigned long len)
{
	while (!iov->iov_len)
		iov++;
	while (len > 0) {
		unsigned long this_len;
		this_len = min_t(unsigned long, len, iov->iov_len);
		if (fault_in_pages_writeable(iov->iov_base, this_len))
			break;
		len -= this_len;
		iov++;
	}
	return len;
}
"
60469,60469,CWE-119,formal,14B,Qwen2.5-Coder-14B-Instruct,"8;

     }
 }


Provide your analysis below:
assistant
VULNERABILITY: CWE-121: Stack-based Buffer Overflow
ANALYSIS: The function `copyStereo8` does not check if the destination buffer `dst` has enough space to hold `2 * nSamples` elements, leading to potential buffer overflow.
IMPACT: An attacker could exploit this vulnerability to overwrite adjacent memory, potentially leading to arbitrary code execution or denial of service.",True,True," static void copyStereo8(
         short *dst,
        const int *const *src,
         unsigned nSamples,
         unsigned /* nChannels */) {
     for (unsigned i = 0; i < nSamples; ++i) {
 *dst++ = src[0][i] << 8;
 *dst++ = src[1][i] << 8;

     }
 }
"
138469,138469,CWE-189,formal,14B,Qwen2.5-Coder-14B-Instruct,"VULNERABILITY: CWE-789: Improper Neutralization of Special Elements used in an OS Command ('OS Command Injection')
ANALYSIS: The code does not appear to contain any direct OS command execution, so CWE-789 is not applicable here.
IMPACT: N/A

VULNERABILITY: CWE-120: Buffer Copy without Checking Size of Input ('Classic Buffer Overflow')
ANALYSIS: The code uses `memcpy` to copy data from `bitmap->data` to `data` without checking if `h * line` exceeds the allocated size of `data`, which could lead to a buffer overflow.
IMPACT: An attacker could exploit this vulnerability to execute arbitrary code with the privileges of the process running the program.

VULNERABILITY: CWE-761: Improper Input Validation
ANALYSIS: The code checks for invalid dimensions (`w`, `h`, `line`) but does not validate the input data itself, which could lead to undefined behavior or crashes.
IMPACT: An attacker could provide malformed input data that causes the program to crash or behave unpredictably.

VULNERABILITY: CWE-78: Improper Neutralization of Special Elements used in an OS Command ('OS Command Injection')
ANALYSIS: The code does not appear to contain any direct OS command execution, so CWE-78 is not applicable here.
IMPACT: N/A

VULNERABILITY: CWE-78: Improper Neutralization of Special Elements used in an OS Command ('OS Command Injection')
ANALYSIS: The code does not appear to contain any direct OS command execution, so CWE-78 is not applicable here.
IMPACT: N/A",True,False,"JBIG2Bitmap::JBIG2Bitmap(Guint segNumA, JBIG2Bitmap *bitmap):
  JBIG2Segment(segNumA)
{
  w = bitmap->w;
  h = bitmap->h;
  line = bitmap->line;

  if (w <= 0 || h <= 0 || line <= 0 || h >= (INT_MAX - 1) / line) {
    error(-1, ""invalid width/height"");
    data = NULL;
     return;
   }
  data = (Guchar *)gmalloc(h * line + 1);
   memcpy(data, bitmap->data, h * line);
   data[h * line] = 0;
 }
"
117214,117214,CWE-125,formal,14B,Qwen2.5-Coder-14B-Instruct,"CODE TO EVALUATE:
void ntlm_write_message_fields_buffer(wStream* s, NTLM_MESSAGE_FIELDS* fields)
 {
 	if (fields->Len > 0)
 	{
		Stream_SetPosition(s, fields->BufferOffset);
		Stream_Write(s, fields->Buffer, fields->Len);
 	}
 }


Provide your analysis below:
assistant
VULNERABILITY: CWE-120: Buffer Copy without Checking Size of Input ('Classic Buffer Overflow')

ANALYSIS: The function `ntlm_write_message_fields_buffer` writes `fields->Len` bytes from `fields->Buffer` to the stream `s` without checking if the stream has enough space to accommodate this data. This can lead to writing beyond the bounds of the stream's buffer, causing a buffer overflow.

IMPACT: A buffer overflow can result in arbitrary code execution, leading to potential unauthorized access, data corruption, or denial of service attacks.",True,True,"void ntlm_write_message_fields_buffer(wStream* s, NTLM_MESSAGE_FIELDS* fields)
 {
 	if (fields->Len > 0)
 	{
		Stream_SetPosition(s, fields->BufferOffset);
		Stream_Write(s, fields->Buffer, fields->Len);
 	}
 }
"
314,314,CWE-189,formal,14B,Qwen2.5-Coder-14B-Instruct,"VULNERABILITY: CWE-121: Stack-based Buffer Overflow
ANALYSIS: The function `getRGBLine` allocates memory for `tmp_line` using `gmalloc`, but it does not check if the allocation was successful. If `gmalloc` fails to allocate the required memory, `tmp_line` will be `NULL`, leading to a buffer overflow when accessing `tmp_line[i * nComps2 + j]`.
IMPACT: An attacker could exploit this vulnerability to execute arbitrary code with the privileges of the process running the program, potentially leading to a complete system compromise.",True,False,"void GfxImageColorMap::getRGBLine(Guchar *in, unsigned int *out, int length) {
  int i, j;
  Guchar *inp, *tmp_line;

   switch (colorSpace->getMode()) {
   case csIndexed:
   case csSeparation:
    tmp_line = (Guchar *) gmalloc (length * nComps2);
     for (i = 0; i < length; i++) {
       for (j = 0; j < nComps2; j++) {
 	tmp_line[i * nComps2 + j] = byte_lookup[in[i] * nComps2 + j];
      }
    }
    colorSpace2->getRGBLine(tmp_line, out, length);
    gfree (tmp_line);
    break;

  default:
    inp = in;
    for (j = 0; j < length; j++)
      for (i = 0; i < nComps; i++) {
	*inp = byte_lookup[*inp * nComps + i];
	inp++;
      }
    colorSpace->getRGBLine(in, out, length);
    break;
  }

}
"
44759,44759,CWE-125,formal,14B,Qwen2.5-Coder-14B-Instruct,"| buffer[0]);
      quantum.unsigned_value=(value & 0xffff);
       return(quantum.signed_value);
     }
  value=(unsigned short) ((((unsigned char *) buffer)[0] << 8) |
    ((unsigned char *) buffer)[1]);
  quantum.unsigned_value=(value & 0xffff);
   return(quantum.signed_value);
 }


Provide your analysis below:
assistant
VULNERABILITY: CWE-190: Integer Overflow or Wraparound

ANALYSIS: The code performs bitwise operations to combine bytes into a short, which can lead to integer overflow if the input values exceed the expected range. The use of `unsigned short` and `unsigned int` does not prevent overflow when casting and combining bytes.

IMPACT: An attacker could exploit this vulnerability to cause unexpected behavior, potentially leading to memory corruption or crashes.",True,True,"static inline signed short ReadProfileShort(const EndianType endian,
  unsigned char *buffer)
{
  union
  {
    unsigned int
      unsigned_value;

    signed int
      signed_value;
  } quantum;

  unsigned short
    value;
 
   if (endian == LSBEndian)
     {
      value=(unsigned short) ((buffer[1] << 8) | buffer[0]);
      quantum.unsigned_value=(value & 0xffff);
       return(quantum.signed_value);
     }
  value=(unsigned short) ((((unsigned char *) buffer)[0] << 8) |
    ((unsigned char *) buffer)[1]);
  quantum.unsigned_value=(value & 0xffff);
   return(quantum.signed_value);
 }
"
73949,73949,CWE-189,formal,14B,Qwen2.5-Coder-14B-Instruct,"VULNERABILITY: CWE-787: Out-of-bounds Write
ANALYSIS: The function `CancelableFileOperation` does not validate the `length` parameter against the size of the `buffer`. If `length` exceeds the allocated size of `buffer`, it can lead to an out-of-bounds write.
IMPACT: This vulnerability can result in memory corruption, potentially leading to arbitrary code execution or denial of service.

VULNERABILITY: CWE-789: Out-of-bounds Read
ANALYSIS: Similar to CWE-787, the function does not check if `length` exceeds the size of `buffer` before accessing elements of `buffer`. This can lead to an out-of-bounds read.
IMPACT: This vulnerability can result in reading uninitialized or sensitive data, potentially leading to information disclosure.

VULNERABILITY: CWE-775: Improper Neutralization of Special Elements used in an OS Command ('OS Command Injection')
ANALYSIS: Although not directly evident from the provided code snippet, if any part of the function constructs or executes an OS command using user-supplied input, it could be vulnerable to OS command injection.
IMPACT: This vulnerability can allow an attacker to execute arbitrary commands with the privileges of the process, leading to unauthorized access or system compromise.

VULNERABILITY: CWE-764: Improper Neutralization of Special Elements used in an OS Command ('OS Command Injection')
ANALYSIS: The function uses `CancelIo` which is a Windows API function. If `file` is derived from user input, it could be manipulated to point to a special file or device that triggers unexpected behavior or command execution.
IMPACT: This vulnerability can lead to unauthorized command execution or denial of service.

VULNERABILITY: CWE-78: Improper Neutralization of Special Elements used in an OS Command ('OS Command Injection')
ANALYSIS: The function uses `WaitForMultipleObjects` with handles derived from user input (`io_event->handle()` and `cancel_event->handle()`). If these handles are not properly validated, they could be manipulated to trigger unexpected behavior or command execution.
IMPACT: This vulnerability can lead to unauthorized command execution or denial of service.

VULNERABILITY: CWE-78: Improper Neutralization of Special Elements used in an OS Command ('OS Command Injection')
ANALYSIS: The function uses `GetOverlappedResult` with a handle derived from user input (`file`). If `file`",True,False,"size_t CancelableFileOperation(Function operation,
                               HANDLE file,
                               BufferType* buffer,
                               size_t length,
                               WaitableEvent* io_event,
                               WaitableEvent* cancel_event,
                               CancelableSyncSocket* socket,
                               DWORD timeout_in_ms) {
  ThreadRestrictions::AssertIOAllowed();
  COMPILE_ASSERT(sizeof(buffer[0]) == sizeof(char), incorrect_buffer_type);
  DCHECK_GT(length, 0u);
  DCHECK_LE(length, kMaxMessageLength);
  DCHECK_NE(file, SyncSocket::kInvalidHandle);

  TimeTicks current_time, finish_time;
  if (timeout_in_ms != INFINITE) {
    current_time = TimeTicks::Now();
    finish_time =
        current_time + base::TimeDelta::FromMilliseconds(timeout_in_ms);
  }

  size_t count = 0;
  do {
    OVERLAPPED ol = { 0 };
    ol.hEvent = io_event->handle();

    const DWORD chunk = GetNextChunkSize(count, length);
    DWORD len = 0;
    const BOOL operation_ok = operation(
        file, static_cast<BufferType*>(buffer) + count, chunk, &len, &ol);
    if (!operation_ok) {
       if (::GetLastError() == ERROR_IO_PENDING) {
         HANDLE events[] = { io_event->handle(), cancel_event->handle() };
         const int wait_result = WaitForMultipleObjects(
            ARRAYSIZE_UNSAFE(events), events, FALSE,
             timeout_in_ms == INFINITE ?
                 timeout_in_ms :
                 static_cast<DWORD>(
                    (finish_time - current_time).InMilliseconds()));
        if (wait_result != WAIT_OBJECT_0 + 0) {
          CancelIo(file);
        }

        if (!GetOverlappedResult(file, &ol, &len, TRUE))
          len = 0;

        if (wait_result == WAIT_OBJECT_0 + 1) {
          DVLOG(1) << ""Shutdown was signaled. Closing socket."";
          socket->Close();
          return count;
        }

        DCHECK(wait_result == WAIT_OBJECT_0 + 0 || wait_result == WAIT_TIMEOUT);
      } else {
        break;
      }
    }

    count += len;

    if (len != chunk)
      break;

    if (timeout_in_ms != INFINITE && count < length)
      current_time = base::TimeTicks::Now();
  } while (count < length &&
           (timeout_in_ms == INFINITE || current_time < finish_time));

  return count;
}
"
78114,78114,CWE-20,formal,14B,Qwen2.5-Coder-14B-Instruct,"system
Perform a standard security audit on the following C code. Identify any CWE-compliant vulnerabilities and provide a technical root cause analysis.

Structure your response EXACTLY as follows:
VULNERABILITY: [CWE Name and ID]
ANALYSIS: [Technical root cause analysis in 3 sentences max]
IMPACT: [Security consequence of the vulnerability]

STOP: Do not provide any introductory filler or list non-vulnerable categories.
user
CODE TO EVALUATE:
PHP_METHOD(Phar, addEmptyDir)
{
	char *dirname;
	size_t dirname_len;
 
        PHAR_ARCHIVE_OBJECT();
 
       if (zend_parse_parameters(ZEND_NUM_ARGS(), ""s"", &dirname, &dirname_len) == FAILURE) {
                return;
        }
 
	if (dirname_len >= sizeof("".phar"")-1 && !memcmp(dirname, "".phar"", sizeof("".phar"")-1)) {
		zend_throw_exception_ex(spl_ce_BadMethodCallException, 0, ""Cannot create a directory in magic \"".phar\"" directory"");
		return;
	}

	phar_mkdir(&phar_obj->archive, dirname, dirname_len);
}


Provide your analysis below:
assistant
VULNERABILITY: CWE-78: Improper Neutralization of Special Elements used in an OS Command ('OS Command Injection')

ANALYSIS: The function `phar_mkdir` is called with user-supplied input `dirname` without proper validation or sanitization. If this input contains special characters or sequences that are interpreted by the underlying operating system, it could lead to command injection.

IMPACT: An attacker could exploit this vulnerability to execute arbitrary commands on the server, potentially leading to unauthorized access, data theft, or system compromise.",True,True,"PHP_METHOD(Phar, addEmptyDir)
{
	char *dirname;
	size_t dirname_len;
 
        PHAR_ARCHIVE_OBJECT();
 
       if (zend_parse_parameters(ZEND_NUM_ARGS(), ""s"", &dirname, &dirname_len) == FAILURE) {
                return;
        }
 
	if (dirname_len >= sizeof("".phar"")-1 && !memcmp(dirname, "".phar"", sizeof("".phar"")-1)) {
		zend_throw_exception_ex(spl_ce_BadMethodCallException, 0, ""Cannot create a directory in magic \"".phar\"" directory"");
		return;
	}

	phar_mkdir(&phar_obj->archive, dirname, dirname_len);
}
"
123574,123574,CWE-120,formal,14B,Qwen2.5-Coder-14B-Instruct,"VULNERABILITY: CWE-119: Improper Restriction of Operations within the Bounds of a Memory Buffer

ANALYSIS: The code uses `memcpy` to copy data from `wmm_ie + sizeof(struct ieee_types_header)` to `bss_cfg->wmm_info` without checking if the length of the data to be copied exceeds the size of `bss_cfg->wmm_info`. This can lead to buffer overflows if the data in `wmm_ie` is larger than expected.

IMPACT: An attacker could exploit this vulnerability to overwrite adjacent memory, potentially leading to arbitrary code execution or denial of service.",True,False,"mwifiex_set_wmm_params(struct mwifiex_private *priv,
		       struct mwifiex_uap_bss_param *bss_cfg,
		       struct cfg80211_ap_settings *params)
{
	const u8 *vendor_ie;
	const u8 *wmm_ie;
	u8 wmm_oui[] = {0x00, 0x50, 0xf2, 0x02};

	vendor_ie = cfg80211_find_vendor_ie(WLAN_OUI_MICROSOFT,
					    WLAN_OUI_TYPE_MICROSOFT_WMM,
					    params->beacon.tail,
 					    params->beacon.tail_len);
 	if (vendor_ie) {
 		wmm_ie = vendor_ie;
 		memcpy(&bss_cfg->wmm_info, wmm_ie +
 		       sizeof(struct ieee_types_header), *(wmm_ie + 1));
 		priv->wmm_enabled = 1;
	} else {
		memset(&bss_cfg->wmm_info, 0, sizeof(bss_cfg->wmm_info));
		memcpy(&bss_cfg->wmm_info.oui, wmm_oui, sizeof(wmm_oui));
		bss_cfg->wmm_info.subtype = MWIFIEX_WMM_SUBTYPE;
		bss_cfg->wmm_info.version = MWIFIEX_WMM_VERSION;
		priv->wmm_enabled = 0;
	}

	bss_cfg->qos_info = 0x00;
	return;
}
"
19774,19774,CWE-20,formal,14B,Qwen2.5-Coder-14B-Instruct,"otime)
{
  struct tag_info ti;
  gpg_error_t err;

  err = _ksba_ber_parse_tl (buf, len, &ti);
  if (err)
    ;
  else if ( !(ti.class == CLASS_UNIVERSAL
               && (ti.tag == TYPE_UTC_TIME || ti.tag == TYPE_GENERALIZED_TIME)
               && !ti.is_constructed) )
     err = gpg_error (GPG_ERR_INV_OBJ);
   else if (!(err = _ksba_asntime_to_iso (*buf, ti.length,
                                          ti.tag == TYPE_UTC_TIME, isotime)))
     parse_skip (buf, len, &ti);
}


Provide your analysis below:
assistant
VULNERABILITY: CWE-787: Out-of-bounds Write

ANALYSIS: The function does not validate the length of `*buf` before attempting to read from it. If `ti.length` exceeds the remaining length of `*buf`, this can lead to an out-of-bounds write.

IMPACT: An attacker could exploit this vulnerability to overwrite adjacent memory, potentially leading to arbitrary code execution or denial of service.",True,True,"parse_asntime_into_isotime (unsigned char const **buf, size_t *len,
                            ksba_isotime_t isotime)
{
  struct tag_info ti;
  gpg_error_t err;

  err = _ksba_ber_parse_tl (buf, len, &ti);
  if (err)
    ;
  else if ( !(ti.class == CLASS_UNIVERSAL
               && (ti.tag == TYPE_UTC_TIME || ti.tag == TYPE_GENERALIZED_TIME)
               && !ti.is_constructed) )
     err = gpg_error (GPG_ERR_INV_OBJ);
   else if (!(err = _ksba_asntime_to_iso (*buf, ti.length,
                                          ti.tag == TYPE_UTC_TIME, isotime)))
     parse_skip (buf, len, &ti);
}
"
132099,132099,CWE-125,formal,14B,Qwen2.5-Coder-14B-Instruct,"VULNERABILITY: CWE-787: Out-of-bounds Write

ANALYSIS: The code attempts to concatenate paths by copying `cur_df_path.value` into `card->cache.current_df->path.value` without checking if there is enough space in `card->cache.current_df->path.value`. This can lead to an out-of-bounds write if `cur_df_path.len` exceeds the allocated size of `card->cache.current_df->path.value`.

IMPACT: An attacker could exploit this vulnerability to overwrite adjacent memory, potentially leading to arbitrary code execution or denial of service.",True,False,"authentic_set_current_files(struct sc_card *card, struct sc_path *path,
		unsigned char *resp, size_t resplen, struct sc_file **file_out)
{
	struct sc_context *ctx = card->ctx;
	struct sc_file *file = NULL;
	int rv;

	LOG_FUNC_CALLED(ctx);
	if (resplen)   {
		switch (resp[0]) {
		case 0x62:
		case 0x6F:
			file = sc_file_new();
			if (file == NULL)
				LOG_FUNC_RETURN(ctx, SC_ERROR_OUT_OF_MEMORY);
			if (path)
				file->path = *path;

			rv = authentic_process_fci(card, file, resp, resplen);
			LOG_TEST_RET(ctx, rv, ""cannot set 'current file': FCI process error"");

			break;
		default:
			LOG_FUNC_RETURN(ctx, SC_ERROR_UNKNOWN_DATA_RECEIVED);
		}

		if (file->type == SC_FILE_TYPE_DF)   {
			struct sc_path cur_df_path;

			memset(&cur_df_path, 0, sizeof(cur_df_path));
			if (card->cache.valid && card->cache.current_df)   {
				cur_df_path = card->cache.current_df->path;
				sc_file_free(card->cache.current_df);
			}
			card->cache.current_df = NULL;
 			sc_file_dup(&card->cache.current_df, file);
 
 			if (cur_df_path.len)   {
 				memcpy(card->cache.current_df->path.value + cur_df_path.len,
 						card->cache.current_df->path.value,
 						card->cache.current_df->path.len);
				memcpy(card->cache.current_df->path.value, cur_df_path.value, cur_df_path.len);
				card->cache.current_df->path.len += cur_df_path.len;
			}

			sc_file_free(card->cache.current_ef);
			card->cache.current_ef = NULL;

			card->cache.valid = 1;
		}
		else   {
			sc_file_free(card->cache.current_ef);
			card->cache.current_ef = NULL;
			sc_file_dup(&card->cache.current_ef, file);
		}

		if (file_out)
			*file_out = file;
		else
			sc_file_free(file);
	}

	LOG_FUNC_RETURN(ctx, SC_SUCCESS);
}
"
37594,37594,CWE-119,formal,14B,Qwen2.5-Coder-14B-Instruct,"system
Perform a standard security audit on the following C code. Identify any CWE-compliant vulnerabilities and provide a technical root cause analysis.

Structure your response EXACTLY as follows:
VULNERABILITY: [CWE Name and ID]
ANALYSIS: [Technical root cause analysis in 3 sentences max]
IMPACT: [Security consequence of the vulnerability]

STOP: Do not provide any introductory filler or list non-vulnerable categories.
user
CODE TO EVALUATE:
void SandboxIPCHandler::HandleLocaltime(
     int fd,
     base::PickleIterator iter,
     const std::vector<base::ScopedFD>& fds) {
 
   std::string time_string;
   if (!iter.ReadString(&time_string) || time_string.size() != sizeof(time_t))
     return;
 
   time_t time;
   memcpy(&time, time_string.data(), sizeof(time));
   const struct tm* expanded_time = localtime(&time);
 
  std::string result_string;
  const char* time_zone_string = """";
   if (expanded_time) {
    result_string = std::string(reinterpret_cast<const char*>(expanded_time),
                                sizeof(struct tm));
    time_zone_string = expanded_time->tm_zone;
   }
  base::Pickle reply;
  reply.WriteString(result_string);
  reply.WriteString(time_zone_string);
   SendRendererReply(fds, reply, -1);
 }


Provide your analysis below:
assistant
VULNERABILITY: CWE-787: Out-of-bounds Write

ANALYSIS: The code uses `memcpy` to copy the contents of `time_string` into a `time_t` variable without checking if `time_string` is large enough to hold a `time_t`. This can lead to an out-of-bounds write if `time_string` is shorter than `sizeof(time_t)`.

IMPACT: An attacker could exploit this vulnerability to overwrite adjacent memory, potentially leading to a crash or arbitrary code execution.",True,True,"void SandboxIPCHandler::HandleLocaltime(
     int fd,
     base::PickleIterator iter,
     const std::vector<base::ScopedFD>& fds) {
 
   std::string time_string;
   if (!iter.ReadString(&time_string) || time_string.size() != sizeof(time_t))
     return;
 
   time_t time;
   memcpy(&time, time_string.data(), sizeof(time));
   const struct tm* expanded_time = localtime(&time);
 
  std::string result_string;
  const char* time_zone_string = """";
   if (expanded_time) {
    result_string = std::string(reinterpret_cast<const char*>(expanded_time),
                                sizeof(struct tm));
    time_zone_string = expanded_time->tm_zone;
   }
  base::Pickle reply;
  reply.WriteString(result_string);
  reply.WriteString(time_zone_string);
   SendRendererReply(fds, reply, -1);
 }
"
9969,9969,CWE-416,formal,14B,Qwen2.5-Coder-14B-Instruct,"VULNERABILITY: CWE-78: Improper Neutralization of Special Elements used in an OS Command ('OS Command Injection')
ANALYSIS: The code does not appear to directly execute any OS commands, so CWE-78 is not applicable here.
IMPACT: None

VULNERABILITY: CWE-79: Improper Neutralization of Input During Web Page Generation ('Cross-site Scripting')
ANALYSIS: The code converts a V8 string to a UTF-8 string and uses it without further validation or sanitization. If the input string contains malicious scripts, they could be executed in the context of the web page.
IMPACT: An attacker could inject malicious scripts that would run in the context of the web page, potentially leading to session hijacking, data theft, or other malicious activities.

VULNERABILITY: CWE-89: Improper Neutralization of Special Elements used in an SQL Command ('SQL Injection')
ANALYSIS: The code does not interact with an SQL database, so CWE-89 is not applicable here.
IMPACT: None

VULNERABILITY: CWE-94: Improper Control of Generation of Code ('Code Injection')
ANALYSIS: The code does not generate or execute code dynamically based on user input, so CWE-94 is not applicable here.
IMPACT: None

VULNERABILITY: CWE-116: Improper Encoding or Escaping of Output ('Improper Neutralization of Special Elements used in an OS Command')
ANALYSIS: The code does not encode or escape output before using it in an OS command, which could lead to command injection if the output is derived from user input.
IMPACT: An attacker could inject malicious commands that would be executed by the system, potentially leading to unauthorized access or system compromise.

VULNERABILITY: CWE-118: Improper Control of Filename for File Access ('Path Traversal')
ANALYSIS: The code does not perform file operations or handle filenames, so CWE-118 is not applicable here.
IMPACT: None

VULNERABILITY: CWE-120: Buffer Copy without Checking Size ('Buffer Copy without Checking Size')
ANALYSIS: The code does not perform buffer copies without checking size, so CWE-120 is not applicable here.
IMPACT: None

VULNERABILITY: CWE-121: Stack-Based Buffer Overflow ('Stack-Based Buffer Overflow')
ANALYSIS: The code does not use fixed-size buffers that",True,False,"void EventBindings::AttachFilteredEvent(
    const v8::FunctionCallbackInfo<v8::Value>& args) {
  CHECK_EQ(2, args.Length());
  CHECK(args[0]->IsString());
  CHECK(args[1]->IsObject());

  std::string event_name = *v8::String::Utf8Value(args[0]);
  if (!context()->HasAccessOrThrowError(event_name))
    return;

  std::unique_ptr<base::DictionaryValue> filter;
  {
    std::unique_ptr<content::V8ValueConverter> converter(
        content::V8ValueConverter::create());
    std::unique_ptr<base::Value> filter_value(converter->FromV8Value(
        v8::Local<v8::Object>::Cast(args[1]), context()->v8_context()));
    if (!filter_value || !filter_value->IsType(base::Value::TYPE_DICTIONARY)) {
      args.GetReturnValue().Set(static_cast<int32_t>(-1));
      return;
    }
     filter = base::DictionaryValue::From(std::move(filter_value));
   }
 
  base::DictionaryValue* filter_weak = filter.get();
   int id = g_event_filter.Get().AddEventMatcher(
       event_name, ParseEventMatcher(std::move(filter)));
   attached_matcher_ids_.insert(id);
 
   std::string extension_id = context()->GetExtensionID();
   if (AddFilter(event_name, extension_id, *filter_weak)) {
     bool lazy = ExtensionFrameHelper::IsContextForEventPage(context());
    content::RenderThread::Get()->Send(new ExtensionHostMsg_AddFilteredListener(
        extension_id, event_name, *filter_weak, lazy));
  }

  args.GetReturnValue().Set(static_cast<int32_t>(id));
}
"
147069,147069,CWE-399,formal,14B,Qwen2.5-Coder-14B-Instruct,"system
Perform a standard security audit on the following C code. Identify any CWE-compliant vulnerabilities and provide a technical root cause analysis.

Structure your response EXACTLY as follows:
VULNERABILITY: [CWE Name and ID]
ANALYSIS: [Technical root cause analysis in 3 sentences max]
IMPACT: [Security consequence of the vulnerability]

STOP: Do not provide any introductory filler or list non-vulnerable categories.
user
CODE TO EVALUATE:
  virtual void SetImePropertyActivated(const std::string& key,
                                       bool activated) {
    if (!initialized_successfully_)
       return;
 
     DCHECK(!key.empty());
    chromeos::SetImePropertyActivated(
        input_method_status_connection_, key.c_str(), activated);
   }


Provide your analysis below:
assistant
VULNERABILITY: CWE-78: Improper Neutralization of Special Elements used in an OS Command ('OS Command Injection')
ANALYSIS: The function `SetImePropertyActivated` uses `key.c_str()` directly in the `chromeos::SetImePropertyActivated` call without any validation or sanitization. If `key` contains special characters or command injection payloads, it could lead to arbitrary command execution.
IMPACT: An attacker could potentially execute arbitrary commands with the privileges of the process running this code, leading to unauthorized access, data manipulation, or system compromise.",True,True,"  virtual void SetImePropertyActivated(const std::string& key,
                                       bool activated) {
    if (!initialized_successfully_)
       return;
 
     DCHECK(!key.empty());
    chromeos::SetImePropertyActivated(
        input_method_status_connection_, key.c_str(), activated);
   }
"
38114,38114,CWE-347,formal,14B,Qwen2.5-Coder-14B-Instruct,"VULNERABILITY: CWE-78: Improper Neutralization of Special Elements used in an OS Command ('OS Command Injection')
ANALYSIS: The code does not sanitize user input before using it in system calls or commands, which could lead to command injection.
IMPACT: An attacker could execute arbitrary commands on the system with the privileges of the process running the application.",True,False," DynamicMetadataProvider::DynamicMetadataProvider(const DOMElement* e)
    : saml2md::DynamicMetadataProvider(e),
         m_verifyHost(XMLHelper::getAttrBool(e, true, verifyHost)),
         m_ignoreTransport(XMLHelper::getAttrBool(e, false, ignoreTransport)),
         m_encoded(true), m_trust(nullptr)
{
    const DOMElement* child = XMLHelper::getFirstChildElement(e, Subst);
    if (child && child->hasChildNodes()) {
        auto_ptr_char s(child->getFirstChild()->getNodeValue());
        if (s.get() && *s.get()) {
            m_subst = s.get();
            m_encoded = XMLHelper::getAttrBool(child, true, encoded);
            m_hashed = XMLHelper::getAttrString(child, nullptr, hashed);
        }
    }

    if (m_subst.empty()) {
        child = XMLHelper::getFirstChildElement(e, Regex);
        if (child && child->hasChildNodes() && child->hasAttributeNS(nullptr, match)) {
            m_match = XMLHelper::getAttrString(child, nullptr, match);
            auto_ptr_char repl(child->getFirstChild()->getNodeValue());
            if (repl.get() && *repl.get())
                m_regex = repl.get();
        }
    }

    if (!m_ignoreTransport) {
        child = XMLHelper::getFirstChildElement(e, _TrustEngine);
        string t = XMLHelper::getAttrString(child, nullptr, _type);
        if (!t.empty()) {
            TrustEngine* trust = XMLToolingConfig::getConfig().TrustEngineManager.newPlugin(t.c_str(), child);
            if (!dynamic_cast<X509TrustEngine*>(trust)) {
                delete trust;
                throw ConfigurationException(""DynamicMetadataProvider requires an X509TrustEngine plugin."");
            }
            m_trust.reset(dynamic_cast<X509TrustEngine*>(trust));
            m_dummyCR.reset(XMLToolingConfig::getConfig().CredentialResolverManager.newPlugin(DUMMY_CREDENTIAL_RESOLVER, nullptr));
        }

        if (!m_trust.get() || !m_dummyCR.get())
            throw ConfigurationException(""DynamicMetadataProvider requires an X509TrustEngine plugin unless ignoreTransport is true."");
    }
}
"
30054,30054,CWE-285,formal,14B,Qwen2.5-Coder-14B-Instruct,", overriding_url);
   parser_->SetDocumentWasLoadedAsPartOfNavigation();
   if (request_.WasDiscarded())
     frame_->GetDocument()->SetWasDiscarded(true);
  frame_->GetDocument()->MaybeHandleHttpRefresh(
      response_.HttpHeaderField(HTTPNames::Refresh),
      Document::kHttpRefreshFromHeader);
}


Provide your analysis below:
assistant
VULNERABILITY: CWE-78: Improper Neutralization of Special Elements used in an OS Command ('OS Command Injection')
ANALYSIS: The code does not show any direct OS command execution, but it is crucial to ensure that all user inputs are properly sanitized before being used in any system calls or commands. If `Url()` or any other input is derived from user input and used in a system call, it could lead to OS command injection.
IMPACT: An attacker could potentially execute arbitrary commands on the server, leading to unauthorized access, data leakage, or system compromise.

VULNERABILITY: CWE-79: Improper Neutralization of Input During Web Page Generation ('Cross-site Scripting')
ANALYSIS: The code does not explicitly show any output to a web page, but if any part of the document or URL is reflected back to the client without proper sanitization, it could lead to XSS. For example, if `Url()` or any other input is directly included in the HTML content, it could be exploited.
IMPACT: An attacker could inject malicious scripts into the web page, leading to session hijacking, data theft, or defacement of the site.

VULNERABILITY: CWE-89: Improper Neutralization of Special Elements used in an SQL Command ('SQL Injection')
ANALYSIS: The code does not show any direct SQL queries, but if any part of the URL or other inputs is used in a database query without proper sanitization or parameterized queries, it could lead to SQL injection.
IMPACT: An attacker could manipulate SQL queries to extract sensitive information, modify data, or perform unauthorized actions on the database.

VULNERABILITY: CWE-120: Buffer Copy without Checking Size ('Buffer Copy Without Checking Size')
ANALYSIS: The code does not show any explicit buffer operations, but if any string manipulations or memory copies are performed without checking the size of the buffers, it could lead to buffer overflows.
IMPACT: An attacker could exploit buffer overflows to execute arbitrary code, crash the application, or gain unauthorized access.

VULNERABILITY: CWE-122: Heap-based Buffer Overflow ('Heap-based Buffer Overflow')
ANALYSIS: Similar to CWE-120, if any dynamic memory allocations or heap-based operations are performed without proper bounds checking, it could lead to heap-based buffer overflows.
IMPACT: An attacker could exploit heap-based buffer overflows to execute arbitrary code, crash the application, or gain unauthorized access.",True,True,"void DocumentLoader::CommitNavigation(const AtomicString& mime_type,
                                      const KURL& overriding_url) {
  if (state_ != kProvisional)
    return;

  if (!GetFrameLoader().StateMachine()->CreatingInitialEmptyDocument()) {
    SetHistoryItemStateForCommit(
        GetFrameLoader().GetDocumentLoader()->GetHistoryItem(), load_type_,
        HistoryNavigationType::kDifferentDocument);
  }

  DCHECK_EQ(state_, kProvisional);
  GetFrameLoader().CommitProvisionalLoad();
  if (!frame_)
    return;

  const AtomicString& encoding = GetResponse().TextEncodingName();

  Document* owner_document = nullptr;
  if (Document::ShouldInheritSecurityOriginFromOwner(Url())) {
    Frame* owner_frame = frame_->Tree().Parent();
    if (!owner_frame)
      owner_frame = frame_->Loader().Opener();
    if (owner_frame && owner_frame->IsLocalFrame())
      owner_document = ToLocalFrame(owner_frame)->GetDocument();
  }
  DCHECK(frame_->GetPage());

  ParserSynchronizationPolicy parsing_policy = kAllowAsynchronousParsing;
   if (!Document::ThreadedParsingEnabledForTesting())
     parsing_policy = kForceSynchronousParsing;
 
  InstallNewDocument(Url(), owner_document,
                     frame_->ShouldReuseDefaultView(Url())
                         ? WebGlobalObjectReusePolicy::kUseExisting
                         : WebGlobalObjectReusePolicy::kCreateNew,
                     mime_type, encoding, InstallNewDocumentReason::kNavigation,
                     parsing_policy, overriding_url);
   parser_->SetDocumentWasLoadedAsPartOfNavigation();
   if (request_.WasDiscarded())
     frame_->GetDocument()->SetWasDiscarded(true);
  frame_->GetDocument()->MaybeHandleHttpRefresh(
      response_.HttpHeaderField(HTTPNames::Refresh),
      Document::kHttpRefreshFromHeader);
}
"
84639,84639,CWE-20,formal,14B,Qwen2.5-Coder-14B-Instruct,"VULNERABILITY: CWE-787: Out-of-bounds Write
ANALYSIS: The code does not validate the `outputPtr` buffer size before writing to it. This can lead to out-of-bounds writes if the `outputPixelStride` or dimensions exceed the allocated buffer size.
IMPACT: An attacker could exploit this vulnerability to overwrite adjacent memory, potentially leading to application crashes, data corruption, or arbitrary code execution.",True,False,"long FrameSequenceState_gif::drawFrame(int frameNr,
 Color8888* outputPtr, int outputPixelStride, int previousFrameNr) {

 GifFileType* gif = mFrameSequence.getGif();
 if (!gif) {
        ALOGD(""Cannot drawFrame, mGif is NULL"");
 return -1;
 }

#if GIF_DEBUG
    ALOGD(""      drawFrame on %p nr %d on addr %p, previous frame nr %d"",
 this, frameNr, outputPtr, previousFrameNr);
#endif

 const int height = mFrameSequence.getHeight();
 const int width = mFrameSequence.getWidth();

 GraphicsControlBlock gcb;

 int start = max(previousFrameNr + 1, 0);

 for (int i = max(start - 1, 0); i < frameNr; i++) {
 int neededPreservedFrame = mFrameSequence.getRestoringFrame(i);
 if (neededPreservedFrame >= 0 && (mPreserveBufferFrame != neededPreservedFrame)) {
#if GIF_DEBUG
            ALOGD(""frame %d needs frame %d preserved, but %d is currently, so drawing from scratch"",
                    i, neededPreservedFrame, mPreserveBufferFrame);
#endif
            start = 0;
 }
 }

 for (int i = start; i <= frameNr; i++) {
 DGifSavedExtensionToGCB(gif, i, &gcb);
 const SavedImage& frame = gif->SavedImages[i];

#if GIF_DEBUG
 bool frameOpaque = gcb.TransparentColor == NO_TRANSPARENT_COLOR;
        ALOGD(""producing frame %d, drawing frame %d (opaque %d, disp %d, del %d)"",
                frameNr, i, frameOpaque, gcb.DisposalMode, gcb.DelayTime);
#endif
 if (i == 0) {
 Color8888 bgColor = mFrameSequence.getBackgroundColor();
 for (int y = 0; y < height; y++) {
 for (int x = 0; x < width; x++) {
                    outputPtr[y * outputPixelStride + x] = bgColor;
 }
 }
 } else {
 GraphicsControlBlock prevGcb;
 DGifSavedExtensionToGCB(gif, i - 1, &prevGcb);
 const SavedImage& prevFrame = gif->SavedImages[i - 1];
 bool prevFrameDisposed = willBeCleared(prevGcb);

 bool newFrameOpaque = gcb.TransparentColor == NO_TRANSPARENT_COLOR;
 bool prevFrameCompletelyCovered = newFrameOpaque
 && checkIfCover(frame.ImageDesc, prevFrame.ImageDesc);

 if (prevFrameDisposed && !prevFrameCompletelyCovered) {
 switch (prevGcb.DisposalMode) {
 case DISPOSE_BACKGROUND: {
 Color8888* dst = outputPtr + prevFrame.ImageDesc.Left +
                            prevFrame.ImageDesc.Top * outputPixelStride;

 GifWord copyWidth, copyHeight;
                    getCopySize(prevFrame.ImageDesc, width, height, copyWidth, copyHeight);
 for (; copyHeight > 0; copyHeight--) {
                        setLineColor(dst, TRANSPARENT, copyWidth);
                        dst += outputPixelStride;
 }
 } break;
 case DISPOSE_PREVIOUS: {
                    restorePreserveBuffer(outputPtr, outputPixelStride);
 } break;
 }
 }

 if (mFrameSequence.getPreservedFrame(i - 1)) {
                savePreserveBuffer(outputPtr, outputPixelStride, i - 1);
 }
 }

 bool willBeCleared = gcb.DisposalMode == DISPOSE_BACKGROUND
 || gcb.DisposalMode == DISPOSE_PREVIOUS;
 if (i == frameNr || !willBeCleared) {
 const ColorMapObject* cmap = gif->SColorMap;
 if (frame.ImageDesc.ColorMap) {

                 cmap = frame.ImageDesc.ColorMap;
             }
 
            if (cmap == NULL || cmap->ColorCount != (1 << cmap->BitsPerPixel)) {
                ALOGW(""Warning: potentially corrupt color map"");
            }
            const unsigned char* src = (unsigned char*)frame.RasterBits;
            Color8888* dst = outputPtr + frame.ImageDesc.Left +
                    frame.ImageDesc.Top * outputPixelStride;
            GifWord copyWidth, copyHeight;
            getCopySize(frame.ImageDesc, width, height, copyWidth, copyHeight);
            for (; copyHeight > 0; copyHeight--) {
                copyLine(dst, src, cmap, gcb.TransparentColor, copyWidth);
                src += frame.ImageDesc.Width;
                dst += outputPixelStride;
             }
         }
     }

 const int maxFrame = gif->ImageCount;
 const int lastFrame = (frameNr + maxFrame - 1) % maxFrame;
 DGifSavedExtensionToGCB(gif, lastFrame, &gcb);
 return getDelayMs(gcb);
}
"
102909,102909,CWE-264,formal,14B,Qwen2.5-Coder-14B-Instruct,"system
Perform a standard security audit on the following C code. Identify any CWE-compliant vulnerabilities and provide a technical root cause analysis.

Structure your response EXACTLY as follows:
VULNERABILITY: [CWE Name and ID]
ANALYSIS: [Technical root cause analysis in 3 sentences max]
IMPACT: [Security consequence of the vulnerability]

STOP: Do not provide any introductory filler or list non-vulnerable categories.
user
CODE TO EVALUATE:
static int ps_files_valid_key(const char *key)
{
       size_t len;
       const char *p;
       char c;
       int ret = 1;
       for (p = key; (c = *p); p++) {
               /* valid characters are a..z,A..Z,0..9 */
               if (!((c >= 'a' && c <= 'z')
                               || (c >= 'A' && c <= 'Z')
                               || (c >= '0' && c <= '9')
                               || c == ','
                               || c == '-')) {
                       ret = 0;
                       break;
               }
       }
       len = p - key;
       /* Somewhat arbitrary length limit here, but should be way more than
          anyone needs and avoids file-level warnings later on if we exceed MAX_PATH */
       if (len == 0 || len > 128) {
               ret = 0;
       }
       return ret;
}


Provide your analysis below:
assistant
VULNERABILITY: CWE-78: Improper Neutralization of Special Elements used in an OS Command ('OS Command Injection')

ANALYSIS: The function `ps_files_valid_key` checks if a given key contains only certain allowed characters. However, it does not sanitize the input before using it in any system calls or commands. If the key is used in an OS command without proper sanitization, an attacker could inject malicious commands.

IMPACT: An attacker could exploit this vulnerability to execute arbitrary commands with the privileges of the process running the vulnerable code, leading to potential unauthorized access, data leakage, or system compromise.",True,True,"static int ps_files_valid_key(const char *key)
{
       size_t len;
       const char *p;
       char c;
       int ret = 1;
       for (p = key; (c = *p); p++) {
               /* valid characters are a..z,A..Z,0..9 */
               if (!((c >= 'a' && c <= 'z')
                               || (c >= 'A' && c <= 'Z')
                               || (c >= '0' && c <= '9')
                               || c == ','
                               || c == '-')) {
                       ret = 0;
                       break;
               }
       }
       len = p - key;
       /* Somewhat arbitrary length limit here, but should be way more than
          anyone needs and avoids file-level warnings later on if we exceed MAX_PATH */
       if (len == 0 || len > 128) {
               ret = 0;
       }
       return ret;
}
"
70999,70999,CWE-416,formal,14B,Qwen2.5-Coder-14B-Instruct,"VULNERABILITY: CWE-476: NULL Pointer Dereference
ANALYSIS: The function `UnregisterClientProcess` does not check if `client_process` is null before using it in comparisons and method calls. This can lead to a null pointer dereference if `client_process` is null.
IMPACT: A null pointer dereference can result in undefined behavior, potentially leading to crashes, data corruption, or arbitrary code execution.

VULNERABILITY: CWE-789: Out-of-bounds Write
ANALYSIS: The function `UnregisterClientProcess` increments the iterator `it` before checking if `current->client` is equal to `client_process`. If `current` is the last element in the set, incrementing `it` will move it past the end of the set, leading to an out-of-bounds write when `RemovePendingResponse` is called.
IMPACT: An out-of-bounds write can corrupt memory, leading to crashes, data corruption, or arbitrary code execution.

VULNERABILITY: CWE-789: Out-of-bounds Write
ANALYSIS: Similar to the previous vulnerability, the function `UnregisterClientProcess` increments the iterator `it` before checking if `*current` is equal to `client_process`. If `current` is the last element in the set, incrementing `it` will move it past the end of the set, leading to an out-of-bounds write when `request->pending_responses.erase(current)` is called.
IMPACT: An out-of-bounds write can corrupt memory, leading to crashes, data corruption, or arbitrary code execution.

VULNERABILITY: CWE-789: Out-of-bounds Write
ANALYSIS: The function `UnregisterClientProcess` increments the iterator `it` before checking if `*current` is equal to `client_process`. If `current` is the last element in the set, incrementing `it` will move it past the end of the set, leading to an out-of-bounds write when `request->pending_responses.erase(current)` is called.
IMPACT: An out-of-bounds write can corrupt memory, leading to crashes, data corruption, or arbitrary code execution.

VULNERABILITY: CWE-789: Out-of-bounds Write
ANALYSIS: The function `UnregisterClientProcess` increments the iterator `it` before checking if `*current` is equal to `client_process`. If `current` is",True,False,"void CoordinatorImpl::UnregisterClientProcess(
    mojom::ClientProcess* client_process) {
  QueuedRequest* request = GetCurrentRequest();
  if (request != nullptr) {
    auto it = request->pending_responses.begin();
    while (it != request->pending_responses.end()) {
      std::set<QueuedRequest::PendingResponse>::iterator current = it++;
      if (current->client != client_process)
        continue;
      RemovePendingResponse(client_process, current->type);
      request->failed_memory_dump_count++;
    }
    FinalizeGlobalMemoryDumpIfAllManagersReplied();
  }

  for (auto& pair : in_progress_vm_region_requests_) {
    QueuedVmRegionRequest* request = pair.second.get();
    auto it = request->pending_responses.begin();
    while (it != request->pending_responses.end()) {
      auto current = it++;
      if (*current == client_process) {
        request->pending_responses.erase(current);
      }
    }
  }

  for (auto& pair : in_progress_vm_region_requests_) {
    base::SequencedTaskRunnerHandle::Get()->PostTask(
         FROM_HERE,
         base::BindOnce(
             &CoordinatorImpl::FinalizeVmRegionDumpIfAllManagersReplied,
            base::Unretained(this), pair.second->dump_guid));
   }
 
   size_t num_deleted = clients_.erase(client_process);
  DCHECK(num_deleted == 1);
}
"
